Condition_Pair,Band,Subject,Channel,Feature_Type,Feature,Source_Column,BF,AF,Change,Change_Percent,Direction
BF_vs_AF,Gamma,1,AF7,EN,Entropy,RAW_AF7_EN,5.402825132003376,5.405201674269435,0.0023765422660586566,0.04398702915593774,Increase
BF_vs_AF,Gamma,1,AF7,BP,Gamma Band Power,RAW_AF7_BP_Gamma,734791.7592767887,743392.752885208,8600.993608419318,1.1705348487964478,Increase
BF_vs_AF,Gamma,1,AF7,RP,Gamma Relative Power,RAW_AF7_RP_Gamma,0.3947035965499967,0.3815452889189569,-0.013158307631039812,-3.333718705898101,Decrease
BF_vs_AF,Gamma,1,AF7,HJ,Hjorth Activity,RAW_AF7_HJ_Activity,1877928.498986556,1972198.1872532272,94269.68826667126,5.019876332754144,Increase
BF_vs_AF,Gamma,1,AF7,HJ,Hjorth Complexity,RAW_AF7_HJ_Complexity,1.3139016413615554,1.3277981499701954,0.013896508608640001,1.0576521233537302,Increase
BF_vs_AF,Gamma,1,AF7,HJ,Hjorth Mobility,RAW_AF7_HJ_Mobility,0.6711509769711477,0.662233898285839,-0.008917078685308666,-1.3286248536135268,Decrease
BF_vs_AF,Gamma,1,AF8,EN,Entropy,RAW_AF8_EN,5.408981396228745,5.401801294159147,-0.007180102069598071,-0.13274407034574362,Decrease
BF_vs_AF,Gamma,1,AF8,BP,Gamma Band Power,RAW_AF8_BP_Gamma,699577.2824446342,713892.549150995,14315.266706360737,2.0462738092833472,Increase
BF_vs_AF,Gamma,1,AF8,RP,Gamma Relative Power,RAW_AF8_RP_Gamma,0.3850363082378922,0.402344008380005,0.017307700142112803,4.495082612162215,Increase
BF_vs_AF,Gamma,1,AF8,HJ,Hjorth Activity,RAW_AF8_HJ_Activity,1793028.1877018,1790254.0254517633,-2774.1622500366066,-0.15471938863339163,Decrease
BF_vs_AF,Gamma,1,AF8,HJ,Hjorth Complexity,RAW_AF8_HJ_Complexity,1.3226756299809153,1.311768029558697,-0.010907600422218167,-0.824661782146508,Decrease
BF_vs_AF,Gamma,1,AF8,HJ,Hjorth Mobility,RAW_AF8_HJ_Mobility,0.6659409247012404,0.6722464126404071,0.006305487939166632,0.946853948343158,Increase
BF_vs_AF,Gamma,1,TP10,EN,Entropy,RAW_TP10_EN,5.417307614662321,5.414887504374313,-0.002420110288007926,-0.044673672978394814,Decrease
BF_vs_AF,Gamma,1,TP10,BP,Gamma Band Power,RAW_TP10_BP_Gamma,714362.9667484908,755971.4837819973,41608.517033506534,5.8245624381807914,Increase
BF_vs_AF,Gamma,1,TP10,RP,Gamma Relative Power,RAW_TP10_RP_Gamma,0.3839098551065271,0.3873487505477707,0.0034388954412435946,0.895755968621689,Increase
BF_vs_AF,Gamma,1,TP10,HJ,Hjorth Activity,RAW_TP10_HJ_Activity,1878640.772773216,1944952.1537182608,66311.3809450448,3.5297531016085166,Increase
BF_vs_AF,Gamma,1,TP10,HJ,Hjorth Complexity,RAW_TP10_HJ_Complexity,1.3247888919826871,1.324804040179408,1.5148196720771168e-05,0.00114344231088021,Increase
BF_vs_AF,Gamma,1,TP10,HJ,Hjorth Mobility,RAW_TP10_HJ_Mobility,0.6627468245006571,0.6670050644532972,0.004258239952640075,0.6425138220539075,Increase
BF_vs_AF,Gamma,1,TP9,EN,Entropy,RAW_TP9_EN,5.410009140296133,5.40877929764175,-0.001229842654382196,-0.02273272784738543,Decrease
BF_vs_AF,Gamma,1,TP9,BP,Gamma Band Power,RAW_TP9_BP_Gamma,727289.6030045325,762716.2363271274,35426.63332259492,4.871049053395328,Increase
BF_vs_AF,Gamma,1,TP9,RP,Gamma Relative Power,RAW_TP9_RP_Gamma,0.3945898400127308,0.3830860879817346,-0.011503752030996184,-2.915369546926255,Decrease
BF_vs_AF,Gamma,1,TP9,HJ,Hjorth Activity,RAW_TP9_HJ_Activity,1917621.8123279165,2064939.8705613613,147318.0582334448,7.682331171160728,Increase
BF_vs_AF,Gamma,1,TP9,HJ,Hjorth Complexity,RAW_TP9_HJ_Complexity,1.3148771780587736,1.3294276108307368,0.014550432771963218,1.1066001459881472,Increase
BF_vs_AF,Gamma,1,TP9,HJ,Hjorth Mobility,RAW_TP9_HJ_Mobility,0.6707327937504237,0.660311216975648,-0.010421576774775732,-1.553759838773225,Decrease
BF_vs_AF,Gamma,2,AF7,EN,Entropy,RAW_AF7_EN,5.406896216260327,5.401133097281749,-0.0057631189785780634,-0.10658830404856777,Decrease
BF_vs_AF,Gamma,2,AF7,BP,Gamma Band Power,RAW_AF7_BP_Gamma,669798.623127745,691067.5816606221,21268.95853287715,3.1754258367325283,Increase
BF_vs_AF,Gamma,2,AF7,RP,Gamma Relative Power,RAW_AF7_RP_Gamma,0.4141332903482816,0.416253532343348,0.0021202419950663853,0.5119709147949166,Increase
BF_vs_AF,Gamma,2,AF7,HJ,Hjorth Activity,RAW_AF7_HJ_Activity,1684541.9531380087,1671963.5844207825,-12578.3687172262,-0.7466937047067831,Decrease
BF_vs_AF,Gamma,2,AF7,HJ,Hjorth Complexity,RAW_AF7_HJ_Complexity,1.3004500274496795,1.2958957377410478,-0.004554289708631698,-0.35020874408862473,Decrease
BF_vs_AF,Gamma,2,AF7,HJ,Hjorth Mobility,RAW_AF7_HJ_Mobility,0.6759978367910863,0.681814092787419,0.005816255996332731,0.8603956521432206,Increase
BF_vs_AF,Gamma,2,AF8,EN,Entropy,RAW_AF8_EN,5.39428976034464,5.40730166840247,0.01301190805782948,0.2412163349748967,Increase
BF_vs_AF,Gamma,2,AF8,BP,Gamma Band Power,RAW_AF8_BP_Gamma,657815.2872149716,676460.1719957604,18644.884780788794,2.834364774301105,Increase
BF_vs_AF,Gamma,2,AF8,RP,Gamma Relative Power,RAW_AF8_RP_Gamma,0.4035144079178836,0.4039073774158948,0.0003929694980111531,0.0973867327411822,Increase
BF_vs_AF,Gamma,2,AF8,HJ,Hjorth Activity,RAW_AF8_HJ_Activity,1719046.623233544,1731788.9407038,12742.317470256006,0.7412432739193298,Increase
BF_vs_AF,Gamma,2,AF8,HJ,Hjorth Complexity,RAW_AF8_HJ_Complexity,1.3017011538754977,1.3063749137067249,0.004673759831227198,0.3590501412180682,Increase
BF_vs_AF,Gamma,2,AF8,HJ,Hjorth Mobility,RAW_AF8_HJ_Mobility,0.6786471454900103,0.6749916004217427,-0.003655545068267596,-0.5386518005064542,Decrease
BF_vs_AF,Gamma,2,TP10,EN,Entropy,RAW_TP10_EN,5.402429921684916,5.408153099919273,0.00572317823435764,0.10593711195373895,Increase
BF_vs_AF,Gamma,2,TP10,BP,Gamma Band Power,RAW_TP10_BP_Gamma,734270.0767340062,645814.0405059799,-88456.03622802626,-12.046798450710936,Decrease
BF_vs_AF,Gamma,2,TP10,RP,Gamma Relative Power,RAW_TP10_RP_Gamma,0.4035094667184313,0.3859041575221454,-0.01760530919628589,-4.3630473751860865,Decrease
BF_vs_AF,Gamma,2,TP10,HJ,Hjorth Activity,RAW_TP10_HJ_Activity,1915812.2789246272,1739002.990864179,-176809.28806044813,-9.228946385065123,Decrease
BF_vs_AF,Gamma,2,TP10,HJ,Hjorth Complexity,RAW_TP10_HJ_Complexity,1.3124326820061245,1.3202405526871723,0.007807870681047824,0.5949158983996856,Increase
BF_vs_AF,Gamma,2,TP10,HJ,Hjorth Mobility,RAW_TP10_HJ_Mobility,0.6744919317622526,0.6685618009039898,-0.005930130858262883,-0.8791996729700182,Decrease
BF_vs_AF,Gamma,2,TP9,EN,Entropy,RAW_TP9_EN,5.41915451248653,5.405564533292939,-0.013589979193591617,-0.25077674316682247,Decrease
BF_vs_AF,Gamma,2,TP9,BP,Gamma Band Power,RAW_TP9_BP_Gamma,645116.943647465,647792.913125887,2675.9694784220774,0.4148037816666626,Increase
BF_vs_AF,Gamma,2,TP9,RP,Gamma Relative Power,RAW_TP9_RP_Gamma,0.3960434765248458,0.3942076924066456,-0.0018357841182001788,-0.46353095733544064,Decrease
BF_vs_AF,Gamma,2,TP9,HJ,Hjorth Activity,RAW_TP9_HJ_Activity,1669724.5463530892,1632539.470265876,-37185.07608721312,-2.227018592284009,Decrease
BF_vs_AF,Gamma,2,TP9,HJ,Hjorth Complexity,RAW_TP9_HJ_Complexity,1.3183854079597717,1.3139382616334836,-0.004447146326288065,-0.33731762346870287,Decrease
BF_vs_AF,Gamma,2,TP9,HJ,Hjorth Mobility,RAW_TP9_HJ_Mobility,0.6678253846866344,0.6693150986673937,0.0014897139807592552,0.2230693853391449,Increase
BF_vs_AF,Gamma,9,AF7,EN,Entropy,RAW_AF7_EN,5.413944405994572,5.394038459120504,-0.01990594687406766,-0.3676791888004403,Decrease
BF_vs_AF,Gamma,9,AF7,BP,Gamma Band Power,RAW_AF7_BP_Gamma,772020.3350416165,812709.2863321663,40688.95129054983,5.270450717901939,Increase
BF_vs_AF,Gamma,9,AF7,RP,Gamma Relative Power,RAW_AF7_RP_Gamma,0.4025191070732508,0.3890256580970682,-0.013493448976182598,-3.352250548873211,Decrease
BF_vs_AF,Gamma,9,AF7,HJ,Hjorth Activity,RAW_AF7_HJ_Activity,1943464.212952936,2133898.408393494,190434.19544055779,9.798698333179415,Increase
BF_vs_AF,Gamma,9,AF7,HJ,Hjorth Complexity,RAW_AF7_HJ_Complexity,1.3118449987132106,1.3153866743778055,0.0035416756645949565,0.2699766868851875,Increase
BF_vs_AF,Gamma,9,AF7,HJ,Hjorth Mobility,RAW_AF7_HJ_Mobility,0.6691918055230357,0.666586864418383,-0.0026049411046527027,-0.38926673685382307,Decrease
BF_vs_AF,Gamma,9,AF8,EN,Entropy,RAW_AF8_EN,5.398836662268932,5.399309463206713,0.0004728009377803488,0.008757459566884692,Increase
BF_vs_AF,Gamma,9,AF8,BP,Gamma Band Power,RAW_AF8_BP_Gamma,813991.4481971712,839582.8160802352,25591.36788306397,3.143935718212242,Increase
BF_vs_AF,Gamma,9,AF8,RP,Gamma Relative Power,RAW_AF8_RP_Gamma,0.3950723669232259,0.3831002447074971,-0.011972122215728798,-3.0303618319261827,Decrease
BF_vs_AF,Gamma,9,AF8,HJ,Hjorth Activity,RAW_AF8_HJ_Activity,2070466.0581160544,2261133.94772366,190667.88960760576,9.208935778502793,Increase
BF_vs_AF,Gamma,9,AF8,HJ,Hjorth Complexity,RAW_AF8_HJ_Complexity,1.315904970225254,1.3356324134031496,0.019727443177895543,1.4991540897150526,Increase
BF_vs_AF,Gamma,9,AF8,HJ,Hjorth Mobility,RAW_AF8_HJ_Mobility,0.6662021633606702,0.6631348678155277,-0.003067295545142512,-0.4604151282952127,Decrease
BF_vs_AF,Gamma,9,TP10,EN,Entropy,RAW_TP10_EN,5.413848573883188,5.41613367015108,0.002285096267891973,0.04220835209384039,Increase
BF_vs_AF,Gamma,9,TP10,BP,Gamma Band Power,RAW_TP10_BP_Gamma,808793.9067176958,639483.5617406482,-169310.34497704753,-20.933682062981244,Decrease
BF_vs_AF,Gamma,9,TP10,RP,Gamma Relative Power,RAW_TP10_RP_Gamma,0.3855208658590608,0.4050710893932183,0.019550223534157474,5.071119429708033,Increase
BF_vs_AF,Gamma,9,TP10,HJ,Hjorth Activity,RAW_TP10_HJ_Activity,2132641.1647998164,1652590.4515444138,-480050.71325540263,-22.509680539738774,Decrease
BF_vs_AF,Gamma,9,TP10,HJ,Hjorth Complexity,RAW_TP10_HJ_Complexity,1.3262805099062345,1.3150495022936002,-0.011231007612634292,-0.8468048447329066,Decrease
BF_vs_AF,Gamma,9,TP10,HJ,Hjorth Mobility,RAW_TP10_HJ_Mobility,0.6649893976425686,0.6719484682709391,0.006959070628370534,1.0464934708795206,Increase
BF_vs_AF,Gamma,9,TP9,EN,Entropy,RAW_TP9_EN,5.409572383393136,5.409645034474264,7.265108112797236e-05,0.001343009686884016,Increase
BF_vs_AF,Gamma,9,TP9,BP,Gamma Band Power,RAW_TP9_BP_Gamma,853713.7549180597,751115.7478571126,-102598.00706094713,-12.017846317914206,Decrease
BF_vs_AF,Gamma,9,TP9,RP,Gamma Relative Power,RAW_TP9_RP_Gamma,0.3949865415458153,0.3792682634854968,-0.015718278060318502,-3.97944648919014,Decrease
BF_vs_AF,Gamma,9,TP9,HJ,Hjorth Activity,RAW_TP9_HJ_Activity,2216416.4470442897,2039514.8196418688,-176901.62740242085,-7.981425496022133,Decrease
BF_vs_AF,Gamma,9,TP9,HJ,Hjorth Complexity,RAW_TP9_HJ_Complexity,1.3181230631669223,1.3348618302151507,0.01673876704822841,1.269894102908104,Increase
BF_vs_AF,Gamma,9,TP9,HJ,Hjorth Mobility,RAW_TP9_HJ_Mobility,0.6678289735406572,0.655530237323422,-0.012298736217235207,-1.8415996766403344,Decrease
BF_vs_AF,Gamma,14,AF7,EN,Entropy,RAW_AF7_EN,5.413929056962397,5.407157876232947,-0.006771180729449711,-0.12506962426376583,Decrease
BF_vs_AF,Gamma,14,AF7,BP,Gamma Band Power,RAW_AF7_BP_Gamma,650884.0323510701,728252.6194505093,77368.58709943923,11.886693059587703,Increase
BF_vs_AF,Gamma,14,AF7,RP,Gamma Relative Power,RAW_AF7_RP_Gamma,0.3828731847039615,0.3919542853024268,0.009081100598465341,2.37182988030015,Increase
BF_vs_AF,Gamma,14,AF7,HJ,Hjorth Activity,RAW_AF7_HJ_Activity,1734168.62809873,1850252.2199659536,116083.59186722361,6.693904501922216,Increase
BF_vs_AF,Gamma,14,AF7,HJ,Hjorth Complexity,RAW_AF7_HJ_Complexity,1.3171810640242487,1.313888884892925,-0.003292179131323625,-0.24994127392519344,Decrease
BF_vs_AF,Gamma,14,AF7,HJ,Hjorth Mobility,RAW_AF7_HJ_Mobility,0.6673279365850924,0.6701935173348073,0.00286558074971488,0.42941117741584073,Increase
BF_vs_AF,Gamma,14,AF8,EN,Entropy,RAW_AF8_EN,5.411767751378347,5.396327353663552,-0.015440397714795218,-0.2853115363434182,Decrease
BF_vs_AF,Gamma,14,AF8,BP,Gamma Band Power,RAW_AF8_BP_Gamma,682875.8245234743,688696.6934360513,5820.868912576931,0.8524051816651821,Increase
BF_vs_AF,Gamma,14,AF8,RP,Gamma Relative Power,RAW_AF8_RP_Gamma,0.4011334685819618,0.3967550219844135,-0.0043784465975483244,-1.0915186441626212,Decrease
BF_vs_AF,Gamma,14,AF8,HJ,Hjorth Activity,RAW_AF8_HJ_Activity,1698023.550913037,1709868.364877648,11844.81396461092,0.6975647633533643,Increase
BF_vs_AF,Gamma,14,AF8,HJ,Hjorth Complexity,RAW_AF8_HJ_Complexity,1.312644254657395,1.3078587325786624,-0.004785522078732729,-0.36457113660104107,Decrease
BF_vs_AF,Gamma,14,AF8,HJ,Hjorth Mobility,RAW_AF8_HJ_Mobility,0.6749070065070533,0.6724896450149924,-0.0024173614920608433,-0.3581769738281092,Decrease
BF_vs_AF,Gamma,14,TP10,EN,Entropy,RAW_TP10_EN,5.414278481098913,5.420900275622586,0.0066217945236726194,0.12230243691360003,Increase
BF_vs_AF,Gamma,14,TP10,BP,Gamma Band Power,RAW_TP10_BP_Gamma,678663.411124988,644476.909634647,-34186.501490341034,-5.037327919840514,Decrease
BF_vs_AF,Gamma,14,TP10,RP,Gamma Relative Power,RAW_TP10_RP_Gamma,0.3848404814621819,0.3904428431479048,0.0056023616857228675,1.4557620509248348,Increase
BF_vs_AF,Gamma,14,TP10,HJ,Hjorth Activity,RAW_TP10_HJ_Activity,1787065.4180087892,1647494.9280586191,-139570.48995017004,-7.810038096181413,Decrease
BF_vs_AF,Gamma,14,TP10,HJ,Hjorth Complexity,RAW_TP10_HJ_Complexity,1.3357114799441572,1.3264806938122398,-0.009230786131917412,-0.6910763492354898,Decrease
BF_vs_AF,Gamma,14,TP10,HJ,Hjorth Mobility,RAW_TP10_HJ_Mobility,0.6623221437451652,0.6649466518259892,0.0026245080808240395,0.3962585436119503,Increase
BF_vs_AF,Gamma,14,TP9,EN,Entropy,RAW_TP9_EN,5.411111927637603,5.415461705870888,0.004349778233284418,0.08038603324887156,Increase
BF_vs_AF,Gamma,14,TP9,BP,Gamma Band Power,RAW_TP9_BP_Gamma,675594.3823563585,658237.5007910326,-17356.881565325893,-2.569127573972424,Decrease
BF_vs_AF,Gamma,14,TP9,RP,Gamma Relative Power,RAW_TP9_RP_Gamma,0.3876062258424428,0.38808311028656,0.0004768844441171982,0.12303322607388817,Increase
BF_vs_AF,Gamma,14,TP9,HJ,Hjorth Activity,RAW_TP9_HJ_Activity,1839293.847532605,1712740.5992803234,-126553.24825228169,-6.8805345280772645,Decrease
BF_vs_AF,Gamma,14,TP9,HJ,Hjorth Complexity,RAW_TP9_HJ_Complexity,1.33126976007373,1.3311818317198911,-8.7928353838862e-05,-0.006604848729831604,Decrease
BF_vs_AF,Gamma,14,TP9,HJ,Hjorth Mobility,RAW_TP9_HJ_Mobility,0.6606715267826659,0.6678277032618816,0.007156176479215626,1.0831670791179284,Increase
BF_vs_AF,Gamma,16,AF7,EN,Entropy,RAW_AF7_EN,5.412749893534896,5.4128863156029245,0.00013642206802888523,0.0025203837367736254,Increase
BF_vs_AF,Gamma,16,AF7,BP,Gamma Band Power,RAW_AF7_BP_Gamma,953629.7815990814,950971.8217346388,-2657.959864442586,-0.2787203079989408,Decrease
BF_vs_AF,Gamma,16,AF7,RP,Gamma Relative Power,RAW_AF7_RP_Gamma,0.3880751242905395,0.3929979463208839,0.0049228220303444425,1.2685229539883836,Increase
BF_vs_AF,Gamma,16,AF7,HJ,Hjorth Activity,RAW_AF7_HJ_Activity,2532504.054883742,2437649.706465341,-94854.34841840062,-3.7454766651007416,Decrease
BF_vs_AF,Gamma,16,AF7,HJ,Hjorth Complexity,RAW_AF7_HJ_Complexity,1.3249046367576225,1.32311071192716,-0.0017939248304625899,-0.1354002983077166,Decrease
BF_vs_AF,Gamma,16,AF7,HJ,Hjorth Mobility,RAW_AF7_HJ_Mobility,0.6611586890773921,0.6695057130657237,0.008347023988331648,1.2624842002726195,Increase
BF_vs_AF,Gamma,16,AF8,EN,Entropy,RAW_AF8_EN,5.405932200065454,5.418323816047479,0.012391615982025428,0.22922255632202326,Increase
BF_vs_AF,Gamma,16,AF8,BP,Gamma Band Power,RAW_AF8_BP_Gamma,714465.6031035308,614803.0741848836,-99662.52891864721,-13.949241011145702,Decrease
BF_vs_AF,Gamma,16,AF8,RP,Gamma Relative Power,RAW_AF8_RP_Gamma,0.3968805684035021,0.3738216944981494,-0.023058873905352717,-5.81002844208516,Decrease
BF_vs_AF,Gamma,16,AF8,HJ,Hjorth Activity,RAW_AF8_HJ_Activity,1865074.5159518651,1638246.2235582292,-226828.29239363596,-12.161888999800697,Decrease
BF_vs_AF,Gamma,16,AF8,HJ,Hjorth Complexity,RAW_AF8_HJ_Complexity,1.318517094371881,1.3340934571218996,0.015576362750018724,1.1813546306306357,Increase
BF_vs_AF,Gamma,16,AF8,HJ,Hjorth Mobility,RAW_AF8_HJ_Mobility,0.6642666168599309,0.6575948773810025,-0.006671739478928407,-1.0043767531878285,Decrease
BF_vs_AF,Gamma,16,TP10,EN,Entropy,RAW_TP10_EN,5.407589599651709,5.418189457564101,0.010599857912391819,0.19601816515577536,Increase
BF_vs_AF,Gamma,16,TP10,BP,Gamma Band Power,RAW_TP10_BP_Gamma,695741.6693471873,668575.1776250296,-27166.49172215769,-3.9046808490927307,Decrease
BF_vs_AF,Gamma,16,TP10,RP,Gamma Relative Power,RAW_TP10_RP_Gamma,0.38543723468918,0.3740462752290548,-0.011390959460125194,-2.9553344708149343,Decrease
BF_vs_AF,Gamma,16,TP10,HJ,Hjorth Activity,RAW_TP10_HJ_Activity,1856915.4278093567,1800481.459338237,-56433.968471119646,-3.0391243255324785,Decrease
BF_vs_AF,Gamma,16,TP10,HJ,Hjorth Complexity,RAW_TP10_HJ_Complexity,1.3325158098766767,1.3417180025914348,0.009202192714758084,0.6905878824514464,Increase
BF_vs_AF,Gamma,16,TP10,HJ,Hjorth Mobility,RAW_TP10_HJ_Mobility,0.6609672869358113,0.6538176994558128,-0.007149587479998498,-1.0816855268501084,Decrease
BF_vs_AF,Gamma,16,TP9,EN,Entropy,RAW_TP9_EN,5.417061019837552,5.412194053823149,-0.0048669660144033955,-0.0898451392107329,Decrease
BF_vs_AF,Gamma,16,TP9,BP,Gamma Band Power,RAW_TP9_BP_Gamma,704199.6552126503,717674.9122617703,13475.257049120031,1.913556325876196,Increase
BF_vs_AF,Gamma,16,TP9,RP,Gamma Relative Power,RAW_TP9_RP_Gamma,0.3852599835561329,0.372693985257193,-0.012565998298939896,-3.261693099540148,Decrease
BF_vs_AF,Gamma,16,TP9,HJ,Hjorth Activity,RAW_TP9_HJ_Activity,1836068.3692899344,1899948.922507688,63880.553217753535,3.4792034047434828,Increase
BF_vs_AF,Gamma,16,TP9,HJ,Hjorth Complexity,RAW_TP9_HJ_Complexity,1.32776267314769,1.3360176757187765,0.008255002571086578,0.6217227474482826,Increase
BF_vs_AF,Gamma,16,TP9,HJ,Hjorth Mobility,RAW_TP9_HJ_Mobility,0.6652488239297132,0.6542471214037031,-0.011001702526010071,-1.6537725630271018,Decrease
BF_vs_AF,Gamma,22,AF7,EN,Entropy,RAW_AF7_EN,5.40835871787011,5.39293844816052,-0.01542026970958954,-0.2851192110951965,Decrease
BF_vs_AF,Gamma,22,AF7,BP,Gamma Band Power,RAW_AF7_BP_Gamma,682069.390429671,692888.5958656103,10819.20543593925,1.586232366933175,Increase
BF_vs_AF,Gamma,22,AF7,RP,Gamma Relative Power,RAW_AF7_RP_Gamma,0.3920994670016039,0.3963921225054289,0.00429265550382496,1.0947873856220776,Increase
BF_vs_AF,Gamma,22,AF7,HJ,Hjorth Activity,RAW_AF7_HJ_Activity,1725070.8837148687,1709068.330583103,-16002.553131765686,-0.9276461206802616,Decrease
BF_vs_AF,Gamma,22,AF7,HJ,Hjorth Complexity,RAW_AF7_HJ_Complexity,1.3149022499542076,1.3043191479014442,-0.01058310205276336,-0.8048584640517517,Decrease
BF_vs_AF,Gamma,22,AF7,HJ,Hjorth Mobility,RAW_AF7_HJ_Mobility,0.6683052328224894,0.6701940809637351,0.0018888481412456803,0.28263255298307427,Increase
BF_vs_AF,Gamma,22,AF8,EN,Entropy,RAW_AF8_EN,5.402880910778154,5.409017157394779,0.006136246616625485,0.11357360485929548,Increase
BF_vs_AF,Gamma,22,AF8,BP,Gamma Band Power,RAW_AF8_BP_Gamma,725576.2507412792,702394.8752674042,-23181.37547387497,-3.1948917085133233,Decrease
BF_vs_AF,Gamma,22,AF8,RP,Gamma Relative Power,RAW_AF8_RP_Gamma,0.387707005488177,0.3926954039281469,0.004988398439969899,1.2866412959675082,Increase
BF_vs_AF,Gamma,22,AF8,HJ,Hjorth Activity,RAW_AF8_HJ_Activity,1851831.1536352865,1822314.3844642525,-29516.769171033986,-1.5939233505760124,Decrease
BF_vs_AF,Gamma,22,AF8,HJ,Hjorth Complexity,RAW_AF8_HJ_Complexity,1.3165817674248788,1.3154769115678666,-0.0011048558570121436,-0.08391851416666259,Decrease
BF_vs_AF,Gamma,22,AF8,HJ,Hjorth Mobility,RAW_AF8_HJ_Mobility,0.6643472507200998,0.6714957948566347,0.007148544136534873,1.0760252456507373,Increase
BF_vs_AF,Gamma,22,TP10,EN,Entropy,RAW_TP10_EN,5.409035359310842,5.4068555638777696,-0.002179795433072229,-0.04029915295931721,Decrease
BF_vs_AF,Gamma,22,TP10,BP,Gamma Band Power,RAW_TP10_BP_Gamma,644183.9241288137,658525.0560776596,14341.131948845927,2.2262480344011526,Increase
BF_vs_AF,Gamma,22,TP10,RP,Gamma Relative Power,RAW_TP10_RP_Gamma,0.4063021732031114,0.3848574330414688,-0.021444740161642606,-5.278027432780265,Decrease
BF_vs_AF,Gamma,22,TP10,HJ,Hjorth Activity,RAW_TP10_HJ_Activity,1636093.9010285698,1739641.852178242,103547.95114967227,6.328973605034182,Increase
BF_vs_AF,Gamma,22,TP10,HJ,Hjorth Complexity,RAW_TP10_HJ_Complexity,1.308827733550404,1.3281200269605569,0.019292293410152928,1.4740131887196113,Increase
BF_vs_AF,Gamma,22,TP10,HJ,Hjorth Mobility,RAW_TP10_HJ_Mobility,0.6745641807758191,0.6657228794667167,-0.008841301309102434,-1.3106686600130495,Decrease
BF_vs_AF,Gamma,22,TP9,EN,Entropy,RAW_TP9_EN,5.406990350594206,5.402522473871427,-0.0044678767227788185,-0.08263149059046901,Decrease
BF_vs_AF,Gamma,22,TP9,BP,Gamma Band Power,RAW_TP9_BP_Gamma,624497.3226922476,679389.060058912,54891.737366664456,8.789747429183954,Increase
BF_vs_AF,Gamma,22,TP9,RP,Gamma Relative Power,RAW_TP9_RP_Gamma,0.3947230555340357,0.4058054660980281,0.011082410563992395,2.8076420691967394,Increase
BF_vs_AF,Gamma,22,TP9,HJ,Hjorth Activity,RAW_TP9_HJ_Activity,1638952.4192935396,1744541.9736098754,105589.55431633582,6.442502727556273,Increase
BF_vs_AF,Gamma,22,TP9,HJ,Hjorth Complexity,RAW_TP9_HJ_Complexity,1.3155622984493376,1.3135275167795943,-0.0020347816697432464,-0.1546701111868026,Decrease
BF_vs_AF,Gamma,22,TP9,HJ,Hjorth Mobility,RAW_TP9_HJ_Mobility,0.665427204093713,0.6697885386410947,0.0043613345473816345,0.6554187325902326,Increase
BF_vs_AF,Gamma,25,AF7,EN,Entropy,RAW_AF7_EN,5.423865368834775,5.414116139880103,-0.00974922895467234,-0.1797468832963823,Decrease
BF_vs_AF,Gamma,25,AF7,BP,Gamma Band Power,RAW_AF7_BP_Gamma,544905.9787174363,530344.7018772466,-14561.276840189705,-2.672254922668141,Decrease
BF_vs_AF,Gamma,25,AF7,RP,Gamma Relative Power,RAW_AF7_RP_Gamma,0.4080886961590361,0.4037322221111474,-0.004356474047888692,-1.0675311737110533,Decrease
BF_vs_AF,Gamma,25,AF7,HJ,Hjorth Activity,RAW_AF7_HJ_Activity,1356492.273348339,1304855.7037659702,-51636.56958236871,-3.8066246743086873,Decrease
BF_vs_AF,Gamma,25,AF7,HJ,Hjorth Complexity,RAW_AF7_HJ_Complexity,1.313481431929964,1.307222578956316,-0.0062588529736478105,-0.4765086754558353,Decrease
BF_vs_AF,Gamma,25,AF7,HJ,Hjorth Mobility,RAW_AF7_HJ_Mobility,0.6738269908371872,0.6773887159438623,0.0035617251066750732,0.5285815432014465,Increase
BF_vs_AF,Gamma,25,AF8,EN,Entropy,RAW_AF8_EN,5.404979743744688,5.411669395498806,0.006689651754117953,0.1237683038842106,Increase
BF_vs_AF,Gamma,25,AF8,BP,Gamma Band Power,RAW_AF8_BP_Gamma,773630.2723308676,815408.7104435416,41778.43811267405,5.400310666075664,Increase
BF_vs_AF,Gamma,25,AF8,RP,Gamma Relative Power,RAW_AF8_RP_Gamma,0.4048780760050862,0.4008873192960256,-0.003990756709060572,-0.985668759454004,Decrease
BF_vs_AF,Gamma,25,AF8,HJ,Hjorth Activity,RAW_AF8_HJ_Activity,1964561.2630251504,2028130.0803474905,63568.817322340095,3.2357767873552072,Increase
BF_vs_AF,Gamma,25,AF8,HJ,Hjorth Complexity,RAW_AF8_HJ_Complexity,1.3083105311510588,1.3080495287394145,-0.0002610024116442844,-0.01994957660507808,Decrease
BF_vs_AF,Gamma,25,AF8,HJ,Hjorth Mobility,RAW_AF8_HJ_Mobility,0.6753304461489917,0.6754105819606199,8.013581162813477e-05,0.011866163014728818,Increase
BF_vs_AF,Gamma,25,TP10,EN,Entropy,RAW_TP10_EN,5.435685831816571,5.432407434249929,-0.003278397566641722,-0.0603124917090012,Decrease
BF_vs_AF,Gamma,25,TP10,BP,Gamma Band Power,RAW_TP10_BP_Gamma,674633.8328727556,664736.0347176399,-9897.798155115684,-1.4671363446105932,Decrease
BF_vs_AF,Gamma,25,TP10,RP,Gamma Relative Power,RAW_TP10_RP_Gamma,0.4054527144418164,0.4067987863732886,0.0013460719314721814,0.3319923343774645,Increase
BF_vs_AF,Gamma,25,TP10,HJ,Hjorth Activity,RAW_TP10_HJ_Activity,1676628.089587615,1644175.02733685,-32453.06225076504,-1.935614848177047,Decrease
BF_vs_AF,Gamma,25,TP10,HJ,Hjorth Complexity,RAW_TP10_HJ_Complexity,1.30782280874995,1.302385368868734,-0.005437439881216033,-0.4157627351990653,Decrease
BF_vs_AF,Gamma,25,TP10,HJ,Hjorth Mobility,RAW_TP10_HJ_Mobility,0.6816088226100352,0.6873943599770957,0.005785537367060556,0.8488061150538542,Increase
BF_vs_AF,Gamma,25,TP9,EN,Entropy,RAW_TP9_EN,5.400514784380692,5.405137717971588,0.004622933590895606,0.08560172086309258,Increase
BF_vs_AF,Gamma,25,TP9,BP,Gamma Band Power,RAW_TP9_BP_Gamma,744564.9062384558,840842.4434809422,96277.53724248637,12.93071113556517,Increase
BF_vs_AF,Gamma,25,TP9,RP,Gamma Relative Power,RAW_TP9_RP_Gamma,0.3976824512309211,0.4112696286724144,0.013587177441493292,3.4165896431783116,Increase
BF_vs_AF,Gamma,25,TP9,HJ,Hjorth Activity,RAW_TP9_HJ_Activity,1889571.9870677087,2096339.2022709483,206767.21520323958,10.942542365062618,Increase
BF_vs_AF,Gamma,25,TP9,HJ,Hjorth Complexity,RAW_TP9_HJ_Complexity,1.31374790414658,1.3089333995781804,-0.004814504568399602,-0.36647096092055337,Decrease
BF_vs_AF,Gamma,25,TP9,HJ,Hjorth Mobility,RAW_TP9_HJ_Mobility,0.670604657505845,0.6741121761483634,0.0035075186425184146,0.5230382168182068,Increase
BF_vs_AF,Gamma,26,AF7,EN,Entropy,RAW_AF7_EN,5.415537632324157,5.41348145063732,-0.0020561816868367444,-0.03796819127548568,Decrease
BF_vs_AF,Gamma,26,AF7,BP,Gamma Band Power,RAW_AF7_BP_Gamma,593050.287159113,602539.3036421912,9489.016483078245,1.6000357285945264,Increase
BF_vs_AF,Gamma,26,AF7,RP,Gamma Relative Power,RAW_AF7_RP_Gamma,0.4043841102714318,0.3977993153857104,-0.00658479488572139,-1.6283515396540993,Decrease
BF_vs_AF,Gamma,26,AF7,HJ,Hjorth Activity,RAW_AF7_HJ_Activity,1514633.8065579063,1532316.0245609712,17682.21800306486,1.1674252830292182,Increase
BF_vs_AF,Gamma,26,AF7,HJ,Hjorth Complexity,RAW_AF7_HJ_Complexity,1.3128530657479265,1.3182379669391304,0.005384901191203939,0.4101678498298806,Increase
BF_vs_AF,Gamma,26,AF7,HJ,Hjorth Mobility,RAW_AF7_HJ_Mobility,0.6719272695365942,0.6730278216985375,0.001100552161943269,0.16379037015453818,Increase
BF_vs_AF,Gamma,26,AF8,EN,Entropy,RAW_AF8_EN,5.406906241341586,5.417082891628631,0.010176650287045064,0.18821577132656156,Increase
BF_vs_AF,Gamma,26,AF8,BP,Gamma Band Power,RAW_AF8_BP_Gamma,566703.4584453729,564525.3521306164,-2178.106314756442,-0.3843467482502402,Decrease
BF_vs_AF,Gamma,26,AF8,RP,Gamma Relative Power,RAW_AF8_RP_Gamma,0.4003417630301806,0.3986356708560074,-0.0017060921741732238,-0.42615893012506084,Decrease
BF_vs_AF,Gamma,26,AF8,HJ,Hjorth Activity,RAW_AF8_HJ_Activity,1465357.9662456887,1453437.4546938664,-11920.511551822303,-0.8134880231594998,Decrease
BF_vs_AF,Gamma,26,AF8,HJ,Hjorth Complexity,RAW_AF8_HJ_Complexity,1.3175565011016606,1.3204511530280585,0.0028946519263979287,0.21969850431291538,Increase
BF_vs_AF,Gamma,26,AF8,HJ,Hjorth Mobility,RAW_AF8_HJ_Mobility,0.6747874635204161,0.6746732142256998,-0.0001142492947162621,-0.016931152532119534,Decrease
BF_vs_AF,Gamma,26,TP10,EN,Entropy,RAW_TP10_EN,5.420115303794717,5.416309733313711,-0.0038055704810062707,-0.07021198383624651,Decrease
BF_vs_AF,Gamma,26,TP10,BP,Gamma Band Power,RAW_TP10_BP_Gamma,645957.859781472,652327.6199367968,6369.760155324824,0.9860953092945907,Increase
BF_vs_AF,Gamma,26,TP10,RP,Gamma Relative Power,RAW_TP10_RP_Gamma,0.4072101369293632,0.4051258007557247,-0.0020843361736385124,-0.5118576343299804,Decrease
BF_vs_AF,Gamma,26,TP10,HJ,Hjorth Activity,RAW_TP10_HJ_Activity,1612369.78614377,1677778.114067893,65408.327924123034,4.056658000306313,Increase
BF_vs_AF,Gamma,26,TP10,HJ,Hjorth Complexity,RAW_TP10_HJ_Complexity,1.312993503810172,1.3066406058501392,-0.0063528979600329105,-0.4838483923642771,Decrease
BF_vs_AF,Gamma,26,TP10,HJ,Hjorth Mobility,RAW_TP10_HJ_Mobility,0.6797168541694364,0.6792610746334946,-0.00045577953594178044,-0.0670543231561779,Decrease
BF_vs_AF,Gamma,26,TP9,EN,Entropy,RAW_TP9_EN,5.417606110387204,5.409784679037365,-0.007821431349839258,-0.14437061666117046,Decrease
BF_vs_AF,Gamma,26,TP9,BP,Gamma Band Power,RAW_TP9_BP_Gamma,637606.3597153123,637240.2296503298,-366.1300649824552,-0.05742258674237977,Decrease
BF_vs_AF,Gamma,26,TP9,RP,Gamma Relative Power,RAW_TP9_RP_Gamma,0.3945085236729097,0.406238138970929,0.011729615298019302,2.9732222738346774,Increase
BF_vs_AF,Gamma,26,TP9,HJ,Hjorth Activity,RAW_TP9_HJ_Activity,1620256.8785163416,1579590.716541604,-40666.16197473765,-2.509858931256344,Decrease
BF_vs_AF,Gamma,26,TP9,HJ,Hjorth Complexity,RAW_TP9_HJ_Complexity,1.3084809670921267,1.3045818187578972,-0.003899148334229441,-0.29799045093446225,Decrease
BF_vs_AF,Gamma,26,TP9,HJ,Hjorth Mobility,RAW_TP9_HJ_Mobility,0.6737617783303618,0.677637800243061,0.0038760219126992013,0.5752807650063364,Increase
BF_vs_AF,Gamma,27,AF7,EN,Entropy,RAW_AF7_EN,5.317782541518584,5.406499646565668,0.08871710504708386,1.668310134053529,Increase
BF_vs_AF,Gamma,27,AF7,BP,Gamma Band Power,RAW_AF7_BP_Gamma,740867.7250326753,985985.9757580396,245118.2507253643,33.08529207620073,Increase
BF_vs_AF,Gamma,27,AF7,RP,Gamma Relative Power,RAW_AF7_RP_Gamma,0.371044775070228,0.4022320294586099,0.031187254388381935,8.405253619992115,Increase
BF_vs_AF,Gamma,27,AF7,HJ,Hjorth Activity,RAW_AF7_HJ_Activity,2079471.7681545108,2427077.8458777256,347606.07772321487,16.716075834571598,Increase
BF_vs_AF,Gamma,27,AF7,HJ,Hjorth Complexity,RAW_AF7_HJ_Complexity,1.3884363273451703,1.3295235109779957,-0.0589128163671746,-4.243105370184446,Decrease
BF_vs_AF,Gamma,27,AF7,HJ,Hjorth Mobility,RAW_AF7_HJ_Mobility,0.6562990636603903,0.6769108205737795,0.020611756913389234,3.140604345590691,Increase
BF_vs_AF,Gamma,27,AF8,EN,Entropy,RAW_AF8_EN,5.41370893414833,5.412778678045201,-0.0009302561031292456,-0.01718334166917289,Decrease
BF_vs_AF,Gamma,27,AF8,BP,Gamma Band Power,RAW_AF8_BP_Gamma,717960.839211402,769256.3519944658,51295.51278306381,7.144611513826586,Increase
BF_vs_AF,Gamma,27,AF8,RP,Gamma Relative Power,RAW_AF8_RP_Gamma,0.4126536057097576,0.396379711352028,-0.016273894357729635,-3.943717959216374,Decrease
BF_vs_AF,Gamma,27,AF8,HJ,Hjorth Activity,RAW_AF8_HJ_Activity,1794954.0775318737,1954514.2974774227,159560.21994554903,8.889376165263798,Increase
BF_vs_AF,Gamma,27,AF8,HJ,Hjorth Complexity,RAW_AF8_HJ_Complexity,1.3051817928689529,1.3118286851112688,0.00664689224231596,0.5092694579890867,Increase
BF_vs_AF,Gamma,27,AF8,HJ,Hjorth Mobility,RAW_AF8_HJ_Mobility,0.680114100582285,0.6763815110910729,-0.003732589491212135,-0.5488181303720139,Decrease
BF_vs_AF,Gamma,27,TP10,EN,Entropy,RAW_TP10_EN,5.219754405142633,5.1883134758985205,-0.03144092924411268,-0.602344991809122,Decrease
BF_vs_AF,Gamma,27,TP10,BP,Gamma Band Power,RAW_TP10_BP_Gamma,722065.01631986,812017.0885217118,89952.07220185176,12.457613950099589,Increase
BF_vs_AF,Gamma,27,TP10,RP,Gamma Relative Power,RAW_TP10_RP_Gamma,0.4875882757673481,0.5335317076447451,0.04594343187739702,9.422587490458621,Increase
BF_vs_AF,Gamma,27,TP10,HJ,Hjorth Activity,RAW_TP10_HJ_Activity,1545684.5389609276,1643470.542437932,97786.00347700436,6.326388147916657,Increase
BF_vs_AF,Gamma,27,TP10,HJ,Hjorth Complexity,RAW_TP10_HJ_Complexity,1.284568413513412,1.2483759728785675,-0.036192440634844614,-2.817478637502457,Decrease
BF_vs_AF,Gamma,27,TP10,HJ,Hjorth Mobility,RAW_TP10_HJ_Mobility,0.7305303560188879,0.7557576795615343,0.02522732354264634,3.453288879072136,Increase
BF_vs_AF,Gamma,27,TP9,EN,Entropy,RAW_TP9_EN,5.168798119791255,4.5519511291941015,-0.6168469905971534,-11.93405074644442,Decrease
BF_vs_AF,Gamma,27,TP9,BP,Gamma Band Power,RAW_TP9_BP_Gamma,564921.8289081078,1364356.948550208,799435.1196421002,141.51252062382937,Increase
BF_vs_AF,Gamma,27,TP9,RP,Gamma Relative Power,RAW_TP9_RP_Gamma,0.4026021663629843,0.6974738393481619,0.2948716729851776,73.2414521384673,Increase
BF_vs_AF,Gamma,27,TP9,HJ,Hjorth Activity,RAW_TP9_HJ_Activity,1329285.297709789,1962281.2647463928,632995.967036604,47.619270906492815,Increase
BF_vs_AF,Gamma,27,TP9,HJ,Hjorth Complexity,RAW_TP9_HJ_Complexity,1.3746906984017386,1.145697907272071,-0.22899279112966764,-16.657768281687098,Decrease
BF_vs_AF,Gamma,27,TP9,HJ,Hjorth Mobility,RAW_TP9_HJ_Mobility,0.6782474640670051,0.847746983850852,0.16949951978384692,24.990807745519533,Increase
BF_vs_AF,Gamma,28,AF7,EN,Entropy,RAW_AF7_EN,5.424686265745111,5.391690279138608,-0.032995986606502825,-0.6082561274531264,Decrease
BF_vs_AF,Gamma,28,AF7,BP,Gamma Band Power,RAW_AF7_BP_Gamma,881118.6570191208,975670.5962898786,94551.93927075784,10.730897424262123,Increase
BF_vs_AF,Gamma,28,AF7,RP,Gamma Relative Power,RAW_AF7_RP_Gamma,0.4188899895947108,0.4187954675617688,-9.452203294202377e-05,-0.022564882257863645,Decrease
BF_vs_AF,Gamma,28,AF7,HJ,Hjorth Activity,RAW_AF7_HJ_Activity,2212149.0077961087,2437263.643011515,225114.6352154063,10.176287149828148,Increase
BF_vs_AF,Gamma,28,AF7,HJ,Hjorth Complexity,RAW_AF7_HJ_Complexity,1.3236886033306934,1.3434533352182898,0.01976473188759642,1.493155704284526,Increase
BF_vs_AF,Gamma,28,AF7,HJ,Hjorth Mobility,RAW_AF7_HJ_Mobility,0.6889389267323296,0.6807902248640523,-0.00814870186827732,-1.1827901650044663,Decrease
BF_vs_AF,Gamma,28,AF8,EN,Entropy,RAW_AF8_EN,5.403696727407767,5.411893292162558,0.008196564754791247,0.15168439622486474,Increase
BF_vs_AF,Gamma,28,AF8,BP,Gamma Band Power,RAW_AF8_BP_Gamma,897262.3968942692,894859.4300643579,-2402.9668299112236,-0.2678109367146902,Decrease
BF_vs_AF,Gamma,28,AF8,RP,Gamma Relative Power,RAW_AF8_RP_Gamma,0.3874628486847179,0.3974223294450805,0.009959480760362571,2.57043502213723,Increase
BF_vs_AF,Gamma,28,AF8,HJ,Hjorth Activity,RAW_AF8_HJ_Activity,2335052.53544096,2221645.0535431425,-113407.48189781746,-4.85674220072317,Decrease
BF_vs_AF,Gamma,28,AF8,HJ,Hjorth Complexity,RAW_AF8_HJ_Complexity,1.3262068418613,1.316187731323116,-0.01001911053818394,-0.7554711845795,Decrease
BF_vs_AF,Gamma,28,AF8,HJ,Hjorth Mobility,RAW_AF8_HJ_Mobility,0.663671713769076,0.6713846985384109,0.007712984769334907,1.162168676066046,Increase
BF_vs_AF,Gamma,28,TP10,EN,Entropy,RAW_TP10_EN,4.818192381968147,4.876427372355128,0.05823499038698099,1.2086480939391844,Increase
BF_vs_AF,Gamma,28,TP10,BP,Gamma Band Power,RAW_TP10_BP_Gamma,1078811.681787853,1158724.6968784183,79913.01509056543,7.4075036857341185,Increase
BF_vs_AF,Gamma,28,TP10,RP,Gamma Relative Power,RAW_TP10_RP_Gamma,0.5598966088107097,0.5645473817390885,0.004650772928378788,0.8306485260301202,Increase
BF_vs_AF,Gamma,28,TP10,HJ,Hjorth Activity,RAW_TP10_HJ_Activity,1893360.2602752843,2078582.1039104837,185221.84363519936,9.782704724576247,Increase
BF_vs_AF,Gamma,28,TP10,HJ,Hjorth Complexity,RAW_TP10_HJ_Complexity,1.2120049001272584,1.224949556437919,0.012944656310660552,1.068036631642445,Increase
BF_vs_AF,Gamma,28,TP10,HJ,Hjorth Mobility,RAW_TP10_HJ_Mobility,0.7781767237196078,0.777212403912835,-0.0009643198067728065,-0.12392041259772628,Decrease
BF_vs_AF,Gamma,28,TP9,EN,Entropy,RAW_TP9_EN,4.983312058540581,4.90556210682843,-0.07774995171215071,-1.5602063607254941,Decrease
BF_vs_AF,Gamma,28,TP9,BP,Gamma Band Power,RAW_TP9_BP_Gamma,1042712.9473909726,1068443.709032857,25730.761641884455,2.4676745125556137,Increase
BF_vs_AF,Gamma,28,TP9,RP,Gamma Relative Power,RAW_TP9_RP_Gamma,0.5592873252285369,0.5724716356495451,0.013184310421008205,2.357341178010929,Increase
BF_vs_AF,Gamma,28,TP9,HJ,Hjorth Activity,RAW_TP9_HJ_Activity,1854077.050321592,1879728.9917107471,25651.94138915511,1.3835423605888302,Increase
BF_vs_AF,Gamma,28,TP9,HJ,Hjorth Complexity,RAW_TP9_HJ_Complexity,1.240320762182075,1.2117605935166256,-0.028560168665449526,-2.302643762505766,Decrease
BF_vs_AF,Gamma,28,TP9,HJ,Hjorth Mobility,RAW_TP9_HJ_Mobility,0.7480571096856138,0.7855278959785014,0.03747078629288758,5.0090809655743325,Increase
BF_vs_AF,Beta,1,AF7,BP,Beta Band Power,RAW_AF7_BP_Beta,704905.5631234131,757046.2466960335,52140.683572620386,7.396832469527798,Increase
BF_vs_AF,Beta,1,AF7,RP,Beta Relative Power,RAW_AF7_RP_Beta,0.3942506522632433,0.393254416769575,-0.000996235493668285,-0.2526908929507853,Decrease
BF_vs_AF,Beta,1,AF7,EN,Entropy,RAW_AF7_EN,5.402825132003376,5.405201674269435,0.0023765422660586566,0.04398702915593774,Increase
BF_vs_AF,Beta,1,AF7,HJ,Hjorth Activity,RAW_AF7_HJ_Activity,1877928.498986556,1972198.1872532272,94269.68826667126,5.019876332754144,Increase
BF_vs_AF,Beta,1,AF7,HJ,Hjorth Complexity,RAW_AF7_HJ_Complexity,1.3139016413615554,1.3277981499701954,0.013896508608640001,1.0576521233537302,Increase
BF_vs_AF,Beta,1,AF7,HJ,Hjorth Mobility,RAW_AF7_HJ_Mobility,0.6711509769711477,0.662233898285839,-0.008917078685308666,-1.3286248536135268,Decrease
BF_vs_AF,Beta,1,AF8,BP,Beta Band Power,RAW_AF8_BP_Beta,696794.1604208595,665124.6083868446,-31669.552034014836,-4.545036946762961,Decrease
BF_vs_AF,Beta,1,AF8,RP,Beta Relative Power,RAW_AF8_RP_Beta,0.3897128842058688,0.3811919350930584,-0.008520949112810428,-2.1864684125529634,Decrease
BF_vs_AF,Beta,1,AF8,EN,Entropy,RAW_AF8_EN,5.408981396228745,5.401801294159147,-0.007180102069598071,-0.13274407034574362,Decrease
BF_vs_AF,Beta,1,AF8,HJ,Hjorth Activity,RAW_AF8_HJ_Activity,1793028.1877018,1790254.0254517633,-2774.1622500366066,-0.15471938863339163,Decrease
BF_vs_AF,Beta,1,AF8,HJ,Hjorth Complexity,RAW_AF8_HJ_Complexity,1.3226756299809153,1.311768029558697,-0.010907600422218167,-0.824661782146508,Decrease
BF_vs_AF,Beta,1,AF8,HJ,Hjorth Mobility,RAW_AF8_HJ_Mobility,0.6659409247012404,0.6722464126404071,0.006305487939166632,0.946853948343158,Increase
BF_vs_AF,Beta,1,TP10,BP,Beta Band Power,RAW_TP10_BP_Beta,727305.3013365048,732607.9576373701,5302.656300865347,0.7290825862428231,Increase
BF_vs_AF,Beta,1,TP10,RP,Beta Relative Power,RAW_TP10_RP_Beta,0.3851415806573622,0.3885004052391326,0.003358824581770392,0.8721012610576941,Increase
BF_vs_AF,Beta,1,TP10,EN,Entropy,RAW_TP10_EN,5.417307614662321,5.414887504374313,-0.002420110288007926,-0.044673672978394814,Decrease
BF_vs_AF,Beta,1,TP10,HJ,Hjorth Activity,RAW_TP10_HJ_Activity,1878640.772773216,1944952.1537182608,66311.3809450448,3.5297531016085166,Increase
BF_vs_AF,Beta,1,TP10,HJ,Hjorth Complexity,RAW_TP10_HJ_Complexity,1.3247888919826871,1.324804040179408,1.5148196720771168e-05,0.00114344231088021,Increase
BF_vs_AF,Beta,1,TP10,HJ,Hjorth Mobility,RAW_TP10_HJ_Mobility,0.6627468245006571,0.6670050644532972,0.004258239952640075,0.6425138220539075,Increase
BF_vs_AF,Beta,1,TP9,BP,Beta Band Power,RAW_TP9_BP_Beta,713455.724791235,754144.296924036,40688.57213280094,5.70302693200855,Increase
BF_vs_AF,Beta,1,TP9,RP,Beta Relative Power,RAW_TP9_RP_Beta,0.3889250409322623,0.3808078283510547,-0.008117212581207622,-2.087089214351042,Decrease
BF_vs_AF,Beta,1,TP9,EN,Entropy,RAW_TP9_EN,5.410009140296133,5.40877929764175,-0.001229842654382196,-0.02273272784738543,Decrease
BF_vs_AF,Beta,1,TP9,HJ,Hjorth Activity,RAW_TP9_HJ_Activity,1917621.8123279165,2064939.8705613613,147318.0582334448,7.682331171160728,Increase
BF_vs_AF,Beta,1,TP9,HJ,Hjorth Complexity,RAW_TP9_HJ_Complexity,1.3148771780587736,1.3294276108307368,0.014550432771963218,1.1066001459881472,Increase
BF_vs_AF,Beta,1,TP9,HJ,Hjorth Mobility,RAW_TP9_HJ_Mobility,0.6707327937504237,0.660311216975648,-0.010421576774775732,-1.553759838773225,Decrease
BF_vs_AF,Beta,2,AF7,BP,Beta Band Power,RAW_AF7_BP_Beta,628968.127895969,622783.9867124069,-6184.141183562111,-0.9832201202705402,Decrease
BF_vs_AF,Beta,2,AF7,RP,Beta Relative Power,RAW_AF7_RP_Beta,0.3780365750741807,0.3792650620003389,0.0012284869261581788,0.32496509786576006,Increase
BF_vs_AF,Beta,2,AF7,EN,Entropy,RAW_AF7_EN,5.406896216260327,5.401133097281749,-0.0057631189785780634,-0.10658830404856777,Decrease
BF_vs_AF,Beta,2,AF7,HJ,Hjorth Activity,RAW_AF7_HJ_Activity,1684541.9531380087,1671963.5844207825,-12578.3687172262,-0.7466937047067831,Decrease
BF_vs_AF,Beta,2,AF7,HJ,Hjorth Complexity,RAW_AF7_HJ_Complexity,1.3004500274496795,1.2958957377410478,-0.004554289708631698,-0.35020874408862473,Decrease
BF_vs_AF,Beta,2,AF7,HJ,Hjorth Mobility,RAW_AF7_HJ_Mobility,0.6759978367910863,0.681814092787419,0.005816255996332731,0.8603956521432206,Increase
BF_vs_AF,Beta,2,AF8,BP,Beta Band Power,RAW_AF8_BP_Beta,658502.2916382949,658735.7902350063,233.49859671131708,0.035459040868391425,Increase
BF_vs_AF,Beta,2,AF8,RP,Beta Relative Power,RAW_AF8_RP_Beta,0.3991739527029342,0.3919294514646875,-0.0072445012382467144,-1.814873237392341,Decrease
BF_vs_AF,Beta,2,AF8,EN,Entropy,RAW_AF8_EN,5.39428976034464,5.40730166840247,0.01301190805782948,0.2412163349748967,Increase
BF_vs_AF,Beta,2,AF8,HJ,Hjorth Activity,RAW_AF8_HJ_Activity,1719046.623233544,1731788.9407038,12742.317470256006,0.7412432739193298,Increase
BF_vs_AF,Beta,2,AF8,HJ,Hjorth Complexity,RAW_AF8_HJ_Complexity,1.3017011538754977,1.3063749137067249,0.004673759831227198,0.3590501412180682,Increase
BF_vs_AF,Beta,2,AF8,HJ,Hjorth Mobility,RAW_AF8_HJ_Mobility,0.6786471454900103,0.6749916004217427,-0.003655545068267596,-0.5386518005064542,Decrease
BF_vs_AF,Beta,2,TP10,BP,Beta Band Power,RAW_TP10_BP_Beta,701439.388824007,676317.4722738441,-25121.916550162947,-3.5814807309696293,Decrease
BF_vs_AF,Beta,2,TP10,RP,Beta Relative Power,RAW_TP10_RP_Beta,0.3777478689062142,0.3897003355049004,0.011952466598686207,3.164138723878206,Increase
BF_vs_AF,Beta,2,TP10,EN,Entropy,RAW_TP10_EN,5.402429921684916,5.408153099919273,0.00572317823435764,0.10593711195373895,Increase
BF_vs_AF,Beta,2,TP10,HJ,Hjorth Activity,RAW_TP10_HJ_Activity,1915812.2789246272,1739002.990864179,-176809.28806044813,-9.228946385065123,Decrease
BF_vs_AF,Beta,2,TP10,HJ,Hjorth Complexity,RAW_TP10_HJ_Complexity,1.3124326820061245,1.3202405526871723,0.007807870681047824,0.5949158983996856,Increase
BF_vs_AF,Beta,2,TP10,HJ,Hjorth Mobility,RAW_TP10_HJ_Mobility,0.6744919317622526,0.6685618009039898,-0.005930130858262883,-0.8791996729700182,Decrease
BF_vs_AF,Beta,2,TP9,BP,Beta Band Power,RAW_TP9_BP_Beta,626686.370210593,615225.8496502187,-11460.52056037425,-1.8287489731942046,Decrease
BF_vs_AF,Beta,2,TP9,RP,Beta Relative Power,RAW_TP9_RP_Beta,0.3875735302350018,0.3837774192970294,-0.0037961109379723856,-0.9794556753322775,Decrease
BF_vs_AF,Beta,2,TP9,EN,Entropy,RAW_TP9_EN,5.41915451248653,5.405564533292939,-0.013589979193591617,-0.25077674316682247,Decrease
BF_vs_AF,Beta,2,TP9,HJ,Hjorth Activity,RAW_TP9_HJ_Activity,1669724.5463530892,1632539.470265876,-37185.07608721312,-2.227018592284009,Decrease
BF_vs_AF,Beta,2,TP9,HJ,Hjorth Complexity,RAW_TP9_HJ_Complexity,1.3183854079597717,1.3139382616334836,-0.004447146326288065,-0.33731762346870287,Decrease
BF_vs_AF,Beta,2,TP9,HJ,Hjorth Mobility,RAW_TP9_HJ_Mobility,0.6678253846866344,0.6693150986673937,0.0014897139807592552,0.2230693853391449,Increase
BF_vs_AF,Beta,9,AF7,BP,Beta Band Power,RAW_AF7_BP_Beta,742215.5714260698,839628.7587188927,97413.18729282287,13.12464882751735,Increase
BF_vs_AF,Beta,9,AF7,RP,Beta Relative Power,RAW_AF7_RP_Beta,0.3728891866320288,0.3930805278497248,0.020191341217696,5.414836884937895,Increase
BF_vs_AF,Beta,9,AF7,EN,Entropy,RAW_AF7_EN,5.413944405994572,5.394038459120504,-0.01990594687406766,-0.3676791888004403,Decrease
BF_vs_AF,Beta,9,AF7,HJ,Hjorth Activity,RAW_AF7_HJ_Activity,1943464.212952936,2133898.408393494,190434.19544055779,9.798698333179415,Increase
BF_vs_AF,Beta,9,AF7,HJ,Hjorth Complexity,RAW_AF7_HJ_Complexity,1.3118449987132106,1.3153866743778055,0.0035416756645949565,0.2699766868851875,Increase
BF_vs_AF,Beta,9,AF7,HJ,Hjorth Mobility,RAW_AF7_HJ_Mobility,0.6691918055230357,0.666586864418383,-0.0026049411046527027,-0.38926673685382307,Decrease
BF_vs_AF,Beta,9,AF8,BP,Beta Band Power,RAW_AF8_BP_Beta,766992.3445450157,866037.6318965023,99045.28735148662,12.913464919945303,Increase
BF_vs_AF,Beta,9,AF8,RP,Beta Relative Power,RAW_AF8_RP_Beta,0.3637175450881749,0.3800502835432371,0.016332738455062223,4.4905005754129155,Increase
BF_vs_AF,Beta,9,AF8,EN,Entropy,RAW_AF8_EN,5.398836662268932,5.399309463206713,0.0004728009377803488,0.008757459566884692,Increase
BF_vs_AF,Beta,9,AF8,HJ,Hjorth Activity,RAW_AF8_HJ_Activity,2070466.0581160544,2261133.94772366,190667.88960760576,9.208935778502793,Increase
BF_vs_AF,Beta,9,AF8,HJ,Hjorth Complexity,RAW_AF8_HJ_Complexity,1.315904970225254,1.3356324134031496,0.019727443177895543,1.4991540897150526,Increase
BF_vs_AF,Beta,9,AF8,HJ,Hjorth Mobility,RAW_AF8_HJ_Mobility,0.6662021633606702,0.6631348678155277,-0.003067295545142512,-0.4604151282952127,Decrease
BF_vs_AF,Beta,9,TP10,BP,Beta Band Power,RAW_TP10_BP_Beta,801338.7610157084,625697.2357612797,-175641.52525442874,-21.9185110965805,Decrease
BF_vs_AF,Beta,9,TP10,RP,Beta Relative Power,RAW_TP10_RP_Beta,0.3843255471115759,0.3832374652780824,-0.001088081833493515,-0.2831146255228324,Decrease
BF_vs_AF,Beta,9,TP10,EN,Entropy,RAW_TP10_EN,5.413848573883188,5.41613367015108,0.002285096267891973,0.04220835209384039,Increase
BF_vs_AF,Beta,9,TP10,HJ,Hjorth Activity,RAW_TP10_HJ_Activity,2132641.1647998164,1652590.4515444138,-480050.71325540263,-22.509680539738774,Decrease
BF_vs_AF,Beta,9,TP10,HJ,Hjorth Complexity,RAW_TP10_HJ_Complexity,1.3262805099062345,1.3150495022936002,-0.011231007612634292,-0.8468048447329066,Decrease
BF_vs_AF,Beta,9,TP10,HJ,Hjorth Mobility,RAW_TP10_HJ_Mobility,0.6649893976425686,0.6719484682709391,0.006959070628370534,1.0464934708795206,Increase
BF_vs_AF,Beta,9,TP9,BP,Beta Band Power,RAW_TP9_BP_Beta,821574.4968736523,810185.6629677082,-11388.833905944135,-1.3862204765705612,Decrease
BF_vs_AF,Beta,9,TP9,RP,Beta Relative Power,RAW_TP9_RP_Beta,0.3813090985748564,0.3893906295049369,0.008081530930080516,2.119417281225456,Increase
BF_vs_AF,Beta,9,TP9,EN,Entropy,RAW_TP9_EN,5.409572383393136,5.409645034474264,7.265108112797236e-05,0.001343009686884016,Increase
BF_vs_AF,Beta,9,TP9,HJ,Hjorth Activity,RAW_TP9_HJ_Activity,2216416.4470442897,2039514.8196418688,-176901.62740242085,-7.981425496022133,Decrease
BF_vs_AF,Beta,9,TP9,HJ,Hjorth Complexity,RAW_TP9_HJ_Complexity,1.3181230631669223,1.3348618302151507,0.01673876704822841,1.269894102908104,Increase
BF_vs_AF,Beta,9,TP9,HJ,Hjorth Mobility,RAW_TP9_HJ_Mobility,0.6678289735406572,0.655530237323422,-0.012298736217235207,-1.8415996766403344,Decrease
BF_vs_AF,Beta,14,AF7,BP,Beta Band Power,RAW_AF7_BP_Beta,689293.4410762363,712215.0568331628,22921.615756926476,3.3253784804824984,Increase
BF_vs_AF,Beta,14,AF7,RP,Beta Relative Power,RAW_AF7_RP_Beta,0.3994570778555306,0.388595301737375,-0.010861776118155586,-2.719134725679815,Decrease
BF_vs_AF,Beta,14,AF7,EN,Entropy,RAW_AF7_EN,5.413929056962397,5.407157876232947,-0.006771180729449711,-0.12506962426376583,Decrease
BF_vs_AF,Beta,14,AF7,HJ,Hjorth Activity,RAW_AF7_HJ_Activity,1734168.62809873,1850252.2199659536,116083.59186722361,6.693904501922216,Increase
BF_vs_AF,Beta,14,AF7,HJ,Hjorth Complexity,RAW_AF7_HJ_Complexity,1.3171810640242487,1.313888884892925,-0.003292179131323625,-0.24994127392519344,Decrease
BF_vs_AF,Beta,14,AF7,HJ,Hjorth Mobility,RAW_AF7_HJ_Mobility,0.6673279365850924,0.6701935173348073,0.00286558074971488,0.42941117741584073,Increase
BF_vs_AF,Beta,14,AF8,BP,Beta Band Power,RAW_AF8_BP_Beta,646167.4632327599,654233.2315339344,8065.76830117451,1.2482473600298087,Increase
BF_vs_AF,Beta,14,AF8,RP,Beta Relative Power,RAW_AF8_RP_Beta,0.3878110662386392,0.3900100443937198,0.0021989781550805776,0.5670230549139199,Increase
BF_vs_AF,Beta,14,AF8,EN,Entropy,RAW_AF8_EN,5.411767751378347,5.396327353663552,-0.015440397714795218,-0.2853115363434182,Decrease
BF_vs_AF,Beta,14,AF8,HJ,Hjorth Activity,RAW_AF8_HJ_Activity,1698023.550913037,1709868.364877648,11844.81396461092,0.6975647633533643,Increase
BF_vs_AF,Beta,14,AF8,HJ,Hjorth Complexity,RAW_AF8_HJ_Complexity,1.312644254657395,1.3078587325786624,-0.004785522078732729,-0.36457113660104107,Decrease
BF_vs_AF,Beta,14,AF8,HJ,Hjorth Mobility,RAW_AF8_HJ_Mobility,0.6749070065070533,0.6724896450149924,-0.0024173614920608433,-0.3581769738281092,Decrease
BF_vs_AF,Beta,14,TP10,BP,Beta Band Power,RAW_TP10_BP_Beta,654340.2637525153,599102.7748951337,-55237.48885738163,-8.44170715410439,Decrease
BF_vs_AF,Beta,14,TP10,RP,Beta Relative Power,RAW_TP10_RP_Beta,0.3734382671999298,0.3619086359319911,-0.011529631267938711,-3.0874262978962537,Decrease
BF_vs_AF,Beta,14,TP10,EN,Entropy,RAW_TP10_EN,5.414278481098913,5.420900275622586,0.0066217945236726194,0.12230243691360003,Increase
BF_vs_AF,Beta,14,TP10,HJ,Hjorth Activity,RAW_TP10_HJ_Activity,1787065.4180087892,1647494.9280586191,-139570.48995017004,-7.810038096181413,Decrease
BF_vs_AF,Beta,14,TP10,HJ,Hjorth Complexity,RAW_TP10_HJ_Complexity,1.3357114799441572,1.3264806938122398,-0.009230786131917412,-0.6910763492354898,Decrease
BF_vs_AF,Beta,14,TP10,HJ,Hjorth Mobility,RAW_TP10_HJ_Mobility,0.6623221437451652,0.6649466518259892,0.0026245080808240395,0.3962585436119503,Increase
BF_vs_AF,Beta,14,TP9,BP,Beta Band Power,RAW_TP9_BP_Beta,643796.8324122139,655753.1087968453,11956.276384631405,1.8571505454341803,Increase
BF_vs_AF,Beta,14,TP9,RP,Beta Relative Power,RAW_TP9_RP_Beta,0.3704534778367816,0.3821724839435977,0.011719006106816088,3.1634218081168544,Increase
BF_vs_AF,Beta,14,TP9,EN,Entropy,RAW_TP9_EN,5.411111927637603,5.415461705870888,0.004349778233284418,0.08038603324887156,Increase
BF_vs_AF,Beta,14,TP9,HJ,Hjorth Activity,RAW_TP9_HJ_Activity,1839293.847532605,1712740.5992803234,-126553.24825228169,-6.8805345280772645,Decrease
BF_vs_AF,Beta,14,TP9,HJ,Hjorth Complexity,RAW_TP9_HJ_Complexity,1.33126976007373,1.3311818317198911,-8.7928353838862e-05,-0.006604848729831604,Decrease
BF_vs_AF,Beta,14,TP9,HJ,Hjorth Mobility,RAW_TP9_HJ_Mobility,0.6606715267826659,0.6678277032618816,0.007156176479215626,1.0831670791179284,Increase
BF_vs_AF,Beta,16,AF7,BP,Beta Band Power,RAW_AF7_BP_Beta,953523.539146796,899670.4619830968,-53853.0771636992,-5.647797348756218,Decrease
BF_vs_AF,Beta,16,AF7,RP,Beta Relative Power,RAW_AF7_RP_Beta,0.3795359489311753,0.3760251504310834,-0.003510798500091894,-0.9250239693970436,Decrease
BF_vs_AF,Beta,16,AF7,EN,Entropy,RAW_AF7_EN,5.412749893534896,5.4128863156029245,0.00013642206802888523,0.0025203837367736254,Increase
BF_vs_AF,Beta,16,AF7,HJ,Hjorth Activity,RAW_AF7_HJ_Activity,2532504.054883742,2437649.706465341,-94854.34841840062,-3.7454766651007416,Decrease
BF_vs_AF,Beta,16,AF7,HJ,Hjorth Complexity,RAW_AF7_HJ_Complexity,1.3249046367576225,1.32311071192716,-0.0017939248304625899,-0.1354002983077166,Decrease
BF_vs_AF,Beta,16,AF7,HJ,Hjorth Mobility,RAW_AF7_HJ_Mobility,0.6611586890773921,0.6695057130657237,0.008347023988331648,1.2624842002726195,Increase
BF_vs_AF,Beta,16,AF8,BP,Beta Band Power,RAW_AF8_BP_Beta,693738.6827187007,636456.7829873511,-57281.899731349666,-8.256985109561278,Decrease
BF_vs_AF,Beta,16,AF8,RP,Beta Relative Power,RAW_AF8_RP_Beta,0.3846381760221089,0.3887862439853798,0.004148067963270885,1.078433764991766,Increase
BF_vs_AF,Beta,16,AF8,EN,Entropy,RAW_AF8_EN,5.405932200065454,5.418323816047479,0.012391615982025428,0.22922255632202326,Increase
BF_vs_AF,Beta,16,AF8,HJ,Hjorth Activity,RAW_AF8_HJ_Activity,1865074.5159518651,1638246.2235582292,-226828.29239363596,-12.161888999800697,Decrease
BF_vs_AF,Beta,16,AF8,HJ,Hjorth Complexity,RAW_AF8_HJ_Complexity,1.318517094371881,1.3340934571218996,0.015576362750018724,1.1813546306306357,Increase
BF_vs_AF,Beta,16,AF8,HJ,Hjorth Mobility,RAW_AF8_HJ_Mobility,0.6642666168599309,0.6575948773810025,-0.006671739478928407,-1.0043767531878285,Decrease
BF_vs_AF,Beta,16,TP10,BP,Beta Band Power,RAW_TP10_BP_Beta,659591.5947922581,667212.6746019216,7621.079809663468,1.1554240335739523,Increase
BF_vs_AF,Beta,16,TP10,RP,Beta Relative Power,RAW_TP10_RP_Beta,0.3732928023443072,0.3816575508494585,0.008364748505151343,2.2408009081932696,Increase
BF_vs_AF,Beta,16,TP10,EN,Entropy,RAW_TP10_EN,5.407589599651709,5.418189457564101,0.010599857912391819,0.19601816515577536,Increase
BF_vs_AF,Beta,16,TP10,HJ,Hjorth Activity,RAW_TP10_HJ_Activity,1856915.4278093567,1800481.459338237,-56433.968471119646,-3.0391243255324785,Decrease
BF_vs_AF,Beta,16,TP10,HJ,Hjorth Complexity,RAW_TP10_HJ_Complexity,1.3325158098766767,1.3417180025914348,0.009202192714758084,0.6905878824514464,Increase
BF_vs_AF,Beta,16,TP10,HJ,Hjorth Mobility,RAW_TP10_HJ_Mobility,0.6609672869358113,0.6538176994558128,-0.007149587479998498,-1.0816855268501084,Decrease
BF_vs_AF,Beta,16,TP9,BP,Beta Band Power,RAW_TP9_BP_Beta,688282.9332041831,708171.7797521779,19888.846547994763,2.8896323864091253,Increase
BF_vs_AF,Beta,16,TP9,RP,Beta Relative Power,RAW_TP9_RP_Beta,0.3762851513529575,0.3748284424955531,-0.0014567088574043985,-0.3871289770980088,Decrease
BF_vs_AF,Beta,16,TP9,EN,Entropy,RAW_TP9_EN,5.417061019837552,5.412194053823149,-0.0048669660144033955,-0.0898451392107329,Decrease
BF_vs_AF,Beta,16,TP9,HJ,Hjorth Activity,RAW_TP9_HJ_Activity,1836068.3692899344,1899948.922507688,63880.553217753535,3.4792034047434828,Increase
BF_vs_AF,Beta,16,TP9,HJ,Hjorth Complexity,RAW_TP9_HJ_Complexity,1.32776267314769,1.3360176757187765,0.008255002571086578,0.6217227474482826,Increase
BF_vs_AF,Beta,16,TP9,HJ,Hjorth Mobility,RAW_TP9_HJ_Mobility,0.6652488239297132,0.6542471214037031,-0.011001702526010071,-1.6537725630271018,Decrease
BF_vs_AF,Beta,22,AF7,BP,Beta Band Power,RAW_AF7_BP_Beta,672497.6920145,660079.0118532794,-12418.680161220604,-1.846650227753174,Decrease
BF_vs_AF,Beta,22,AF7,RP,Beta Relative Power,RAW_AF7_RP_Beta,0.3935655805334335,0.3864356966331241,-0.007129883900309386,-1.8116126645642228,Decrease
BF_vs_AF,Beta,22,AF7,EN,Entropy,RAW_AF7_EN,5.40835871787011,5.39293844816052,-0.01542026970958954,-0.2851192110951965,Decrease
BF_vs_AF,Beta,22,AF7,HJ,Hjorth Activity,RAW_AF7_HJ_Activity,1725070.8837148687,1709068.330583103,-16002.553131765686,-0.9276461206802616,Decrease
BF_vs_AF,Beta,22,AF7,HJ,Hjorth Complexity,RAW_AF7_HJ_Complexity,1.3149022499542076,1.3043191479014442,-0.01058310205276336,-0.8048584640517517,Decrease
BF_vs_AF,Beta,22,AF7,HJ,Hjorth Mobility,RAW_AF7_HJ_Mobility,0.6683052328224894,0.6701940809637351,0.0018888481412456803,0.28263255298307427,Increase
BF_vs_AF,Beta,22,AF8,BP,Beta Band Power,RAW_AF8_BP_Beta,708386.231541544,701180.9346712863,-7205.296870257705,-1.0171424216670626,Decrease
BF_vs_AF,Beta,22,AF8,RP,Beta Relative Power,RAW_AF8_RP_Beta,0.3849185902641423,0.3881598525437216,0.003241262279579271,0.842064364143863,Increase
BF_vs_AF,Beta,22,AF8,EN,Entropy,RAW_AF8_EN,5.402880910778154,5.409017157394779,0.006136246616625485,0.11357360485929548,Increase
BF_vs_AF,Beta,22,AF8,HJ,Hjorth Activity,RAW_AF8_HJ_Activity,1851831.1536352865,1822314.3844642525,-29516.769171033986,-1.5939233505760124,Decrease
BF_vs_AF,Beta,22,AF8,HJ,Hjorth Complexity,RAW_AF8_HJ_Complexity,1.3165817674248788,1.3154769115678666,-0.0011048558570121436,-0.08391851416666259,Decrease
BF_vs_AF,Beta,22,AF8,HJ,Hjorth Mobility,RAW_AF8_HJ_Mobility,0.6643472507200998,0.6714957948566347,0.007148544136534873,1.0760252456507373,Increase
BF_vs_AF,Beta,22,TP10,BP,Beta Band Power,RAW_TP10_BP_Beta,610643.5520040896,653988.8611074861,43345.30910339649,7.098299648156474,Increase
BF_vs_AF,Beta,22,TP10,RP,Beta Relative Power,RAW_TP10_RP_Beta,0.3866261111764778,0.3869443030422218,0.0003181918657439997,0.08229963174907219,Increase
BF_vs_AF,Beta,22,TP10,EN,Entropy,RAW_TP10_EN,5.409035359310842,5.4068555638777696,-0.002179795433072229,-0.04029915295931721,Decrease
BF_vs_AF,Beta,22,TP10,HJ,Hjorth Activity,RAW_TP10_HJ_Activity,1636093.9010285698,1739641.852178242,103547.95114967227,6.328973605034182,Increase
BF_vs_AF,Beta,22,TP10,HJ,Hjorth Complexity,RAW_TP10_HJ_Complexity,1.308827733550404,1.3281200269605569,0.019292293410152928,1.4740131887196113,Increase
BF_vs_AF,Beta,22,TP10,HJ,Hjorth Mobility,RAW_TP10_HJ_Mobility,0.6745641807758191,0.6657228794667167,-0.008841301309102434,-1.3106686600130495,Decrease
BF_vs_AF,Beta,22,TP9,BP,Beta Band Power,RAW_TP9_BP_Beta,619369.9129354595,645257.8054614479,25887.892525988398,4.179714252391528,Increase
BF_vs_AF,Beta,22,TP9,RP,Beta Relative Power,RAW_TP9_RP_Beta,0.3900181245318063,0.3761031134957132,-0.013915011036093106,-3.5677857414440046,Decrease
BF_vs_AF,Beta,22,TP9,EN,Entropy,RAW_TP9_EN,5.406990350594206,5.402522473871427,-0.0044678767227788185,-0.08263149059046901,Decrease
BF_vs_AF,Beta,22,TP9,HJ,Hjorth Activity,RAW_TP9_HJ_Activity,1638952.4192935396,1744541.9736098754,105589.55431633582,6.442502727556273,Increase
BF_vs_AF,Beta,22,TP9,HJ,Hjorth Complexity,RAW_TP9_HJ_Complexity,1.3155622984493376,1.3135275167795943,-0.0020347816697432464,-0.1546701111868026,Decrease
BF_vs_AF,Beta,22,TP9,HJ,Hjorth Mobility,RAW_TP9_HJ_Mobility,0.665427204093713,0.6697885386410947,0.0043613345473816345,0.6554187325902326,Increase
BF_vs_AF,Beta,25,AF7,BP,Beta Band Power,RAW_AF7_BP_Beta,492233.9810018343,497823.2772540914,5589.296252257074,1.1354958145882752,Increase
BF_vs_AF,Beta,25,AF7,RP,Beta Relative Power,RAW_AF7_RP_Beta,0.3771978554704348,0.3837499924813595,0.006552137010924719,1.7370557430007136,Increase
BF_vs_AF,Beta,25,AF7,EN,Entropy,RAW_AF7_EN,5.423865368834775,5.414116139880103,-0.00974922895467234,-0.1797468832963823,Decrease
BF_vs_AF,Beta,25,AF7,HJ,Hjorth Activity,RAW_AF7_HJ_Activity,1356492.273348339,1304855.7037659702,-51636.56958236871,-3.8066246743086873,Decrease
BF_vs_AF,Beta,25,AF7,HJ,Hjorth Complexity,RAW_AF7_HJ_Complexity,1.313481431929964,1.307222578956316,-0.0062588529736478105,-0.4765086754558353,Decrease
BF_vs_AF,Beta,25,AF7,HJ,Hjorth Mobility,RAW_AF7_HJ_Mobility,0.6738269908371872,0.6773887159438623,0.0035617251066750732,0.5285815432014465,Increase
BF_vs_AF,Beta,25,AF8,BP,Beta Band Power,RAW_AF8_BP_Beta,735082.5842518355,782179.5800863181,47096.9958344826,6.407034643926132,Increase
BF_vs_AF,Beta,25,AF8,RP,Beta Relative Power,RAW_AF8_RP_Beta,0.3919844654423956,0.3846237519531784,-0.007360713489217241,-1.877807448545162,Decrease
BF_vs_AF,Beta,25,AF8,EN,Entropy,RAW_AF8_EN,5.404979743744688,5.411669395498806,0.006689651754117953,0.1237683038842106,Increase
BF_vs_AF,Beta,25,AF8,HJ,Hjorth Activity,RAW_AF8_HJ_Activity,1964561.2630251504,2028130.0803474905,63568.817322340095,3.2357767873552072,Increase
BF_vs_AF,Beta,25,AF8,HJ,Hjorth Complexity,RAW_AF8_HJ_Complexity,1.3083105311510588,1.3080495287394145,-0.0002610024116442844,-0.01994957660507808,Decrease
BF_vs_AF,Beta,25,AF8,HJ,Hjorth Mobility,RAW_AF8_HJ_Mobility,0.6753304461489917,0.6754105819606199,8.013581162813477e-05,0.011866163014728818,Increase
BF_vs_AF,Beta,25,TP10,BP,Beta Band Power,RAW_TP10_BP_Beta,635030.2975608424,624324.9530457204,-10705.344515122008,-1.6858005919152743,Decrease
BF_vs_AF,Beta,25,TP10,RP,Beta Relative Power,RAW_TP10_RP_Beta,0.3817004736814505,0.380778135026218,-0.0009223386552325019,-0.24163937925899534,Decrease
BF_vs_AF,Beta,25,TP10,EN,Entropy,RAW_TP10_EN,5.435685831816571,5.432407434249929,-0.003278397566641722,-0.0603124917090012,Decrease
BF_vs_AF,Beta,25,TP10,HJ,Hjorth Activity,RAW_TP10_HJ_Activity,1676628.089587615,1644175.02733685,-32453.06225076504,-1.935614848177047,Decrease
BF_vs_AF,Beta,25,TP10,HJ,Hjorth Complexity,RAW_TP10_HJ_Complexity,1.30782280874995,1.302385368868734,-0.005437439881216033,-0.4157627351990653,Decrease
BF_vs_AF,Beta,25,TP10,HJ,Hjorth Mobility,RAW_TP10_HJ_Mobility,0.6816088226100352,0.6873943599770957,0.005785537367060556,0.8488061150538542,Increase
BF_vs_AF,Beta,25,TP9,BP,Beta Band Power,RAW_TP9_BP_Beta,725675.7872704742,799503.0742953084,73827.2870248342,10.1735910608958,Increase
BF_vs_AF,Beta,25,TP9,RP,Beta Relative Power,RAW_TP9_RP_Beta,0.3925385094720463,0.3842088816185346,-0.008329627853511712,-2.1219899837890646,Decrease
BF_vs_AF,Beta,25,TP9,EN,Entropy,RAW_TP9_EN,5.400514784380692,5.405137717971588,0.004622933590895606,0.08560172086309258,Increase
BF_vs_AF,Beta,25,TP9,HJ,Hjorth Activity,RAW_TP9_HJ_Activity,1889571.9870677087,2096339.2022709483,206767.21520323958,10.942542365062618,Increase
BF_vs_AF,Beta,25,TP9,HJ,Hjorth Complexity,RAW_TP9_HJ_Complexity,1.31374790414658,1.3089333995781804,-0.004814504568399602,-0.36647096092055337,Decrease
BF_vs_AF,Beta,25,TP9,HJ,Hjorth Mobility,RAW_TP9_HJ_Mobility,0.670604657505845,0.6741121761483634,0.0035075186425184146,0.5230382168182068,Increase
BF_vs_AF,Beta,26,AF7,BP,Beta Band Power,RAW_AF7_BP_Beta,576976.7192917513,572318.3810790628,-4658.3382126884535,-0.8073702208308583,Decrease
BF_vs_AF,Beta,26,AF7,RP,Beta Relative Power,RAW_AF7_RP_Beta,0.3888033699763003,0.3758611808511528,-0.012942189125147496,-3.328723494844295,Decrease
BF_vs_AF,Beta,26,AF7,EN,Entropy,RAW_AF7_EN,5.415537632324157,5.41348145063732,-0.0020561816868367444,-0.03796819127548568,Decrease
BF_vs_AF,Beta,26,AF7,HJ,Hjorth Activity,RAW_AF7_HJ_Activity,1514633.8065579063,1532316.0245609712,17682.21800306486,1.1674252830292182,Increase
BF_vs_AF,Beta,26,AF7,HJ,Hjorth Complexity,RAW_AF7_HJ_Complexity,1.3128530657479265,1.3182379669391304,0.005384901191203939,0.4101678498298806,Increase
BF_vs_AF,Beta,26,AF7,HJ,Hjorth Mobility,RAW_AF7_HJ_Mobility,0.6719272695365942,0.6730278216985375,0.001100552161943269,0.16379037015453818,Increase
BF_vs_AF,Beta,26,AF8,BP,Beta Band Power,RAW_AF8_BP_Beta,555694.2994347736,542249.8215695508,-13444.477865222842,-2.419401796796897,Decrease
BF_vs_AF,Beta,26,AF8,RP,Beta Relative Power,RAW_AF8_RP_Beta,0.3807092845001877,0.3741632919686645,-0.006545992531523215,-1.719420250051713,Decrease
BF_vs_AF,Beta,26,AF8,EN,Entropy,RAW_AF8_EN,5.406906241341586,5.417082891628631,0.010176650287045064,0.18821577132656156,Increase
BF_vs_AF,Beta,26,AF8,HJ,Hjorth Activity,RAW_AF8_HJ_Activity,1465357.9662456887,1453437.4546938664,-11920.511551822303,-0.8134880231594998,Decrease
BF_vs_AF,Beta,26,AF8,HJ,Hjorth Complexity,RAW_AF8_HJ_Complexity,1.3175565011016606,1.3204511530280585,0.0028946519263979287,0.21969850431291538,Increase
BF_vs_AF,Beta,26,AF8,HJ,Hjorth Mobility,RAW_AF8_HJ_Mobility,0.6747874635204161,0.6746732142256998,-0.0001142492947162621,-0.016931152532119534,Decrease
BF_vs_AF,Beta,26,TP10,BP,Beta Band Power,RAW_TP10_BP_Beta,588702.6120661781,641373.4242372025,52670.81217102439,8.946930265208925,Increase
BF_vs_AF,Beta,26,TP10,RP,Beta Relative Power,RAW_TP10_RP_Beta,0.3713132029007671,0.3790285700838446,0.007715367183077526,2.077859640541639,Increase
BF_vs_AF,Beta,26,TP10,EN,Entropy,RAW_TP10_EN,5.420115303794717,5.416309733313711,-0.0038055704810062707,-0.07021198383624651,Decrease
BF_vs_AF,Beta,26,TP10,HJ,Hjorth Activity,RAW_TP10_HJ_Activity,1612369.78614377,1677778.114067893,65408.327924123034,4.056658000306313,Increase
BF_vs_AF,Beta,26,TP10,HJ,Hjorth Complexity,RAW_TP10_HJ_Complexity,1.312993503810172,1.3066406058501392,-0.0063528979600329105,-0.4838483923642771,Decrease
BF_vs_AF,Beta,26,TP10,HJ,Hjorth Mobility,RAW_TP10_HJ_Mobility,0.6797168541694364,0.6792610746334946,-0.00045577953594178044,-0.0670543231561779,Decrease
BF_vs_AF,Beta,26,TP9,BP,Beta Band Power,RAW_TP9_BP_Beta,630625.2856817258,599025.3852662956,-31599.900415430195,-5.010883821645322,Decrease
BF_vs_AF,Beta,26,TP9,RP,Beta Relative Power,RAW_TP9_RP_Beta,0.3893204795815723,0.3822931995486675,-0.007027280032904815,-1.8050116552968092,Decrease
BF_vs_AF,Beta,26,TP9,EN,Entropy,RAW_TP9_EN,5.417606110387204,5.409784679037365,-0.007821431349839258,-0.14437061666117046,Decrease
BF_vs_AF,Beta,26,TP9,HJ,Hjorth Activity,RAW_TP9_HJ_Activity,1620256.8785163416,1579590.716541604,-40666.16197473765,-2.509858931256344,Decrease
BF_vs_AF,Beta,26,TP9,HJ,Hjorth Complexity,RAW_TP9_HJ_Complexity,1.3084809670921267,1.3045818187578972,-0.003899148334229441,-0.29799045093446225,Decrease
BF_vs_AF,Beta,26,TP9,HJ,Hjorth Mobility,RAW_TP9_HJ_Mobility,0.6737617783303618,0.677637800243061,0.0038760219126992013,0.5752807650063364,Increase
BF_vs_AF,Beta,27,AF7,BP,Beta Band Power,RAW_AF7_BP_Beta,674363.6938032338,841132.7016078656,166769.00780463184,24.72983188998484,Increase
BF_vs_AF,Beta,27,AF7,RP,Beta Relative Power,RAW_AF7_RP_Beta,0.3290751959958938,0.3546342033780993,0.025559007382205512,7.766920051465817,Increase
BF_vs_AF,Beta,27,AF7,EN,Entropy,RAW_AF7_EN,5.317782541518584,5.406499646565668,0.08871710504708386,1.668310134053529,Increase
BF_vs_AF,Beta,27,AF7,HJ,Hjorth Activity,RAW_AF7_HJ_Activity,2079471.7681545108,2427077.8458777256,347606.07772321487,16.716075834571598,Increase
BF_vs_AF,Beta,27,AF7,HJ,Hjorth Complexity,RAW_AF7_HJ_Complexity,1.3884363273451703,1.3295235109779957,-0.0589128163671746,-4.243105370184446,Decrease
BF_vs_AF,Beta,27,AF7,HJ,Hjorth Mobility,RAW_AF7_HJ_Mobility,0.6562990636603903,0.6769108205737795,0.020611756913389234,3.140604345590691,Increase
BF_vs_AF,Beta,27,AF8,BP,Beta Band Power,RAW_AF8_BP_Beta,665572.6668688315,746159.4838566738,80586.81698784232,12.107891594611422,Increase
BF_vs_AF,Beta,27,AF8,RP,Beta Relative Power,RAW_AF8_RP_Beta,0.3785149519694358,0.3967070349409312,0.018192082971495382,4.806172880844176,Increase
BF_vs_AF,Beta,27,AF8,EN,Entropy,RAW_AF8_EN,5.41370893414833,5.412778678045201,-0.0009302561031292456,-0.01718334166917289,Decrease
BF_vs_AF,Beta,27,AF8,HJ,Hjorth Activity,RAW_AF8_HJ_Activity,1794954.0775318737,1954514.2974774227,159560.21994554903,8.889376165263798,Increase
BF_vs_AF,Beta,27,AF8,HJ,Hjorth Complexity,RAW_AF8_HJ_Complexity,1.3051817928689529,1.3118286851112688,0.00664689224231596,0.5092694579890867,Increase
BF_vs_AF,Beta,27,AF8,HJ,Hjorth Mobility,RAW_AF8_HJ_Mobility,0.680114100582285,0.6763815110910729,-0.003732589491212135,-0.5488181303720139,Decrease
BF_vs_AF,Beta,27,TP10,BP,Beta Band Power,RAW_TP10_BP_Beta,395826.975492042,447832.39159032167,52005.416098279646,13.13842141092913,Increase
BF_vs_AF,Beta,27,TP10,RP,Beta Relative Power,RAW_TP10_RP_Beta,0.2652267838939314,0.26825640651706,0.003029622623128614,1.1422762734023917,Increase
BF_vs_AF,Beta,27,TP10,EN,Entropy,RAW_TP10_EN,5.219754405142633,5.1883134758985205,-0.03144092924411268,-0.602344991809122,Decrease
BF_vs_AF,Beta,27,TP10,HJ,Hjorth Activity,RAW_TP10_HJ_Activity,1545684.5389609276,1643470.542437932,97786.00347700436,6.326388147916657,Increase
BF_vs_AF,Beta,27,TP10,HJ,Hjorth Complexity,RAW_TP10_HJ_Complexity,1.284568413513412,1.2483759728785675,-0.036192440634844614,-2.817478637502457,Decrease
BF_vs_AF,Beta,27,TP10,HJ,Hjorth Mobility,RAW_TP10_HJ_Mobility,0.7305303560188879,0.7557576795615343,0.02522732354264634,3.453288879072136,Increase
BF_vs_AF,Beta,27,TP9,BP,Beta Band Power,RAW_TP9_BP_Beta,383145.92425614304,390790.37953871617,7644.4552825731225,1.9951811564782835,Increase
BF_vs_AF,Beta,27,TP9,RP,Beta Relative Power,RAW_TP9_RP_Beta,0.2837044258182964,0.1958185273856166,-0.08788589843267983,-30.977979345647544,Decrease
BF_vs_AF,Beta,27,TP9,EN,Entropy,RAW_TP9_EN,5.168798119791255,4.5519511291941015,-0.6168469905971534,-11.93405074644442,Decrease
BF_vs_AF,Beta,27,TP9,HJ,Hjorth Activity,RAW_TP9_HJ_Activity,1329285.297709789,1962281.2647463928,632995.967036604,47.619270906492815,Increase
BF_vs_AF,Beta,27,TP9,HJ,Hjorth Complexity,RAW_TP9_HJ_Complexity,1.3746906984017386,1.145697907272071,-0.22899279112966764,-16.657768281687098,Decrease
BF_vs_AF,Beta,27,TP9,HJ,Hjorth Mobility,RAW_TP9_HJ_Mobility,0.6782474640670051,0.847746983850852,0.16949951978384692,24.990807745519533,Increase
BF_vs_AF,Beta,28,AF7,BP,Beta Band Power,RAW_AF7_BP_Beta,758608.8362868873,787922.3551933295,29313.518906442216,3.8641151413317525,Increase
BF_vs_AF,Beta,28,AF7,RP,Beta Relative Power,RAW_AF7_RP_Beta,0.353595544038768,0.3287726710369489,-0.024822873001819068,-7.020131735341526,Decrease
BF_vs_AF,Beta,28,AF7,EN,Entropy,RAW_AF7_EN,5.424686265745111,5.391690279138608,-0.032995986606502825,-0.6082561274531264,Decrease
BF_vs_AF,Beta,28,AF7,HJ,Hjorth Activity,RAW_AF7_HJ_Activity,2212149.0077961087,2437263.643011515,225114.6352154063,10.176287149828148,Increase
BF_vs_AF,Beta,28,AF7,HJ,Hjorth Complexity,RAW_AF7_HJ_Complexity,1.3236886033306934,1.3434533352182898,0.01976473188759642,1.493155704284526,Increase
BF_vs_AF,Beta,28,AF7,HJ,Hjorth Mobility,RAW_AF7_HJ_Mobility,0.6889389267323296,0.6807902248640523,-0.00814870186827732,-1.1827901650044663,Decrease
BF_vs_AF,Beta,28,AF8,BP,Beta Band Power,RAW_AF8_BP_Beta,893153.2848833532,868713.5329398434,-24439.751943509793,-2.7363446294329705,Decrease
BF_vs_AF,Beta,28,AF8,RP,Beta Relative Power,RAW_AF8_RP_Beta,0.3866894172709854,0.3913642324248075,0.0046748151538221205,1.2089327881828453,Increase
BF_vs_AF,Beta,28,AF8,EN,Entropy,RAW_AF8_EN,5.403696727407767,5.411893292162558,0.008196564754791247,0.15168439622486474,Increase
BF_vs_AF,Beta,28,AF8,HJ,Hjorth Activity,RAW_AF8_HJ_Activity,2335052.53544096,2221645.0535431425,-113407.48189781746,-4.85674220072317,Decrease
BF_vs_AF,Beta,28,AF8,HJ,Hjorth Complexity,RAW_AF8_HJ_Complexity,1.3262068418613,1.316187731323116,-0.01001911053818394,-0.7554711845795,Decrease
BF_vs_AF,Beta,28,AF8,HJ,Hjorth Mobility,RAW_AF8_HJ_Mobility,0.663671713769076,0.6713846985384109,0.007712984769334907,1.162168676066046,Increase
BF_vs_AF,Beta,28,TP10,BP,Beta Band Power,RAW_TP10_BP_Beta,562890.907643651,511218.6648783742,-51672.24276527681,-9.179797019920763,Decrease
BF_vs_AF,Beta,28,TP10,RP,Beta Relative Power,RAW_TP10_RP_Beta,0.2956672044175861,0.2480859400870301,-0.047581264330555983,-16.09284479970748,Decrease
BF_vs_AF,Beta,28,TP10,EN,Entropy,RAW_TP10_EN,4.818192381968147,4.876427372355128,0.05823499038698099,1.2086480939391844,Increase
BF_vs_AF,Beta,28,TP10,HJ,Hjorth Activity,RAW_TP10_HJ_Activity,1893360.2602752843,2078582.1039104837,185221.84363519936,9.782704724576247,Increase
BF_vs_AF,Beta,28,TP10,HJ,Hjorth Complexity,RAW_TP10_HJ_Complexity,1.2120049001272584,1.224949556437919,0.012944656310660552,1.068036631642445,Increase
BF_vs_AF,Beta,28,TP10,HJ,Hjorth Mobility,RAW_TP10_HJ_Mobility,0.7781767237196078,0.777212403912835,-0.0009643198067728065,-0.12392041259772628,Decrease
BF_vs_AF,Beta,28,TP9,BP,Beta Band Power,RAW_TP9_BP_Beta,396679.8905218323,512660.9925780218,115981.1020561895,29.23795857249441,Increase
BF_vs_AF,Beta,28,TP9,RP,Beta Relative Power,RAW_TP9_RP_Beta,0.2241214821967481,0.2719671346760163,0.0478456524792682,21.348088550148994,Increase
BF_vs_AF,Beta,28,TP9,EN,Entropy,RAW_TP9_EN,4.983312058540581,4.90556210682843,-0.07774995171215071,-1.5602063607254941,Decrease
BF_vs_AF,Beta,28,TP9,HJ,Hjorth Activity,RAW_TP9_HJ_Activity,1854077.050321592,1879728.9917107471,25651.94138915511,1.3835423605888302,Increase
BF_vs_AF,Beta,28,TP9,HJ,Hjorth Complexity,RAW_TP9_HJ_Complexity,1.240320762182075,1.2117605935166256,-0.028560168665449526,-2.302643762505766,Decrease
BF_vs_AF,Beta,28,TP9,HJ,Hjorth Mobility,RAW_TP9_HJ_Mobility,0.7480571096856138,0.7855278959785014,0.03747078629288758,5.0090809655743325,Increase
BF_vs_AF,Alpha,1,AF7,BP,Alpha Band Power,RAW_AF7_BP_Alpha,230397.7388054841,250877.55796995247,20479.819164468354,8.888897638773562,Increase
BF_vs_AF,Alpha,1,AF7,RP,Alpha Relative Power,RAW_AF7_RP_Alpha,0.1225126069753198,0.1305163493067169,0.008003742331397112,6.5329948721191355,Increase
BF_vs_AF,Alpha,1,AF7,EN,Entropy,RAW_AF7_EN,5.402825132003376,5.405201674269435,0.0023765422660586566,0.04398702915593774,Increase
BF_vs_AF,Alpha,1,AF7,HJ,Hjorth Activity,RAW_AF7_HJ_Activity,1877928.498986556,1972198.1872532272,94269.68826667126,5.019876332754144,Increase
BF_vs_AF,Alpha,1,AF7,HJ,Hjorth Complexity,RAW_AF7_HJ_Complexity,1.3139016413615554,1.3277981499701954,0.013896508608640001,1.0576521233537302,Increase
BF_vs_AF,Alpha,1,AF7,HJ,Hjorth Mobility,RAW_AF7_HJ_Mobility,0.6711509769711477,0.662233898285839,-0.008917078685308666,-1.3286248536135268,Decrease
BF_vs_AF,Alpha,1,AF8,BP,Alpha Band Power,RAW_AF8_BP_Alpha,231108.7406485315,232243.77107619587,1135.0304276643728,0.491123972411982,Increase
BF_vs_AF,Alpha,1,AF8,RP,Alpha Relative Power,RAW_AF8_RP_Alpha,0.1325673989279284,0.1221885119987945,-0.010378886929133899,-7.829139753112667,Decrease
BF_vs_AF,Alpha,1,AF8,EN,Entropy,RAW_AF8_EN,5.408981396228745,5.401801294159147,-0.007180102069598071,-0.13274407034574362,Decrease
BF_vs_AF,Alpha,1,AF8,HJ,Hjorth Activity,RAW_AF8_HJ_Activity,1793028.1877018,1790254.0254517633,-2774.1622500366066,-0.15471938863339163,Decrease
BF_vs_AF,Alpha,1,AF8,HJ,Hjorth Complexity,RAW_AF8_HJ_Complexity,1.3226756299809153,1.311768029558697,-0.010907600422218167,-0.824661782146508,Decrease
BF_vs_AF,Alpha,1,AF8,HJ,Hjorth Mobility,RAW_AF8_HJ_Mobility,0.6659409247012404,0.6722464126404071,0.006305487939166632,0.946853948343158,Increase
BF_vs_AF,Alpha,1,TP10,BP,Alpha Band Power,RAW_TP10_BP_Alpha,234996.50569956715,236084.19744662437,1087.6917470572225,0.4628544342900951,Increase
BF_vs_AF,Alpha,1,TP10,RP,Alpha Relative Power,RAW_TP10_RP_Alpha,0.1235801838200567,0.1194821141024032,-0.004098069717653502,-3.3161220439845285,Decrease
BF_vs_AF,Alpha,1,TP10,EN,Entropy,RAW_TP10_EN,5.417307614662321,5.414887504374313,-0.002420110288007926,-0.044673672978394814,Decrease
BF_vs_AF,Alpha,1,TP10,HJ,Hjorth Activity,RAW_TP10_HJ_Activity,1878640.772773216,1944952.1537182608,66311.3809450448,3.5297531016085166,Increase
BF_vs_AF,Alpha,1,TP10,HJ,Hjorth Complexity,RAW_TP10_HJ_Complexity,1.3247888919826871,1.324804040179408,1.5148196720771168e-05,0.00114344231088021,Increase
BF_vs_AF,Alpha,1,TP10,HJ,Hjorth Mobility,RAW_TP10_HJ_Mobility,0.6627468245006571,0.6670050644532972,0.004258239952640075,0.6425138220539075,Increase
BF_vs_AF,Alpha,1,TP9,BP,Alpha Band Power,RAW_TP9_BP_Alpha,224640.68756757295,258049.7158872552,33409.02831968226,14.872207115032385,Increase
BF_vs_AF,Alpha,1,TP9,RP,Alpha Relative Power,RAW_TP9_RP_Alpha,0.1230007575591044,0.1263589624535402,0.003358204894435793,2.7302310661152687,Increase
BF_vs_AF,Alpha,1,TP9,EN,Entropy,RAW_TP9_EN,5.410009140296133,5.40877929764175,-0.001229842654382196,-0.02273272784738543,Decrease
BF_vs_AF,Alpha,1,TP9,HJ,Hjorth Activity,RAW_TP9_HJ_Activity,1917621.8123279165,2064939.8705613613,147318.0582334448,7.682331171160728,Increase
BF_vs_AF,Alpha,1,TP9,HJ,Hjorth Complexity,RAW_TP9_HJ_Complexity,1.3148771780587736,1.3294276108307368,0.014550432771963218,1.1066001459881472,Increase
BF_vs_AF,Alpha,1,TP9,HJ,Hjorth Mobility,RAW_TP9_HJ_Mobility,0.6707327937504237,0.660311216975648,-0.010421576774775732,-1.553759838773225,Decrease
BF_vs_AF,Alpha,2,AF7,BP,Alpha Band Power,RAW_AF7_BP_Alpha,201683.1930490143,181836.9674344964,-19846.225614517927,-9.840297207955635,Decrease
BF_vs_AF,Alpha,2,AF7,RP,Alpha Relative Power,RAW_AF7_RP_Alpha,0.1220740892923533,0.112079211098306,-0.009994878194047305,-8.187550897972075,Decrease
BF_vs_AF,Alpha,2,AF7,EN,Entropy,RAW_AF7_EN,5.406896216260327,5.401133097281749,-0.0057631189785780634,-0.10658830404856777,Decrease
BF_vs_AF,Alpha,2,AF7,HJ,Hjorth Activity,RAW_AF7_HJ_Activity,1684541.9531380087,1671963.5844207825,-12578.3687172262,-0.7466937047067831,Decrease
BF_vs_AF,Alpha,2,AF7,HJ,Hjorth Complexity,RAW_AF7_HJ_Complexity,1.3004500274496795,1.2958957377410478,-0.004554289708631698,-0.35020874408862473,Decrease
BF_vs_AF,Alpha,2,AF7,HJ,Hjorth Mobility,RAW_AF7_HJ_Mobility,0.6759978367910863,0.681814092787419,0.005816255996332731,0.8603956521432206,Increase
BF_vs_AF,Alpha,2,AF8,BP,Alpha Band Power,RAW_AF8_BP_Alpha,194490.15331888583,212553.78724426863,18063.633925382805,9.287685580547459,Increase
BF_vs_AF,Alpha,2,AF8,RP,Alpha Relative Power,RAW_AF8_RP_Alpha,0.1183546153584224,0.1275227378226101,0.009168122464187689,7.746315964462525,Increase
BF_vs_AF,Alpha,2,AF8,EN,Entropy,RAW_AF8_EN,5.39428976034464,5.40730166840247,0.01301190805782948,0.2412163349748967,Increase
BF_vs_AF,Alpha,2,AF8,HJ,Hjorth Activity,RAW_AF8_HJ_Activity,1719046.623233544,1731788.9407038,12742.317470256006,0.7412432739193298,Increase
BF_vs_AF,Alpha,2,AF8,HJ,Hjorth Complexity,RAW_AF8_HJ_Complexity,1.3017011538754977,1.3063749137067249,0.004673759831227198,0.3590501412180682,Increase
BF_vs_AF,Alpha,2,AF8,HJ,Hjorth Mobility,RAW_AF8_HJ_Mobility,0.6786471454900103,0.6749916004217427,-0.003655545068267596,-0.5386518005064542,Decrease
BF_vs_AF,Alpha,2,TP10,BP,Alpha Band Power,RAW_TP10_BP_Alpha,227250.4266974473,208815.5882420122,-18434.83845543512,-8.112124902620566,Decrease
BF_vs_AF,Alpha,2,TP10,RP,Alpha Relative Power,RAW_TP10_RP_Alpha,0.1206850210175756,0.1287208811695356,0.008035860151959992,6.658539795746246,Increase
BF_vs_AF,Alpha,2,TP10,EN,Entropy,RAW_TP10_EN,5.402429921684916,5.408153099919273,0.00572317823435764,0.10593711195373895,Increase
BF_vs_AF,Alpha,2,TP10,HJ,Hjorth Activity,RAW_TP10_HJ_Activity,1915812.2789246272,1739002.990864179,-176809.28806044813,-9.228946385065123,Decrease
BF_vs_AF,Alpha,2,TP10,HJ,Hjorth Complexity,RAW_TP10_HJ_Complexity,1.3124326820061245,1.3202405526871723,0.007807870681047824,0.5949158983996856,Increase
BF_vs_AF,Alpha,2,TP10,HJ,Hjorth Mobility,RAW_TP10_HJ_Mobility,0.6744919317622526,0.6685618009039898,-0.005930130858262883,-0.8791996729700182,Decrease
BF_vs_AF,Alpha,2,TP9,BP,Alpha Band Power,RAW_TP9_BP_Alpha,202572.5366839916,192499.2034989883,-10073.333185003314,-4.972704271713533,Decrease
BF_vs_AF,Alpha,2,TP9,RP,Alpha Relative Power,RAW_TP9_RP_Alpha,0.1274835022045062,0.12004432565504,-0.0074391765494661866,-5.835403343039969,Decrease
BF_vs_AF,Alpha,2,TP9,EN,Entropy,RAW_TP9_EN,5.41915451248653,5.405564533292939,-0.013589979193591617,-0.25077674316682247,Decrease
BF_vs_AF,Alpha,2,TP9,HJ,Hjorth Activity,RAW_TP9_HJ_Activity,1669724.5463530892,1632539.470265876,-37185.07608721312,-2.227018592284009,Decrease
BF_vs_AF,Alpha,2,TP9,HJ,Hjorth Complexity,RAW_TP9_HJ_Complexity,1.3183854079597717,1.3139382616334836,-0.004447146326288065,-0.33731762346870287,Decrease
BF_vs_AF,Alpha,2,TP9,HJ,Hjorth Mobility,RAW_TP9_HJ_Mobility,0.6678253846866344,0.6693150986673937,0.0014897139807592552,0.2230693853391449,Increase
BF_vs_AF,Alpha,9,AF7,BP,Alpha Band Power,RAW_AF7_BP_Alpha,242662.9161314145,246310.97364813412,3648.057516719622,1.5033436401728604,Increase
BF_vs_AF,Alpha,9,AF7,RP,Alpha Relative Power,RAW_AF7_RP_Alpha,0.1164127861534843,0.1182353710419297,0.0018225848884454027,1.5656225992584851,Increase
BF_vs_AF,Alpha,9,AF7,EN,Entropy,RAW_AF7_EN,5.413944405994572,5.394038459120504,-0.01990594687406766,-0.3676791888004403,Decrease
BF_vs_AF,Alpha,9,AF7,HJ,Hjorth Activity,RAW_AF7_HJ_Activity,1943464.212952936,2133898.408393494,190434.19544055779,9.798698333179415,Increase
BF_vs_AF,Alpha,9,AF7,HJ,Hjorth Complexity,RAW_AF7_HJ_Complexity,1.3118449987132106,1.3153866743778055,0.0035416756645949565,0.2699766868851875,Increase
BF_vs_AF,Alpha,9,AF7,HJ,Hjorth Mobility,RAW_AF7_HJ_Mobility,0.6691918055230357,0.666586864418383,-0.0026049411046527027,-0.38926673685382307,Decrease
BF_vs_AF,Alpha,9,AF8,BP,Alpha Band Power,RAW_AF8_BP_Alpha,242611.44037016563,283496.24470804364,40884.80433787801,16.85196884182288,Increase
BF_vs_AF,Alpha,9,AF8,RP,Alpha Relative Power,RAW_AF8_RP_Alpha,0.1207100530760668,0.1296142444026912,0.0089041913266244,7.3765118146483815,Increase
BF_vs_AF,Alpha,9,AF8,EN,Entropy,RAW_AF8_EN,5.398836662268932,5.399309463206713,0.0004728009377803488,0.008757459566884692,Increase
BF_vs_AF,Alpha,9,AF8,HJ,Hjorth Activity,RAW_AF8_HJ_Activity,2070466.0581160544,2261133.94772366,190667.88960760576,9.208935778502793,Increase
BF_vs_AF,Alpha,9,AF8,HJ,Hjorth Complexity,RAW_AF8_HJ_Complexity,1.315904970225254,1.3356324134031496,0.019727443177895543,1.4991540897150526,Increase
BF_vs_AF,Alpha,9,AF8,HJ,Hjorth Mobility,RAW_AF8_HJ_Mobility,0.6662021633606702,0.6631348678155277,-0.003067295545142512,-0.4604151282952127,Decrease
BF_vs_AF,Alpha,9,TP10,BP,Alpha Band Power,RAW_TP10_BP_Alpha,256420.46761592396,195749.87305816787,-60670.59455775609,-23.660589625252047,Decrease
BF_vs_AF,Alpha,9,TP10,RP,Alpha Relative Power,RAW_TP10_RP_Alpha,0.1231035157101212,0.1250595323234617,0.0019560166133405082,1.588920188068756,Increase
BF_vs_AF,Alpha,9,TP10,EN,Entropy,RAW_TP10_EN,5.413848573883188,5.41613367015108,0.002285096267891973,0.04220835209384039,Increase
BF_vs_AF,Alpha,9,TP10,HJ,Hjorth Activity,RAW_TP10_HJ_Activity,2132641.1647998164,1652590.4515444138,-480050.71325540263,-22.509680539738774,Decrease
BF_vs_AF,Alpha,9,TP10,HJ,Hjorth Complexity,RAW_TP10_HJ_Complexity,1.3262805099062345,1.3150495022936002,-0.011231007612634292,-0.8468048447329066,Decrease
BF_vs_AF,Alpha,9,TP10,HJ,Hjorth Mobility,RAW_TP10_HJ_Mobility,0.6649893976425686,0.6719484682709391,0.006959070628370534,1.0464934708795206,Increase
BF_vs_AF,Alpha,9,TP9,BP,Alpha Band Power,RAW_TP9_BP_Alpha,271855.9604502585,263892.73521235294,-7963.225237905572,-2.9292075203047103,Decrease
BF_vs_AF,Alpha,9,TP9,RP,Alpha Relative Power,RAW_TP9_RP_Alpha,0.1223410991036673,0.1316918022095977,0.009350703105930391,7.643141327353085,Increase
BF_vs_AF,Alpha,9,TP9,EN,Entropy,RAW_TP9_EN,5.409572383393136,5.409645034474264,7.265108112797236e-05,0.001343009686884016,Increase
BF_vs_AF,Alpha,9,TP9,HJ,Hjorth Activity,RAW_TP9_HJ_Activity,2216416.4470442897,2039514.8196418688,-176901.62740242085,-7.981425496022133,Decrease
BF_vs_AF,Alpha,9,TP9,HJ,Hjorth Complexity,RAW_TP9_HJ_Complexity,1.3181230631669223,1.3348618302151507,0.01673876704822841,1.269894102908104,Increase
BF_vs_AF,Alpha,9,TP9,HJ,Hjorth Mobility,RAW_TP9_HJ_Mobility,0.6678289735406572,0.655530237323422,-0.012298736217235207,-1.8415996766403344,Decrease
BF_vs_AF,Alpha,14,AF7,BP,Alpha Band Power,RAW_AF7_BP_Alpha,219391.92614641992,235202.98408164468,15811.057935224759,7.206763809837113,Increase
BF_vs_AF,Alpha,14,AF7,RP,Alpha Relative Power,RAW_AF7_RP_Alpha,0.1271668174859553,0.1297774909691263,0.002610673483171011,2.0529518114734153,Increase
BF_vs_AF,Alpha,14,AF7,EN,Entropy,RAW_AF7_EN,5.413929056962397,5.407157876232947,-0.006771180729449711,-0.12506962426376583,Decrease
BF_vs_AF,Alpha,14,AF7,HJ,Hjorth Activity,RAW_AF7_HJ_Activity,1734168.62809873,1850252.2199659536,116083.59186722361,6.693904501922216,Increase
BF_vs_AF,Alpha,14,AF7,HJ,Hjorth Complexity,RAW_AF7_HJ_Complexity,1.3171810640242487,1.313888884892925,-0.003292179131323625,-0.24994127392519344,Decrease
BF_vs_AF,Alpha,14,AF7,HJ,Hjorth Mobility,RAW_AF7_HJ_Mobility,0.6673279365850924,0.6701935173348073,0.00286558074971488,0.42941117741584073,Increase
BF_vs_AF,Alpha,14,AF8,BP,Alpha Band Power,RAW_AF8_BP_Alpha,198050.1835791396,222004.1754876906,23953.99190855102,12.094910227123904,Increase
BF_vs_AF,Alpha,14,AF8,RP,Alpha Relative Power,RAW_AF8_RP_Alpha,0.1232182250833139,0.1291597368665,0.00594151178318611,4.821942354037937,Increase
BF_vs_AF,Alpha,14,AF8,EN,Entropy,RAW_AF8_EN,5.411767751378347,5.396327353663552,-0.015440397714795218,-0.2853115363434182,Decrease
BF_vs_AF,Alpha,14,AF8,HJ,Hjorth Activity,RAW_AF8_HJ_Activity,1698023.550913037,1709868.364877648,11844.81396461092,0.6975647633533643,Increase
BF_vs_AF,Alpha,14,AF8,HJ,Hjorth Complexity,RAW_AF8_HJ_Complexity,1.312644254657395,1.3078587325786624,-0.004785522078732729,-0.36457113660104107,Decrease
BF_vs_AF,Alpha,14,AF8,HJ,Hjorth Mobility,RAW_AF8_HJ_Mobility,0.6749070065070533,0.6724896450149924,-0.0024173614920608433,-0.3581769738281092,Decrease
BF_vs_AF,Alpha,14,TP10,BP,Alpha Band Power,RAW_TP10_BP_Alpha,217612.06120888612,202571.35343443952,-15040.707774446608,-6.911706865369475,Decrease
BF_vs_AF,Alpha,14,TP10,RP,Alpha Relative Power,RAW_TP10_RP_Alpha,0.1222059576619922,0.1261487974558613,0.003942839793869099,3.2263891788111883,Increase
BF_vs_AF,Alpha,14,TP10,EN,Entropy,RAW_TP10_EN,5.414278481098913,5.420900275622586,0.0066217945236726194,0.12230243691360003,Increase
BF_vs_AF,Alpha,14,TP10,HJ,Hjorth Activity,RAW_TP10_HJ_Activity,1787065.4180087892,1647494.9280586191,-139570.48995017004,-7.810038096181413,Decrease
BF_vs_AF,Alpha,14,TP10,HJ,Hjorth Complexity,RAW_TP10_HJ_Complexity,1.3357114799441572,1.3264806938122398,-0.009230786131917412,-0.6910763492354898,Decrease
BF_vs_AF,Alpha,14,TP10,HJ,Hjorth Mobility,RAW_TP10_HJ_Mobility,0.6623221437451652,0.6649466518259892,0.0026245080808240395,0.3962585436119503,Increase
BF_vs_AF,Alpha,14,TP9,BP,Alpha Band Power,RAW_TP9_BP_Alpha,226822.283503906,216244.2838455157,-10577.999658390298,-4.663562810048219,Decrease
BF_vs_AF,Alpha,14,TP9,RP,Alpha Relative Power,RAW_TP9_RP_Alpha,0.1329918231757225,0.1258646386110376,-0.007127184564684891,-5.359114864729481,Decrease
BF_vs_AF,Alpha,14,TP9,EN,Entropy,RAW_TP9_EN,5.411111927637603,5.415461705870888,0.004349778233284418,0.08038603324887156,Increase
BF_vs_AF,Alpha,14,TP9,HJ,Hjorth Activity,RAW_TP9_HJ_Activity,1839293.847532605,1712740.5992803234,-126553.24825228169,-6.8805345280772645,Decrease
BF_vs_AF,Alpha,14,TP9,HJ,Hjorth Complexity,RAW_TP9_HJ_Complexity,1.33126976007373,1.3311818317198911,-8.7928353838862e-05,-0.006604848729831604,Decrease
BF_vs_AF,Alpha,14,TP9,HJ,Hjorth Mobility,RAW_TP9_HJ_Mobility,0.6606715267826659,0.6678277032618816,0.007156176479215626,1.0831670791179284,Increase
BF_vs_AF,Alpha,16,AF7,BP,Alpha Band Power,RAW_AF7_BP_Alpha,316893.0703416469,305649.8942418621,-11243.176099784789,-3.547940031526521,Decrease
BF_vs_AF,Alpha,16,AF7,RP,Alpha Relative Power,RAW_AF7_RP_Alpha,0.1273698566221876,0.1286312266989583,0.0012613700767706848,0.9903207165508863,Increase
BF_vs_AF,Alpha,16,AF7,EN,Entropy,RAW_AF7_EN,5.412749893534896,5.4128863156029245,0.00013642206802888523,0.0025203837367736254,Increase
BF_vs_AF,Alpha,16,AF7,HJ,Hjorth Activity,RAW_AF7_HJ_Activity,2532504.054883742,2437649.706465341,-94854.34841840062,-3.7454766651007416,Decrease
BF_vs_AF,Alpha,16,AF7,HJ,Hjorth Complexity,RAW_AF7_HJ_Complexity,1.3249046367576225,1.32311071192716,-0.0017939248304625899,-0.1354002983077166,Decrease
BF_vs_AF,Alpha,16,AF7,HJ,Hjorth Mobility,RAW_AF7_HJ_Mobility,0.6611586890773921,0.6695057130657237,0.008347023988331648,1.2624842002726195,Increase
BF_vs_AF,Alpha,16,AF8,BP,Alpha Band Power,RAW_AF8_BP_Alpha,228958.1266413045,199069.4805758645,-29888.64606544,-13.054197509339696,Decrease
BF_vs_AF,Alpha,16,AF8,RP,Alpha Relative Power,RAW_AF8_RP_Alpha,0.1255733934139488,0.1244257449706465,-0.0011476484433022988,-0.9139264394322062,Decrease
BF_vs_AF,Alpha,16,AF8,EN,Entropy,RAW_AF8_EN,5.405932200065454,5.418323816047479,0.012391615982025428,0.22922255632202326,Increase
BF_vs_AF,Alpha,16,AF8,HJ,Hjorth Activity,RAW_AF8_HJ_Activity,1865074.5159518651,1638246.2235582292,-226828.29239363596,-12.161888999800697,Decrease
BF_vs_AF,Alpha,16,AF8,HJ,Hjorth Complexity,RAW_AF8_HJ_Complexity,1.318517094371881,1.3340934571218996,0.015576362750018724,1.1813546306306357,Increase
BF_vs_AF,Alpha,16,AF8,HJ,Hjorth Mobility,RAW_AF8_HJ_Mobility,0.6642666168599309,0.6575948773810025,-0.006671739478928407,-1.0043767531878285,Decrease
BF_vs_AF,Alpha,16,TP10,BP,Alpha Band Power,RAW_TP10_BP_Alpha,225663.2008494974,231501.8708406013,5838.669991103903,2.58733810790795,Increase
BF_vs_AF,Alpha,16,TP10,RP,Alpha Relative Power,RAW_TP10_RP_Alpha,0.1237377044439582,0.125603563147376,0.0018658587034178081,1.507914432227786,Increase
BF_vs_AF,Alpha,16,TP10,EN,Entropy,RAW_TP10_EN,5.407589599651709,5.418189457564101,0.010599857912391819,0.19601816515577536,Increase
BF_vs_AF,Alpha,16,TP10,HJ,Hjorth Activity,RAW_TP10_HJ_Activity,1856915.4278093567,1800481.459338237,-56433.968471119646,-3.0391243255324785,Decrease
BF_vs_AF,Alpha,16,TP10,HJ,Hjorth Complexity,RAW_TP10_HJ_Complexity,1.3325158098766767,1.3417180025914348,0.009202192714758084,0.6905878824514464,Increase
BF_vs_AF,Alpha,16,TP10,HJ,Hjorth Mobility,RAW_TP10_HJ_Mobility,0.6609672869358113,0.6538176994558128,-0.007149587479998498,-1.0816855268501084,Decrease
BF_vs_AF,Alpha,16,TP9,BP,Alpha Band Power,RAW_TP9_BP_Alpha,233920.47663996488,252728.4637564346,18807.98711646971,8.040333786348143,Increase
BF_vs_AF,Alpha,16,TP9,RP,Alpha Relative Power,RAW_TP9_RP_Alpha,0.1264045759576299,0.1328610100044245,0.006456434046794579,5.107753416267729,Increase
BF_vs_AF,Alpha,16,TP9,EN,Entropy,RAW_TP9_EN,5.417061019837552,5.412194053823149,-0.0048669660144033955,-0.0898451392107329,Decrease
BF_vs_AF,Alpha,16,TP9,HJ,Hjorth Activity,RAW_TP9_HJ_Activity,1836068.3692899344,1899948.922507688,63880.553217753535,3.4792034047434828,Increase
BF_vs_AF,Alpha,16,TP9,HJ,Hjorth Complexity,RAW_TP9_HJ_Complexity,1.32776267314769,1.3360176757187765,0.008255002571086578,0.6217227474482826,Increase
BF_vs_AF,Alpha,16,TP9,HJ,Hjorth Mobility,RAW_TP9_HJ_Mobility,0.6652488239297132,0.6542471214037031,-0.011001702526010071,-1.6537725630271018,Decrease
BF_vs_AF,Alpha,22,AF7,BP,Alpha Band Power,RAW_AF7_BP_Alpha,210196.7761515032,206054.26549504412,-4142.510656459082,-1.9707774459268068,Decrease
BF_vs_AF,Alpha,22,AF7,RP,Alpha Relative Power,RAW_AF7_RP_Alpha,0.1255562306374975,0.1212323967004853,-0.004323833937012189,-3.4437430265773465,Decrease
BF_vs_AF,Alpha,22,AF7,EN,Entropy,RAW_AF7_EN,5.40835871787011,5.39293844816052,-0.01542026970958954,-0.2851192110951965,Decrease
BF_vs_AF,Alpha,22,AF7,HJ,Hjorth Activity,RAW_AF7_HJ_Activity,1725070.8837148687,1709068.330583103,-16002.553131765686,-0.9276461206802616,Decrease
BF_vs_AF,Alpha,22,AF7,HJ,Hjorth Complexity,RAW_AF7_HJ_Complexity,1.3149022499542076,1.3043191479014442,-0.01058310205276336,-0.8048584640517517,Decrease
BF_vs_AF,Alpha,22,AF7,HJ,Hjorth Mobility,RAW_AF7_HJ_Mobility,0.6683052328224894,0.6701940809637351,0.0018888481412456803,0.28263255298307427,Increase
BF_vs_AF,Alpha,22,AF8,BP,Alpha Band Power,RAW_AF8_BP_Alpha,245552.16335637087,236679.67706456265,-8872.486291808222,-3.613279626834949,Decrease
BF_vs_AF,Alpha,22,AF8,RP,Alpha Relative Power,RAW_AF8_RP_Alpha,0.1344547403179551,0.1307049959620972,-0.003749744355857898,-2.7888524770421625,Decrease
BF_vs_AF,Alpha,22,AF8,EN,Entropy,RAW_AF8_EN,5.402880910778154,5.409017157394779,0.006136246616625485,0.11357360485929548,Increase
BF_vs_AF,Alpha,22,AF8,HJ,Hjorth Activity,RAW_AF8_HJ_Activity,1851831.1536352865,1822314.3844642525,-29516.769171033986,-1.5939233505760124,Decrease
BF_vs_AF,Alpha,22,AF8,HJ,Hjorth Complexity,RAW_AF8_HJ_Complexity,1.3165817674248788,1.3154769115678666,-0.0011048558570121436,-0.08391851416666259,Decrease
BF_vs_AF,Alpha,22,AF8,HJ,Hjorth Mobility,RAW_AF8_HJ_Mobility,0.6643472507200998,0.6714957948566347,0.007148544136534873,1.0760252456507373,Increase
BF_vs_AF,Alpha,22,TP10,BP,Alpha Band Power,RAW_TP10_BP_Alpha,189348.85148876923,225152.3919403684,35803.54045159917,18.90877085870403,Increase
BF_vs_AF,Alpha,22,TP10,RP,Alpha Relative Power,RAW_TP10_RP_Alpha,0.1185513493552921,0.133394415470489,0.014843066115196896,12.520368765026044,Increase
BF_vs_AF,Alpha,22,TP10,EN,Entropy,RAW_TP10_EN,5.409035359310842,5.4068555638777696,-0.002179795433072229,-0.04029915295931721,Decrease
BF_vs_AF,Alpha,22,TP10,HJ,Hjorth Activity,RAW_TP10_HJ_Activity,1636093.9010285698,1739641.852178242,103547.95114967227,6.328973605034182,Increase
BF_vs_AF,Alpha,22,TP10,HJ,Hjorth Complexity,RAW_TP10_HJ_Complexity,1.308827733550404,1.3281200269605569,0.019292293410152928,1.4740131887196113,Increase
BF_vs_AF,Alpha,22,TP10,HJ,Hjorth Mobility,RAW_TP10_HJ_Mobility,0.6745641807758191,0.6657228794667167,-0.008841301309102434,-1.3106686600130495,Decrease
BF_vs_AF,Alpha,22,TP9,BP,Alpha Band Power,RAW_TP9_BP_Alpha,215317.0093180528,210340.10447700688,-4976.904841045907,-2.3114313433985774,Decrease
BF_vs_AF,Alpha,22,TP9,RP,Alpha Relative Power,RAW_TP9_RP_Alpha,0.1305279793679529,0.1204998902413952,-0.010028089126557713,-7.682712300547418,Decrease
BF_vs_AF,Alpha,22,TP9,EN,Entropy,RAW_TP9_EN,5.406990350594206,5.402522473871427,-0.0044678767227788185,-0.08263149059046901,Decrease
BF_vs_AF,Alpha,22,TP9,HJ,Hjorth Activity,RAW_TP9_HJ_Activity,1638952.4192935396,1744541.9736098754,105589.55431633582,6.442502727556273,Increase
BF_vs_AF,Alpha,22,TP9,HJ,Hjorth Complexity,RAW_TP9_HJ_Complexity,1.3155622984493376,1.3135275167795943,-0.0020347816697432464,-0.1546701111868026,Decrease
BF_vs_AF,Alpha,22,TP9,HJ,Hjorth Mobility,RAW_TP9_HJ_Mobility,0.665427204093713,0.6697885386410947,0.0043613345473816345,0.6554187325902326,Increase
BF_vs_AF,Alpha,25,AF7,BP,Alpha Band Power,RAW_AF7_BP_Alpha,173365.87058366634,163209.9315852949,-10155.93899837145,-5.858095924059168,Decrease
BF_vs_AF,Alpha,25,AF7,RP,Alpha Relative Power,RAW_AF7_RP_Alpha,0.1264091754005381,0.1229997581245507,-0.0034094172759873836,-2.69712800924803,Decrease
BF_vs_AF,Alpha,25,AF7,EN,Entropy,RAW_AF7_EN,5.423865368834775,5.414116139880103,-0.00974922895467234,-0.1797468832963823,Decrease
BF_vs_AF,Alpha,25,AF7,HJ,Hjorth Activity,RAW_AF7_HJ_Activity,1356492.273348339,1304855.7037659702,-51636.56958236871,-3.8066246743086873,Decrease
BF_vs_AF,Alpha,25,AF7,HJ,Hjorth Complexity,RAW_AF7_HJ_Complexity,1.313481431929964,1.307222578956316,-0.0062588529736478105,-0.4765086754558353,Decrease
BF_vs_AF,Alpha,25,AF7,HJ,Hjorth Mobility,RAW_AF7_HJ_Mobility,0.6738269908371872,0.6773887159438623,0.0035617251066750732,0.5285815432014465,Increase
BF_vs_AF,Alpha,25,AF8,BP,Alpha Band Power,RAW_AF8_BP_Alpha,230602.1300387605,246853.0581924169,16250.928153656423,7.047171745952609,Increase
BF_vs_AF,Alpha,25,AF8,RP,Alpha Relative Power,RAW_AF8_RP_Alpha,0.1175176690198462,0.1225973484730703,0.005079679453224101,4.322481457972292,Increase
BF_vs_AF,Alpha,25,AF8,EN,Entropy,RAW_AF8_EN,5.404979743744688,5.411669395498806,0.006689651754117953,0.1237683038842106,Increase
BF_vs_AF,Alpha,25,AF8,HJ,Hjorth Activity,RAW_AF8_HJ_Activity,1964561.2630251504,2028130.0803474905,63568.817322340095,3.2357767873552072,Increase
BF_vs_AF,Alpha,25,AF8,HJ,Hjorth Complexity,RAW_AF8_HJ_Complexity,1.3083105311510588,1.3080495287394145,-0.0002610024116442844,-0.01994957660507808,Decrease
BF_vs_AF,Alpha,25,AF8,HJ,Hjorth Mobility,RAW_AF8_HJ_Mobility,0.6753304461489917,0.6754105819606199,8.013581162813477e-05,0.011866163014728818,Increase
BF_vs_AF,Alpha,25,TP10,BP,Alpha Band Power,RAW_TP10_BP_Alpha,207644.4737815433,201946.682965779,-5697.790815764281,-2.74401274062259,Decrease
BF_vs_AF,Alpha,25,TP10,RP,Alpha Relative Power,RAW_TP10_RP_Alpha,0.1276564331790616,0.123740447126897,-0.003915986052164616,-3.067597891186358,Decrease
BF_vs_AF,Alpha,25,TP10,EN,Entropy,RAW_TP10_EN,5.435685831816571,5.432407434249929,-0.003278397566641722,-0.0603124917090012,Decrease
BF_vs_AF,Alpha,25,TP10,HJ,Hjorth Activity,RAW_TP10_HJ_Activity,1676628.089587615,1644175.02733685,-32453.06225076504,-1.935614848177047,Decrease
BF_vs_AF,Alpha,25,TP10,HJ,Hjorth Complexity,RAW_TP10_HJ_Complexity,1.30782280874995,1.302385368868734,-0.005437439881216033,-0.4157627351990653,Decrease
BF_vs_AF,Alpha,25,TP10,HJ,Hjorth Mobility,RAW_TP10_HJ_Mobility,0.6816088226100352,0.6873943599770957,0.005785537367060556,0.8488061150538542,Increase
BF_vs_AF,Alpha,25,TP9,BP,Alpha Band Power,RAW_TP9_BP_Alpha,230124.29837956236,242445.54749201675,12321.249112454389,5.354171288827557,Increase
BF_vs_AF,Alpha,25,TP9,RP,Alpha Relative Power,RAW_TP9_RP_Alpha,0.1249682878609608,0.1195000729557654,-0.005468214905195404,-4.37568202204972,Decrease
BF_vs_AF,Alpha,25,TP9,EN,Entropy,RAW_TP9_EN,5.400514784380692,5.405137717971588,0.004622933590895606,0.08560172086309258,Increase
BF_vs_AF,Alpha,25,TP9,HJ,Hjorth Activity,RAW_TP9_HJ_Activity,1889571.9870677087,2096339.2022709483,206767.21520323958,10.942542365062618,Increase
BF_vs_AF,Alpha,25,TP9,HJ,Hjorth Complexity,RAW_TP9_HJ_Complexity,1.31374790414658,1.3089333995781804,-0.004814504568399602,-0.36647096092055337,Decrease
BF_vs_AF,Alpha,25,TP9,HJ,Hjorth Mobility,RAW_TP9_HJ_Mobility,0.670604657505845,0.6741121761483634,0.0035075186425184146,0.5230382168182068,Increase
BF_vs_AF,Alpha,26,AF7,BP,Alpha Band Power,RAW_AF7_BP_Alpha,184253.54407695812,185012.4410192504,758.8969422922819,0.4118764423740526,Increase
BF_vs_AF,Alpha,26,AF7,RP,Alpha Relative Power,RAW_AF7_RP_Alpha,0.1203075236459526,0.1218193944879809,0.0015118708420283067,1.2566718989890615,Increase
BF_vs_AF,Alpha,26,AF7,EN,Entropy,RAW_AF7_EN,5.415537632324157,5.41348145063732,-0.0020561816868367444,-0.03796819127548568,Decrease
BF_vs_AF,Alpha,26,AF7,HJ,Hjorth Activity,RAW_AF7_HJ_Activity,1514633.8065579063,1532316.0245609712,17682.21800306486,1.1674252830292182,Increase
BF_vs_AF,Alpha,26,AF7,HJ,Hjorth Complexity,RAW_AF7_HJ_Complexity,1.3128530657479265,1.3182379669391304,0.005384901191203939,0.4101678498298806,Increase
BF_vs_AF,Alpha,26,AF7,HJ,Hjorth Mobility,RAW_AF7_HJ_Mobility,0.6719272695365942,0.6730278216985375,0.001100552161943269,0.16379037015453818,Increase
BF_vs_AF,Alpha,26,AF8,BP,Alpha Band Power,RAW_AF8_BP_Alpha,168865.09035944752,177034.57216284474,8169.4818033972115,4.837874889361436,Increase
BF_vs_AF,Alpha,26,AF8,RP,Alpha Relative Power,RAW_AF8_RP_Alpha,0.1221642658488014,0.1249114805151608,0.002747214666359396,2.248787439822649,Increase
BF_vs_AF,Alpha,26,AF8,EN,Entropy,RAW_AF8_EN,5.406906241341586,5.417082891628631,0.010176650287045064,0.18821577132656156,Increase
BF_vs_AF,Alpha,26,AF8,HJ,Hjorth Activity,RAW_AF8_HJ_Activity,1465357.9662456887,1453437.4546938664,-11920.511551822303,-0.8134880231594998,Decrease
BF_vs_AF,Alpha,26,AF8,HJ,Hjorth Complexity,RAW_AF8_HJ_Complexity,1.3175565011016606,1.3204511530280585,0.0028946519263979287,0.21969850431291538,Increase
BF_vs_AF,Alpha,26,AF8,HJ,Hjorth Mobility,RAW_AF8_HJ_Mobility,0.6747874635204161,0.6746732142256998,-0.0001142492947162621,-0.016931152532119534,Decrease
BF_vs_AF,Alpha,26,TP10,BP,Alpha Band Power,RAW_TP10_BP_Alpha,198924.6588077492,200398.67518225632,1474.0163745071332,0.7409922848889724,Increase
BF_vs_AF,Alpha,26,TP10,RP,Alpha Relative Power,RAW_TP10_RP_Alpha,0.1205877744618223,0.1221433132961475,0.0015555388343252013,1.2899639629867121,Increase
BF_vs_AF,Alpha,26,TP10,EN,Entropy,RAW_TP10_EN,5.420115303794717,5.416309733313711,-0.0038055704810062707,-0.07021198383624651,Decrease
BF_vs_AF,Alpha,26,TP10,HJ,Hjorth Activity,RAW_TP10_HJ_Activity,1612369.78614377,1677778.114067893,65408.327924123034,4.056658000306313,Increase
BF_vs_AF,Alpha,26,TP10,HJ,Hjorth Complexity,RAW_TP10_HJ_Complexity,1.312993503810172,1.3066406058501392,-0.0063528979600329105,-0.4838483923642771,Decrease
BF_vs_AF,Alpha,26,TP10,HJ,Hjorth Mobility,RAW_TP10_HJ_Mobility,0.6797168541694364,0.6792610746334946,-0.00045577953594178044,-0.0670543231561779,Decrease
BF_vs_AF,Alpha,26,TP9,BP,Alpha Band Power,RAW_TP9_BP_Alpha,185367.0990632901,211783.7087462343,26416.609682944196,14.25097000300185,Increase
BF_vs_AF,Alpha,26,TP9,RP,Alpha Relative Power,RAW_TP9_RP_Alpha,0.1144759303510667,0.1269941998691685,0.012518269518101796,10.935285242680843,Increase
BF_vs_AF,Alpha,26,TP9,EN,Entropy,RAW_TP9_EN,5.417606110387204,5.409784679037365,-0.007821431349839258,-0.14437061666117046,Decrease
BF_vs_AF,Alpha,26,TP9,HJ,Hjorth Activity,RAW_TP9_HJ_Activity,1620256.8785163416,1579590.716541604,-40666.16197473765,-2.509858931256344,Decrease
BF_vs_AF,Alpha,26,TP9,HJ,Hjorth Complexity,RAW_TP9_HJ_Complexity,1.3084809670921267,1.3045818187578972,-0.003899148334229441,-0.29799045093446225,Decrease
BF_vs_AF,Alpha,26,TP9,HJ,Hjorth Mobility,RAW_TP9_HJ_Mobility,0.6737617783303618,0.677637800243061,0.0038760219126992013,0.5752807650063364,Increase
BF_vs_AF,Alpha,27,AF7,BP,Alpha Band Power,RAW_AF7_BP_Alpha,236557.20064685936,298304.4631662499,61747.262519390555,26.10246585204099,Increase
BF_vs_AF,Alpha,27,AF7,RP,Alpha Relative Power,RAW_AF7_RP_Alpha,0.1137177405878133,0.1207251849638243,0.007007444376011002,6.162138237876635,Increase
BF_vs_AF,Alpha,27,AF7,EN,Entropy,RAW_AF7_EN,5.317782541518584,5.406499646565668,0.08871710504708386,1.668310134053529,Increase
BF_vs_AF,Alpha,27,AF7,HJ,Hjorth Activity,RAW_AF7_HJ_Activity,2079471.7681545108,2427077.8458777256,347606.07772321487,16.716075834571598,Increase
BF_vs_AF,Alpha,27,AF7,HJ,Hjorth Complexity,RAW_AF7_HJ_Complexity,1.3884363273451703,1.3295235109779957,-0.0589128163671746,-4.243105370184446,Decrease
BF_vs_AF,Alpha,27,AF7,HJ,Hjorth Mobility,RAW_AF7_HJ_Mobility,0.6562990636603903,0.6769108205737795,0.020611756913389234,3.140604345590691,Increase
BF_vs_AF,Alpha,27,AF8,BP,Alpha Band Power,RAW_AF8_BP_Alpha,206487.01102290576,237952.4549648513,31465.44394194553,15.238461628201419,Increase
BF_vs_AF,Alpha,27,AF8,RP,Alpha Relative Power,RAW_AF8_RP_Alpha,0.1202727179405885,0.1223645363695908,0.002091818429002301,1.7392293654123652,Increase
BF_vs_AF,Alpha,27,AF8,EN,Entropy,RAW_AF8_EN,5.41370893414833,5.412778678045201,-0.0009302561031292456,-0.01718334166917289,Decrease
BF_vs_AF,Alpha,27,AF8,HJ,Hjorth Activity,RAW_AF8_HJ_Activity,1794954.0775318737,1954514.2974774227,159560.21994554903,8.889376165263798,Increase
BF_vs_AF,Alpha,27,AF8,HJ,Hjorth Complexity,RAW_AF8_HJ_Complexity,1.3051817928689529,1.3118286851112688,0.00664689224231596,0.5092694579890867,Increase
BF_vs_AF,Alpha,27,AF8,HJ,Hjorth Mobility,RAW_AF8_HJ_Mobility,0.680114100582285,0.6763815110910729,-0.003732589491212135,-0.5488181303720139,Decrease
BF_vs_AF,Alpha,27,TP10,BP,Alpha Band Power,RAW_TP10_BP_Alpha,146717.1720319326,171815.256215747,25098.08418381441,17.10643944142536,Increase
BF_vs_AF,Alpha,27,TP10,RP,Alpha Relative Power,RAW_TP10_RP_Alpha,0.1005150648947142,0.1016248289461237,0.001109764051409487,1.1040773366379693,Increase
BF_vs_AF,Alpha,27,TP10,EN,Entropy,RAW_TP10_EN,5.219754405142633,5.1883134758985205,-0.03144092924411268,-0.602344991809122,Decrease
BF_vs_AF,Alpha,27,TP10,HJ,Hjorth Activity,RAW_TP10_HJ_Activity,1545684.5389609276,1643470.542437932,97786.00347700436,6.326388147916657,Increase
BF_vs_AF,Alpha,27,TP10,HJ,Hjorth Complexity,RAW_TP10_HJ_Complexity,1.284568413513412,1.2483759728785675,-0.036192440634844614,-2.817478637502457,Decrease
BF_vs_AF,Alpha,27,TP10,HJ,Hjorth Mobility,RAW_TP10_HJ_Mobility,0.7305303560188879,0.7557576795615343,0.02522732354264634,3.453288879072136,Increase
BF_vs_AF,Alpha,27,TP9,BP,Alpha Band Power,RAW_TP9_BP_Alpha,167029.6746948723,127895.00460067503,-39134.67009419725,-23.429770886932502,Decrease
BF_vs_AF,Alpha,27,TP9,RP,Alpha Relative Power,RAW_TP9_RP_Alpha,0.1187691380626794,0.0623864838938821,-0.0563826541687973,-47.47247903663479,Decrease
BF_vs_AF,Alpha,27,TP9,EN,Entropy,RAW_TP9_EN,5.168798119791255,4.5519511291941015,-0.6168469905971534,-11.93405074644442,Decrease
BF_vs_AF,Alpha,27,TP9,HJ,Hjorth Activity,RAW_TP9_HJ_Activity,1329285.297709789,1962281.2647463928,632995.967036604,47.619270906492815,Increase
BF_vs_AF,Alpha,27,TP9,HJ,Hjorth Complexity,RAW_TP9_HJ_Complexity,1.3746906984017386,1.145697907272071,-0.22899279112966764,-16.657768281687098,Decrease
BF_vs_AF,Alpha,27,TP9,HJ,Hjorth Mobility,RAW_TP9_HJ_Mobility,0.6782474640670051,0.847746983850852,0.16949951978384692,24.990807745519533,Increase
BF_vs_AF,Alpha,28,AF7,BP,Alpha Band Power,RAW_AF7_BP_Alpha,253460.7313824777,267083.3427297326,13622.611347254919,5.374643745779343,Increase
BF_vs_AF,Alpha,28,AF7,RP,Alpha Relative Power,RAW_AF7_RP_Alpha,0.1181686148596126,0.1139396538536197,-0.00422896100599289,-3.578751440064696,Decrease
BF_vs_AF,Alpha,28,AF7,EN,Entropy,RAW_AF7_EN,5.424686265745111,5.391690279138608,-0.032995986606502825,-0.6082561274531264,Decrease
BF_vs_AF,Alpha,28,AF7,HJ,Hjorth Activity,RAW_AF7_HJ_Activity,2212149.0077961087,2437263.643011515,225114.6352154063,10.176287149828148,Increase
BF_vs_AF,Alpha,28,AF7,HJ,Hjorth Complexity,RAW_AF7_HJ_Complexity,1.3236886033306934,1.3434533352182898,0.01976473188759642,1.493155704284526,Increase
BF_vs_AF,Alpha,28,AF7,HJ,Hjorth Mobility,RAW_AF7_HJ_Mobility,0.6889389267323296,0.6807902248640523,-0.00814870186827732,-1.1827901650044663,Decrease
BF_vs_AF,Alpha,28,AF8,BP,Alpha Band Power,RAW_AF8_BP_Alpha,295115.6031458453,275572.52719143825,-19543.075954407046,-6.62217644410652,Decrease
BF_vs_AF,Alpha,28,AF8,RP,Alpha Relative Power,RAW_AF8_RP_Alpha,0.1270231463337822,0.12138018603548,-0.005642960298302205,-4.4424661655554045,Decrease
BF_vs_AF,Alpha,28,AF8,EN,Entropy,RAW_AF8_EN,5.403696727407767,5.411893292162558,0.008196564754791247,0.15168439622486474,Increase
BF_vs_AF,Alpha,28,AF8,HJ,Hjorth Activity,RAW_AF8_HJ_Activity,2335052.53544096,2221645.0535431425,-113407.48189781746,-4.85674220072317,Decrease
BF_vs_AF,Alpha,28,AF8,HJ,Hjorth Complexity,RAW_AF8_HJ_Complexity,1.3262068418613,1.316187731323116,-0.01001911053818394,-0.7554711845795,Decrease
BF_vs_AF,Alpha,28,AF8,HJ,Hjorth Mobility,RAW_AF8_HJ_Mobility,0.663671713769076,0.6713846985384109,0.007712984769334907,1.162168676066046,Increase
BF_vs_AF,Alpha,28,TP10,BP,Alpha Band Power,RAW_TP10_BP_Alpha,182251.76512755445,163335.92419051612,-18915.84093703833,-10.378961720233274,Decrease
BF_vs_AF,Alpha,28,TP10,RP,Alpha Relative Power,RAW_TP10_RP_Alpha,0.0937519288919131,0.0792505899797383,-0.014501338912174797,-15.467776592515165,Decrease
BF_vs_AF,Alpha,28,TP10,EN,Entropy,RAW_TP10_EN,4.818192381968147,4.876427372355128,0.05823499038698099,1.2086480939391844,Increase
BF_vs_AF,Alpha,28,TP10,HJ,Hjorth Activity,RAW_TP10_HJ_Activity,1893360.2602752843,2078582.1039104837,185221.84363519936,9.782704724576247,Increase
BF_vs_AF,Alpha,28,TP10,HJ,Hjorth Complexity,RAW_TP10_HJ_Complexity,1.2120049001272584,1.224949556437919,0.012944656310660552,1.068036631642445,Increase
BF_vs_AF,Alpha,28,TP10,HJ,Hjorth Mobility,RAW_TP10_HJ_Mobility,0.7781767237196078,0.777212403912835,-0.0009643198067728065,-0.12392041259772628,Decrease
BF_vs_AF,Alpha,28,TP9,BP,Alpha Band Power,RAW_TP9_BP_Alpha,128994.99735242053,162264.94714496864,33269.94979254811,25.791658959961843,Increase
BF_vs_AF,Alpha,28,TP9,RP,Alpha Relative Power,RAW_TP9_RP_Alpha,0.0700791581739656,0.0843807464040534,0.0143015882300878,20.407762596955454,Increase
BF_vs_AF,Alpha,28,TP9,EN,Entropy,RAW_TP9_EN,4.983312058540581,4.90556210682843,-0.07774995171215071,-1.5602063607254941,Decrease
BF_vs_AF,Alpha,28,TP9,HJ,Hjorth Activity,RAW_TP9_HJ_Activity,1854077.050321592,1879728.9917107471,25651.94138915511,1.3835423605888302,Increase
BF_vs_AF,Alpha,28,TP9,HJ,Hjorth Complexity,RAW_TP9_HJ_Complexity,1.240320762182075,1.2117605935166256,-0.028560168665449526,-2.302643762505766,Decrease
BF_vs_AF,Alpha,28,TP9,HJ,Hjorth Mobility,RAW_TP9_HJ_Mobility,0.7480571096856138,0.7855278959785014,0.03747078629288758,5.0090809655743325,Increase
BF_vs_AF,Theta,1,AF7,EN,Entropy,RAW_AF7_EN,5.402825132003376,5.405201674269435,0.0023765422660586566,0.04398702915593774,Increase
BF_vs_AF,Theta,1,AF7,HJ,Hjorth Activity,RAW_AF7_HJ_Activity,1877928.498986556,1972198.1872532272,94269.68826667126,5.019876332754144,Increase
BF_vs_AF,Theta,1,AF7,HJ,Hjorth Complexity,RAW_AF7_HJ_Complexity,1.3139016413615554,1.3277981499701954,0.013896508608640001,1.0576521233537302,Increase
BF_vs_AF,Theta,1,AF7,HJ,Hjorth Mobility,RAW_AF7_HJ_Mobility,0.6711509769711477,0.662233898285839,-0.008917078685308666,-1.3286248536135268,Decrease
BF_vs_AF,Theta,1,AF7,BP,Theta Band Power,RAW_AF7_BP_Theta,190947.78543432307,210784.24628150003,19836.46084717696,10.38842152688896,Increase
BF_vs_AF,Theta,1,AF7,RP,Theta Relative Power,RAW_AF7_RP_Theta,0.1060896954145932,0.1057873271316626,-0.0003023682829306068,-0.2850119248141554,Decrease
BF_vs_AF,Theta,1,AF8,EN,Entropy,RAW_AF8_EN,5.408981396228745,5.401801294159147,-0.007180102069598071,-0.13274407034574362,Decrease
BF_vs_AF,Theta,1,AF8,HJ,Hjorth Activity,RAW_AF8_HJ_Activity,1793028.1877018,1790254.0254517633,-2774.1622500366066,-0.15471938863339163,Decrease
BF_vs_AF,Theta,1,AF8,HJ,Hjorth Complexity,RAW_AF8_HJ_Complexity,1.3226756299809153,1.311768029558697,-0.010907600422218167,-0.824661782146508,Decrease
BF_vs_AF,Theta,1,AF8,HJ,Hjorth Mobility,RAW_AF8_HJ_Mobility,0.6659409247012404,0.6722464126404071,0.006305487939166632,0.946853948343158,Increase
BF_vs_AF,Theta,1,AF8,BP,Theta Band Power,RAW_AF8_BP_Theta,180377.2098625763,188933.1603891381,8555.950526561792,4.743365602051557,Increase
BF_vs_AF,Theta,1,AF8,RP,Theta Relative Power,RAW_AF8_RP_Theta,0.1033498420486028,0.1031417560870193,-0.000208085961583504,-0.2013413445621392,Decrease
BF_vs_AF,Theta,1,TP10,EN,Entropy,RAW_TP10_EN,5.417307614662321,5.414887504374313,-0.002420110288007926,-0.044673672978394814,Decrease
BF_vs_AF,Theta,1,TP10,HJ,Hjorth Activity,RAW_TP10_HJ_Activity,1878640.772773216,1944952.1537182608,66311.3809450448,3.5297531016085166,Increase
BF_vs_AF,Theta,1,TP10,HJ,Hjorth Complexity,RAW_TP10_HJ_Complexity,1.3247888919826871,1.324804040179408,1.5148196720771168e-05,0.00114344231088021,Increase
BF_vs_AF,Theta,1,TP10,HJ,Hjorth Mobility,RAW_TP10_HJ_Mobility,0.6627468245006571,0.6670050644532972,0.004258239952640075,0.6425138220539075,Increase
BF_vs_AF,Theta,1,TP10,BP,Theta Band Power,RAW_TP10_BP_Theta,192518.13297527903,188809.7680363543,-3708.3649389247294,-1.9262418981597516,Decrease
BF_vs_AF,Theta,1,TP10,RP,Theta Relative Power,RAW_TP10_RP_Theta,0.1025424146234889,0.0961122416736462,-0.006430172949842702,-6.270744621581958,Decrease
BF_vs_AF,Theta,1,TP9,EN,Entropy,RAW_TP9_EN,5.410009140296133,5.40877929764175,-0.001229842654382196,-0.02273272784738543,Decrease
BF_vs_AF,Theta,1,TP9,HJ,Hjorth Activity,RAW_TP9_HJ_Activity,1917621.8123279165,2064939.8705613613,147318.0582334448,7.682331171160728,Increase
BF_vs_AF,Theta,1,TP9,HJ,Hjorth Complexity,RAW_TP9_HJ_Complexity,1.3148771780587736,1.3294276108307368,0.014550432771963218,1.1066001459881472,Increase
BF_vs_AF,Theta,1,TP9,HJ,Hjorth Mobility,RAW_TP9_HJ_Mobility,0.6707327937504237,0.660311216975648,-0.010421576774775732,-1.553759838773225,Decrease
BF_vs_AF,Theta,1,TP9,BP,Theta Band Power,RAW_TP9_BP_Theta,190848.13219409907,226195.60262709224,35347.47043299317,18.521255632223628,Increase
BF_vs_AF,Theta,1,TP9,RP,Theta Relative Power,RAW_TP9_RP_Theta,0.1010201879774206,0.112597352871434,0.011577164894013406,11.460248813436243,Increase
BF_vs_AF,Theta,2,AF7,EN,Entropy,RAW_AF7_EN,5.406896216260327,5.401133097281749,-0.0057631189785780634,-0.10658830404856777,Decrease
BF_vs_AF,Theta,2,AF7,HJ,Hjorth Activity,RAW_AF7_HJ_Activity,1684541.9531380087,1671963.5844207825,-12578.3687172262,-0.7466937047067831,Decrease
BF_vs_AF,Theta,2,AF7,HJ,Hjorth Complexity,RAW_AF7_HJ_Complexity,1.3004500274496795,1.2958957377410478,-0.004554289708631698,-0.35020874408862473,Decrease
BF_vs_AF,Theta,2,AF7,HJ,Hjorth Mobility,RAW_AF7_HJ_Mobility,0.6759978367910863,0.681814092787419,0.005816255996332731,0.8603956521432206,Increase
BF_vs_AF,Theta,2,AF7,BP,Theta Band Power,RAW_AF7_BP_Theta,163465.44059114324,163054.60445440427,-410.83613673897344,-0.25132904866818256,Decrease
BF_vs_AF,Theta,2,AF7,RP,Theta Relative Power,RAW_AF7_RP_Theta,0.1013012739967045,0.0971583700837722,-0.004142903912932289,-4.089685893848744,Decrease
BF_vs_AF,Theta,2,AF8,EN,Entropy,RAW_AF8_EN,5.39428976034464,5.40730166840247,0.01301190805782948,0.2412163349748967,Increase
BF_vs_AF,Theta,2,AF8,HJ,Hjorth Activity,RAW_AF8_HJ_Activity,1719046.623233544,1731788.9407038,12742.317470256006,0.7412432739193298,Increase
BF_vs_AF,Theta,2,AF8,HJ,Hjorth Complexity,RAW_AF8_HJ_Complexity,1.3017011538754977,1.3063749137067249,0.004673759831227198,0.3590501412180682,Increase
BF_vs_AF,Theta,2,AF8,HJ,Hjorth Mobility,RAW_AF8_HJ_Mobility,0.6786471454900103,0.6749916004217427,-0.003655545068267596,-0.5386518005064542,Decrease
BF_vs_AF,Theta,2,AF8,BP,Theta Band Power,RAW_AF8_BP_Theta,158676.6636574383,158870.800502125,194.13684468669817,0.12234744556125383,Increase
BF_vs_AF,Theta,2,AF8,RP,Theta Relative Power,RAW_AF8_RP_Theta,0.0961155494121867,0.0945246517676755,-0.0015908976445112022,-1.6551927905949095,Decrease
BF_vs_AF,Theta,2,TP10,EN,Entropy,RAW_TP10_EN,5.402429921684916,5.408153099919273,0.00572317823435764,0.10593711195373895,Increase
BF_vs_AF,Theta,2,TP10,HJ,Hjorth Activity,RAW_TP10_HJ_Activity,1915812.2789246272,1739002.990864179,-176809.28806044813,-9.228946385065123,Decrease
BF_vs_AF,Theta,2,TP10,HJ,Hjorth Complexity,RAW_TP10_HJ_Complexity,1.3124326820061245,1.3202405526871723,0.007807870681047824,0.5949158983996856,Increase
BF_vs_AF,Theta,2,TP10,HJ,Hjorth Mobility,RAW_TP10_HJ_Mobility,0.6744919317622526,0.6685618009039898,-0.005930130858262883,-0.8791996729700182,Decrease
BF_vs_AF,Theta,2,TP10,BP,Theta Band Power,RAW_TP10_BP_Theta,188952.20593867652,178951.14461700455,-10001.061321671965,-5.292905299511432,Decrease
BF_vs_AF,Theta,2,TP10,RP,Theta Relative Power,RAW_TP10_RP_Theta,0.1036285107343994,0.1050198864759849,0.0013913757415855016,1.3426572781226271,Increase
BF_vs_AF,Theta,2,TP9,EN,Entropy,RAW_TP9_EN,5.41915451248653,5.405564533292939,-0.013589979193591617,-0.25077674316682247,Decrease
BF_vs_AF,Theta,2,TP9,HJ,Hjorth Activity,RAW_TP9_HJ_Activity,1669724.5463530892,1632539.470265876,-37185.07608721312,-2.227018592284009,Decrease
BF_vs_AF,Theta,2,TP9,HJ,Hjorth Complexity,RAW_TP9_HJ_Complexity,1.3183854079597717,1.3139382616334836,-0.004447146326288065,-0.33731762346870287,Decrease
BF_vs_AF,Theta,2,TP9,HJ,Hjorth Mobility,RAW_TP9_HJ_Mobility,0.6678253846866344,0.6693150986673937,0.0014897139807592552,0.2230693853391449,Increase
BF_vs_AF,Theta,2,TP9,BP,Theta Band Power,RAW_TP9_BP_Theta,161412.56189969377,180406.771211094,18994.20931140022,11.767491382240589,Increase
BF_vs_AF,Theta,2,TP9,RP,Theta Relative Power,RAW_TP9_RP_Theta,0.1012191995649895,0.1106071503101015,0.009387950745112006,9.27487155150275,Increase
BF_vs_AF,Theta,9,AF7,EN,Entropy,RAW_AF7_EN,5.413944405994572,5.394038459120504,-0.01990594687406766,-0.3676791888004403,Decrease
BF_vs_AF,Theta,9,AF7,HJ,Hjorth Activity,RAW_AF7_HJ_Activity,1943464.212952936,2133898.408393494,190434.19544055779,9.798698333179415,Increase
BF_vs_AF,Theta,9,AF7,HJ,Hjorth Complexity,RAW_AF7_HJ_Complexity,1.3118449987132106,1.3153866743778055,0.0035416756645949565,0.2699766868851875,Increase
BF_vs_AF,Theta,9,AF7,HJ,Hjorth Mobility,RAW_AF7_HJ_Mobility,0.6691918055230357,0.666586864418383,-0.0026049411046527027,-0.38926673685382307,Decrease
BF_vs_AF,Theta,9,AF7,BP,Theta Band Power,RAW_AF7_BP_Theta,190685.1273036384,212684.60195776392,21999.474654125515,11.537068970824633,Increase
BF_vs_AF,Theta,9,AF7,RP,Theta Relative Power,RAW_AF7_RP_Theta,0.1023547575811584,0.1045246317142899,0.002169874133131494,2.1199543474185583,Increase
BF_vs_AF,Theta,9,AF8,EN,Entropy,RAW_AF8_EN,5.398836662268932,5.399309463206713,0.0004728009377803488,0.008757459566884692,Increase
BF_vs_AF,Theta,9,AF8,HJ,Hjorth Activity,RAW_AF8_HJ_Activity,2070466.0581160544,2261133.94772366,190667.88960760576,9.208935778502793,Increase
BF_vs_AF,Theta,9,AF8,HJ,Hjorth Complexity,RAW_AF8_HJ_Complexity,1.315904970225254,1.3356324134031496,0.019727443177895543,1.4991540897150526,Increase
BF_vs_AF,Theta,9,AF8,HJ,Hjorth Mobility,RAW_AF8_HJ_Mobility,0.6662021633606702,0.6631348678155277,-0.003067295545142512,-0.4604151282952127,Decrease
BF_vs_AF,Theta,9,AF8,BP,Theta Band Power,RAW_AF8_BP_Theta,224094.34492613043,246375.03415824624,22280.68923211581,9.942548634799476,Increase
BF_vs_AF,Theta,9,AF8,RP,Theta Relative Power,RAW_AF8_RP_Theta,0.1132635626284114,0.1120455618791946,-0.0012180007492168105,-1.0753685659815924,Decrease
BF_vs_AF,Theta,9,TP10,EN,Entropy,RAW_TP10_EN,5.413848573883188,5.41613367015108,0.002285096267891973,0.04220835209384039,Increase
BF_vs_AF,Theta,9,TP10,HJ,Hjorth Activity,RAW_TP10_HJ_Activity,2132641.1647998164,1652590.4515444138,-480050.71325540263,-22.509680539738774,Decrease
BF_vs_AF,Theta,9,TP10,HJ,Hjorth Complexity,RAW_TP10_HJ_Complexity,1.3262805099062345,1.3150495022936002,-0.011231007612634292,-0.8468048447329066,Decrease
BF_vs_AF,Theta,9,TP10,HJ,Hjorth Mobility,RAW_TP10_HJ_Mobility,0.6649893976425686,0.6719484682709391,0.006959070628370534,1.0464934708795206,Increase
BF_vs_AF,Theta,9,TP10,BP,Theta Band Power,RAW_TP10_BP_Theta,228613.74396579,167749.0563173571,-60864.68764843288,-26.623372065303624,Decrease
BF_vs_AF,Theta,9,TP10,RP,Theta Relative Power,RAW_TP10_RP_Theta,0.106819523625402,0.1025252527842996,-0.004294270841102399,-4.020117947877844,Decrease
BF_vs_AF,Theta,9,TP9,EN,Entropy,RAW_TP9_EN,5.409572383393136,5.409645034474264,7.265108112797236e-05,0.001343009686884016,Increase
BF_vs_AF,Theta,9,TP9,HJ,Hjorth Activity,RAW_TP9_HJ_Activity,2216416.4470442897,2039514.8196418688,-176901.62740242085,-7.981425496022133,Decrease
BF_vs_AF,Theta,9,TP9,HJ,Hjorth Complexity,RAW_TP9_HJ_Complexity,1.3181230631669223,1.3348618302151507,0.01673876704822841,1.269894102908104,Increase
BF_vs_AF,Theta,9,TP9,HJ,Hjorth Mobility,RAW_TP9_HJ_Mobility,0.6678289735406572,0.655530237323422,-0.012298736217235207,-1.8415996766403344,Decrease
BF_vs_AF,Theta,9,TP9,BP,Theta Band Power,RAW_TP9_BP_Theta,221963.29874636448,214688.19887401647,-7275.099872348015,-3.2776138728507584,Decrease
BF_vs_AF,Theta,9,TP9,RP,Theta Relative Power,RAW_TP9_RP_Theta,0.1005156388731325,0.1084471407131948,0.007931501840062305,7.8908137370277105,Increase
BF_vs_AF,Theta,14,AF7,EN,Entropy,RAW_AF7_EN,5.413929056962397,5.407157876232947,-0.006771180729449711,-0.12506962426376583,Decrease
BF_vs_AF,Theta,14,AF7,HJ,Hjorth Activity,RAW_AF7_HJ_Activity,1734168.62809873,1850252.2199659536,116083.59186722361,6.693904501922216,Increase
BF_vs_AF,Theta,14,AF7,HJ,Hjorth Complexity,RAW_AF7_HJ_Complexity,1.3171810640242487,1.313888884892925,-0.003292179131323625,-0.24994127392519344,Decrease
BF_vs_AF,Theta,14,AF7,HJ,Hjorth Mobility,RAW_AF7_HJ_Mobility,0.6673279365850924,0.6701935173348073,0.00286558074971488,0.42941117741584073,Increase
BF_vs_AF,Theta,14,AF7,BP,Theta Band Power,RAW_AF7_BP_Theta,164642.5766706257,177285.43414916302,12642.857478537306,7.678972070407927,Increase
BF_vs_AF,Theta,14,AF7,RP,Theta Relative Power,RAW_AF7_RP_Theta,0.0984248804650425,0.0973783337263864,-0.00104654673865609,-1.0632949044096542,Decrease
BF_vs_AF,Theta,14,AF8,EN,Entropy,RAW_AF8_EN,5.411767751378347,5.396327353663552,-0.015440397714795218,-0.2853115363434182,Decrease
BF_vs_AF,Theta,14,AF8,HJ,Hjorth Activity,RAW_AF8_HJ_Activity,1698023.550913037,1709868.364877648,11844.81396461092,0.6975647633533643,Increase
BF_vs_AF,Theta,14,AF8,HJ,Hjorth Complexity,RAW_AF8_HJ_Complexity,1.312644254657395,1.3078587325786624,-0.004785522078732729,-0.36457113660104107,Decrease
BF_vs_AF,Theta,14,AF8,HJ,Hjorth Mobility,RAW_AF8_HJ_Mobility,0.6749070065070533,0.6724896450149924,-0.0024173614920608433,-0.3581769738281092,Decrease
BF_vs_AF,Theta,14,AF8,BP,Theta Band Power,RAW_AF8_BP_Theta,172376.80443256185,170005.3034112822,-2371.5010212796624,-1.375765741270284,Decrease
BF_vs_AF,Theta,14,AF8,RP,Theta Relative Power,RAW_AF8_RP_Theta,0.1013880231488865,0.1008033754983538,-0.0005846476505326909,-0.5766437024560054,Decrease
BF_vs_AF,Theta,14,TP10,EN,Entropy,RAW_TP10_EN,5.414278481098913,5.420900275622586,0.0066217945236726194,0.12230243691360003,Increase
BF_vs_AF,Theta,14,TP10,HJ,Hjorth Activity,RAW_TP10_HJ_Activity,1787065.4180087892,1647494.9280586191,-139570.48995017004,-7.810038096181413,Decrease
BF_vs_AF,Theta,14,TP10,HJ,Hjorth Complexity,RAW_TP10_HJ_Complexity,1.3357114799441572,1.3264806938122398,-0.009230786131917412,-0.6910763492354898,Decrease
BF_vs_AF,Theta,14,TP10,HJ,Hjorth Mobility,RAW_TP10_HJ_Mobility,0.6623221437451652,0.6649466518259892,0.0026245080808240395,0.3962585436119503,Increase
BF_vs_AF,Theta,14,TP10,BP,Theta Band Power,RAW_TP10_BP_Theta,192380.2220324974,171439.35644579085,-20940.865586706554,-10.88514472302104,Decrease
BF_vs_AF,Theta,14,TP10,RP,Theta Relative Power,RAW_TP10_RP_Theta,0.1081863264767799,0.1101666997526425,0.0019803732758625903,1.830520861883261,Increase
BF_vs_AF,Theta,14,TP9,EN,Entropy,RAW_TP9_EN,5.411111927637603,5.415461705870888,0.004349778233284418,0.08038603324887156,Increase
BF_vs_AF,Theta,14,TP9,HJ,Hjorth Activity,RAW_TP9_HJ_Activity,1839293.847532605,1712740.5992803234,-126553.24825228169,-6.8805345280772645,Decrease
BF_vs_AF,Theta,14,TP9,HJ,Hjorth Complexity,RAW_TP9_HJ_Complexity,1.33126976007373,1.3311818317198911,-8.7928353838862e-05,-0.006604848729831604,Decrease
BF_vs_AF,Theta,14,TP9,HJ,Hjorth Mobility,RAW_TP9_HJ_Mobility,0.6606715267826659,0.6678277032618816,0.007156176479215626,1.0831670791179284,Increase
BF_vs_AF,Theta,14,TP9,BP,Theta Band Power,RAW_TP9_BP_Theta,202243.3435350024,176894.43244488837,-25348.911090114038,-12.533866700896827,Decrease
BF_vs_AF,Theta,14,TP9,RP,Theta Relative Power,RAW_TP9_RP_Theta,0.11478999488832,0.1032735730063062,-0.011516421882013794,-10.032600744706196,Decrease
BF_vs_AF,Theta,16,AF7,EN,Entropy,RAW_AF7_EN,5.412749893534896,5.4128863156029245,0.00013642206802888523,0.0025203837367736254,Increase
BF_vs_AF,Theta,16,AF7,HJ,Hjorth Activity,RAW_AF7_HJ_Activity,2532504.054883742,2437649.706465341,-94854.34841840062,-3.7454766651007416,Decrease
BF_vs_AF,Theta,16,AF7,HJ,Hjorth Complexity,RAW_AF7_HJ_Complexity,1.3249046367576225,1.32311071192716,-0.0017939248304625899,-0.1354002983077166,Decrease
BF_vs_AF,Theta,16,AF7,HJ,Hjorth Mobility,RAW_AF7_HJ_Mobility,0.6611586890773921,0.6695057130657237,0.008347023988331648,1.2624842002726195,Increase
BF_vs_AF,Theta,16,AF7,BP,Theta Band Power,RAW_AF7_BP_Theta,282490.9780772444,234601.10306191616,-47889.87501532826,-16.952709548916367,Decrease
BF_vs_AF,Theta,16,AF7,RP,Theta Relative Power,RAW_AF7_RP_Theta,0.1127706332465507,0.1019493481739924,-0.010821285072558307,-9.595836044389062,Decrease
BF_vs_AF,Theta,16,AF8,EN,Entropy,RAW_AF8_EN,5.405932200065454,5.418323816047479,0.012391615982025428,0.22922255632202326,Increase
BF_vs_AF,Theta,16,AF8,HJ,Hjorth Activity,RAW_AF8_HJ_Activity,1865074.5159518651,1638246.2235582292,-226828.29239363596,-12.161888999800697,Decrease
BF_vs_AF,Theta,16,AF8,HJ,Hjorth Complexity,RAW_AF8_HJ_Complexity,1.318517094371881,1.3340934571218996,0.015576362750018724,1.1813546306306357,Increase
BF_vs_AF,Theta,16,AF8,HJ,Hjorth Mobility,RAW_AF8_HJ_Mobility,0.6642666168599309,0.6575948773810025,-0.006671739478928407,-1.0043767531878285,Decrease
BF_vs_AF,Theta,16,AF8,BP,Theta Band Power,RAW_AF8_BP_Theta,195123.6151849908,178473.91004719803,-16649.70513779277,-8.532901116047736,Decrease
BF_vs_AF,Theta,16,AF8,RP,Theta Relative Power,RAW_AF8_RP_Theta,0.1093625027895585,0.1088591899259622,-0.0005033128635962975,-0.4602243463326735,Decrease
BF_vs_AF,Theta,16,TP10,EN,Entropy,RAW_TP10_EN,5.407589599651709,5.418189457564101,0.010599857912391819,0.19601816515577536,Increase
BF_vs_AF,Theta,16,TP10,HJ,Hjorth Activity,RAW_TP10_HJ_Activity,1856915.4278093567,1800481.459338237,-56433.968471119646,-3.0391243255324785,Decrease
BF_vs_AF,Theta,16,TP10,HJ,Hjorth Complexity,RAW_TP10_HJ_Complexity,1.3325158098766767,1.3417180025914348,0.009202192714758084,0.6905878824514464,Increase
BF_vs_AF,Theta,16,TP10,HJ,Hjorth Mobility,RAW_TP10_HJ_Mobility,0.6609672869358113,0.6538176994558128,-0.007149587479998498,-1.0816855268501084,Decrease
BF_vs_AF,Theta,16,TP10,BP,Theta Band Power,RAW_TP10_BP_Theta,215533.4645672592,199685.3272196892,-15848.13734756998,-7.352982229181595,Decrease
BF_vs_AF,Theta,16,TP10,RP,Theta Relative Power,RAW_TP10_RP_Theta,0.1202162372851025,0.1115878284499121,-0.008628408835190407,-7.177407170653195,Decrease
BF_vs_AF,Theta,16,TP9,EN,Entropy,RAW_TP9_EN,5.417061019837552,5.412194053823149,-0.0048669660144033955,-0.0898451392107329,Decrease
BF_vs_AF,Theta,16,TP9,HJ,Hjorth Activity,RAW_TP9_HJ_Activity,1836068.3692899344,1899948.922507688,63880.553217753535,3.4792034047434828,Increase
BF_vs_AF,Theta,16,TP9,HJ,Hjorth Complexity,RAW_TP9_HJ_Complexity,1.32776267314769,1.3360176757187765,0.008255002571086578,0.6217227474482826,Increase
BF_vs_AF,Theta,16,TP9,HJ,Hjorth Mobility,RAW_TP9_HJ_Mobility,0.6652488239297132,0.6542471214037031,-0.011001702526010071,-1.6537725630271018,Decrease
BF_vs_AF,Theta,16,TP9,BP,Theta Band Power,RAW_TP9_BP_Theta,204352.7698482829,212898.0833914219,8545.313543139026,4.1816480145991175,Increase
BF_vs_AF,Theta,16,TP9,RP,Theta Relative Power,RAW_TP9_RP_Theta,0.1087839912413217,0.1128670756920462,0.0040830844507245,3.753387243961993,Increase
BF_vs_AF,Theta,22,AF7,EN,Entropy,RAW_AF7_EN,5.40835871787011,5.39293844816052,-0.01542026970958954,-0.2851192110951965,Decrease
BF_vs_AF,Theta,22,AF7,HJ,Hjorth Activity,RAW_AF7_HJ_Activity,1725070.8837148687,1709068.330583103,-16002.553131765686,-0.9276461206802616,Decrease
BF_vs_AF,Theta,22,AF7,HJ,Hjorth Complexity,RAW_AF7_HJ_Complexity,1.3149022499542076,1.3043191479014442,-0.01058310205276336,-0.8048584640517517,Decrease
BF_vs_AF,Theta,22,AF7,HJ,Hjorth Mobility,RAW_AF7_HJ_Mobility,0.6683052328224894,0.6701940809637351,0.0018888481412456803,0.28263255298307427,Increase
BF_vs_AF,Theta,22,AF7,BP,Theta Band Power,RAW_AF7_BP_Theta,182269.0978405852,175486.99878504436,-6782.099055540835,-3.72092644111979,Decrease
BF_vs_AF,Theta,22,AF7,RP,Theta Relative Power,RAW_AF7_RP_Theta,0.107314815711145,0.103826328376995,-0.003488487334149998,-3.2507043049301036,Decrease
BF_vs_AF,Theta,22,AF8,EN,Entropy,RAW_AF8_EN,5.402880910778154,5.409017157394779,0.006136246616625485,0.11357360485929548,Increase
BF_vs_AF,Theta,22,AF8,HJ,Hjorth Activity,RAW_AF8_HJ_Activity,1851831.1536352865,1822314.3844642525,-29516.769171033986,-1.5939233505760124,Decrease
BF_vs_AF,Theta,22,AF8,HJ,Hjorth Complexity,RAW_AF8_HJ_Complexity,1.3165817674248788,1.3154769115678666,-0.0011048558570121436,-0.08391851416666259,Decrease
BF_vs_AF,Theta,22,AF8,HJ,Hjorth Mobility,RAW_AF8_HJ_Mobility,0.6643472507200998,0.6714957948566347,0.007148544136534873,1.0760252456507373,Increase
BF_vs_AF,Theta,22,AF8,BP,Theta Band Power,RAW_AF8_BP_Theta,190117.56031565697,189609.6235372124,-507.93677844456397,-0.2671698382838617,Decrease
BF_vs_AF,Theta,22,AF8,RP,Theta Relative Power,RAW_AF8_RP_Theta,0.1055842243174007,0.1080590693702526,0.0024748450528519067,2.3439534351383613,Increase
BF_vs_AF,Theta,22,TP10,EN,Entropy,RAW_TP10_EN,5.409035359310842,5.4068555638777696,-0.002179795433072229,-0.04029915295931721,Decrease
BF_vs_AF,Theta,22,TP10,HJ,Hjorth Activity,RAW_TP10_HJ_Activity,1636093.9010285698,1739641.852178242,103547.95114967227,6.328973605034182,Increase
BF_vs_AF,Theta,22,TP10,HJ,Hjorth Complexity,RAW_TP10_HJ_Complexity,1.308827733550404,1.3281200269605569,0.019292293410152928,1.4740131887196113,Increase
BF_vs_AF,Theta,22,TP10,HJ,Hjorth Mobility,RAW_TP10_HJ_Mobility,0.6745641807758191,0.6657228794667167,-0.008841301309102434,-1.3106686600130495,Decrease
BF_vs_AF,Theta,22,TP10,BP,Theta Band Power,RAW_TP10_BP_Theta,161189.02896717258,190193.2264000492,29004.197432876623,17.993902946573094,Increase
BF_vs_AF,Theta,22,TP10,RP,Theta Relative Power,RAW_TP10_RP_Theta,0.1005662816385385,0.1112285303455808,0.010662248707042313,10.602210336626765,Increase
BF_vs_AF,Theta,22,TP9,EN,Entropy,RAW_TP9_EN,5.406990350594206,5.402522473871427,-0.0044678767227788185,-0.08263149059046901,Decrease
BF_vs_AF,Theta,22,TP9,HJ,Hjorth Activity,RAW_TP9_HJ_Activity,1638952.4192935396,1744541.9736098754,105589.55431633582,6.442502727556273,Increase
BF_vs_AF,Theta,22,TP9,HJ,Hjorth Complexity,RAW_TP9_HJ_Complexity,1.3155622984493376,1.3135275167795943,-0.0020347816697432464,-0.1546701111868026,Decrease
BF_vs_AF,Theta,22,TP9,HJ,Hjorth Mobility,RAW_TP9_HJ_Mobility,0.665427204093713,0.6697885386410947,0.0043613345473816345,0.6554187325902326,Increase
BF_vs_AF,Theta,22,TP9,BP,Theta Band Power,RAW_TP9_BP_Theta,175454.0132239681,179277.93501466094,3823.921790692839,2.1794439012412785,Increase
BF_vs_AF,Theta,22,TP9,RP,Theta Relative Power,RAW_TP9_RP_Theta,0.1054000286184704,0.1082899344156097,0.002889905797139297,2.741845362870108,Increase
BF_vs_AF,Theta,25,AF7,EN,Entropy,RAW_AF7_EN,5.423865368834775,5.414116139880103,-0.00974922895467234,-0.1797468832963823,Decrease
BF_vs_AF,Theta,25,AF7,HJ,Hjorth Activity,RAW_AF7_HJ_Activity,1356492.273348339,1304855.7037659702,-51636.56958236871,-3.8066246743086873,Decrease
BF_vs_AF,Theta,25,AF7,HJ,Hjorth Complexity,RAW_AF7_HJ_Complexity,1.313481431929964,1.307222578956316,-0.0062588529736478105,-0.4765086754558353,Decrease
BF_vs_AF,Theta,25,AF7,HJ,Hjorth Mobility,RAW_AF7_HJ_Mobility,0.6738269908371872,0.6773887159438623,0.0035617251066750732,0.5285815432014465,Increase
BF_vs_AF,Theta,25,AF7,BP,Theta Band Power,RAW_AF7_BP_Theta,136988.75864388564,135866.43502927423,-1122.3236146114068,-0.8192815423117937,Decrease
BF_vs_AF,Theta,25,AF7,RP,Theta Relative Power,RAW_AF7_RP_Theta,0.1052526723881241,0.1051490894837858,-0.00010358290433828965,-0.09841356232393123,Decrease
BF_vs_AF,Theta,25,AF8,EN,Entropy,RAW_AF8_EN,5.404979743744688,5.411669395498806,0.006689651754117953,0.1237683038842106,Increase
BF_vs_AF,Theta,25,AF8,HJ,Hjorth Activity,RAW_AF8_HJ_Activity,1964561.2630251504,2028130.0803474905,63568.817322340095,3.2357767873552072,Increase
BF_vs_AF,Theta,25,AF8,HJ,Hjorth Complexity,RAW_AF8_HJ_Complexity,1.3083105311510588,1.3080495287394145,-0.0002610024116442844,-0.01994957660507808,Decrease
BF_vs_AF,Theta,25,AF8,HJ,Hjorth Mobility,RAW_AF8_HJ_Mobility,0.6753304461489917,0.6754105819606199,8.013581162813477e-05,0.011866163014728818,Increase
BF_vs_AF,Theta,25,AF8,BP,Theta Band Power,RAW_AF8_BP_Theta,198921.2475467548,204576.9834221702,5655.735875415383,2.843203501469117,Increase
BF_vs_AF,Theta,25,AF8,RP,Theta Relative Power,RAW_AF8_RP_Theta,0.1062125790859461,0.1018983379300102,-0.0043142411559358995,-4.061892850229031,Decrease
BF_vs_AF,Theta,25,TP10,EN,Entropy,RAW_TP10_EN,5.435685831816571,5.432407434249929,-0.003278397566641722,-0.0603124917090012,Decrease
BF_vs_AF,Theta,25,TP10,HJ,Hjorth Activity,RAW_TP10_HJ_Activity,1676628.089587615,1644175.02733685,-32453.06225076504,-1.935614848177047,Decrease
BF_vs_AF,Theta,25,TP10,HJ,Hjorth Complexity,RAW_TP10_HJ_Complexity,1.30782280874995,1.302385368868734,-0.005437439881216033,-0.4157627351990653,Decrease
BF_vs_AF,Theta,25,TP10,HJ,Hjorth Mobility,RAW_TP10_HJ_Mobility,0.6816088226100352,0.6873943599770957,0.005785537367060556,0.8488061150538542,Increase
BF_vs_AF,Theta,25,TP10,BP,Theta Band Power,RAW_TP10_BP_Theta,170710.14839099353,156637.07085392112,-14073.077537072415,-8.243843538135483,Decrease
BF_vs_AF,Theta,25,TP10,RP,Theta Relative Power,RAW_TP10_RP_Theta,0.1031617090150438,0.1005456775506182,-0.0026160314644256,-2.53585510496352,Decrease
BF_vs_AF,Theta,25,TP9,EN,Entropy,RAW_TP9_EN,5.400514784380692,5.405137717971588,0.004622933590895606,0.08560172086309258,Increase
BF_vs_AF,Theta,25,TP9,HJ,Hjorth Activity,RAW_TP9_HJ_Activity,1889571.9870677087,2096339.2022709483,206767.21520323958,10.942542365062618,Increase
BF_vs_AF,Theta,25,TP9,HJ,Hjorth Complexity,RAW_TP9_HJ_Complexity,1.31374790414658,1.3089333995781804,-0.004814504568399602,-0.36647096092055337,Decrease
BF_vs_AF,Theta,25,TP9,HJ,Hjorth Mobility,RAW_TP9_HJ_Mobility,0.670604657505845,0.6741121761483634,0.0035075186425184146,0.5230382168182068,Increase
BF_vs_AF,Theta,25,TP9,BP,Theta Band Power,RAW_TP9_BP_Theta,189413.0949839876,211218.28666091093,21805.191676923336,11.511976866629354,Increase
BF_vs_AF,Theta,25,TP9,RP,Theta Relative Power,RAW_TP9_RP_Theta,0.1006529271729662,0.0992017167900163,-0.0014512103829499023,-1.4417965018107042,Decrease
BF_vs_AF,Theta,26,AF7,EN,Entropy,RAW_AF7_EN,5.415537632324157,5.41348145063732,-0.0020561816868367444,-0.03796819127548568,Decrease
BF_vs_AF,Theta,26,AF7,HJ,Hjorth Activity,RAW_AF7_HJ_Activity,1514633.8065579063,1532316.0245609712,17682.21800306486,1.1674252830292182,Increase
BF_vs_AF,Theta,26,AF7,HJ,Hjorth Complexity,RAW_AF7_HJ_Complexity,1.3128530657479265,1.3182379669391304,0.005384901191203939,0.4101678498298806,Increase
BF_vs_AF,Theta,26,AF7,HJ,Hjorth Mobility,RAW_AF7_HJ_Mobility,0.6719272695365942,0.6730278216985375,0.001100552161943269,0.16379037015453818,Increase
BF_vs_AF,Theta,26,AF7,BP,Theta Band Power,RAW_AF7_BP_Theta,161519.07498405693,158855.90821042145,-2663.1667736354866,-1.6488249291288721,Decrease
BF_vs_AF,Theta,26,AF7,RP,Theta Relative Power,RAW_AF7_RP_Theta,0.106124253857481,0.1074483847161427,0.0013241308586616901,1.2477174731799994,Increase
BF_vs_AF,Theta,26,AF8,EN,Entropy,RAW_AF8_EN,5.406906241341586,5.417082891628631,0.010176650287045064,0.18821577132656156,Increase
BF_vs_AF,Theta,26,AF8,HJ,Hjorth Activity,RAW_AF8_HJ_Activity,1465357.9662456887,1453437.4546938664,-11920.511551822303,-0.8134880231594998,Decrease
BF_vs_AF,Theta,26,AF8,HJ,Hjorth Complexity,RAW_AF8_HJ_Complexity,1.3175565011016606,1.3204511530280585,0.0028946519263979287,0.21969850431291538,Increase
BF_vs_AF,Theta,26,AF8,HJ,Hjorth Mobility,RAW_AF8_HJ_Mobility,0.6747874635204161,0.6746732142256998,-0.0001142492947162621,-0.016931152532119534,Decrease
BF_vs_AF,Theta,26,AF8,BP,Theta Band Power,RAW_AF8_BP_Theta,160510.60421114165,159445.75462601002,-1064.8495851316256,-0.6634138537855622,Decrease
BF_vs_AF,Theta,26,AF8,RP,Theta Relative Power,RAW_AF8_RP_Theta,0.1092121321539449,0.1120213942551199,0.002809262101174992,2.5722985585658833,Increase
BF_vs_AF,Theta,26,TP10,EN,Entropy,RAW_TP10_EN,5.420115303794717,5.416309733313711,-0.0038055704810062707,-0.07021198383624651,Decrease
BF_vs_AF,Theta,26,TP10,HJ,Hjorth Activity,RAW_TP10_HJ_Activity,1612369.78614377,1677778.114067893,65408.327924123034,4.056658000306313,Increase
BF_vs_AF,Theta,26,TP10,HJ,Hjorth Complexity,RAW_TP10_HJ_Complexity,1.312993503810172,1.3066406058501392,-0.0063528979600329105,-0.4838483923642771,Decrease
BF_vs_AF,Theta,26,TP10,HJ,Hjorth Mobility,RAW_TP10_HJ_Mobility,0.6797168541694364,0.6792610746334946,-0.00045577953594178044,-0.0670543231561779,Decrease
BF_vs_AF,Theta,26,TP10,BP,Theta Band Power,RAW_TP10_BP_Theta,178245.17627652636,169303.69892727135,-8941.477349255001,-5.016392328835511,Decrease
BF_vs_AF,Theta,26,TP10,RP,Theta Relative Power,RAW_TP10_RP_Theta,0.1118947546278381,0.1022191516067225,-0.0096756030211156,-8.647056828800109,Decrease
BF_vs_AF,Theta,26,TP9,EN,Entropy,RAW_TP9_EN,5.417606110387204,5.409784679037365,-0.007821431349839258,-0.14437061666117046,Decrease
BF_vs_AF,Theta,26,TP9,HJ,Hjorth Activity,RAW_TP9_HJ_Activity,1620256.8785163416,1579590.716541604,-40666.16197473765,-2.509858931256344,Decrease
BF_vs_AF,Theta,26,TP9,HJ,Hjorth Complexity,RAW_TP9_HJ_Complexity,1.3084809670921267,1.3045818187578972,-0.003899148334229441,-0.29799045093446225,Decrease
BF_vs_AF,Theta,26,TP9,HJ,Hjorth Mobility,RAW_TP9_HJ_Mobility,0.6737617783303618,0.677637800243061,0.0038760219126992013,0.5752807650063364,Increase
BF_vs_AF,Theta,26,TP9,BP,Theta Band Power,RAW_TP9_BP_Theta,164897.05671617162,162665.93179449305,-2231.1249216785654,-1.3530410827883241,Decrease
BF_vs_AF,Theta,26,TP9,RP,Theta Relative Power,RAW_TP9_RP_Theta,0.1074337371932163,0.1050859490145026,-0.0023477881787137,-2.1853360406622313,Decrease
BF_vs_AF,Theta,27,AF7,EN,Entropy,RAW_AF7_EN,5.317782541518584,5.406499646565668,0.08871710504708386,1.668310134053529,Increase
BF_vs_AF,Theta,27,AF7,HJ,Hjorth Activity,RAW_AF7_HJ_Activity,2079471.7681545108,2427077.8458777256,347606.07772321487,16.716075834571598,Increase
BF_vs_AF,Theta,27,AF7,HJ,Hjorth Complexity,RAW_AF7_HJ_Complexity,1.3884363273451703,1.3295235109779957,-0.0589128163671746,-4.243105370184446,Decrease
BF_vs_AF,Theta,27,AF7,HJ,Hjorth Mobility,RAW_AF7_HJ_Mobility,0.6562990636603903,0.6769108205737795,0.020611756913389234,3.140604345590691,Increase
BF_vs_AF,Theta,27,AF7,BP,Theta Band Power,RAW_AF7_BP_Theta,438952.2426470985,324348.0894224164,-114604.15322468209,-26.108569928601465,Decrease
BF_vs_AF,Theta,27,AF7,RP,Theta Relative Power,RAW_AF7_RP_Theta,0.2122795832391415,0.1352093618214565,-0.07707022141768502,-36.3059980812485,Decrease
BF_vs_AF,Theta,27,AF8,EN,Entropy,RAW_AF8_EN,5.41370893414833,5.412778678045201,-0.0009302561031292456,-0.01718334166917289,Decrease
BF_vs_AF,Theta,27,AF8,HJ,Hjorth Activity,RAW_AF8_HJ_Activity,1794954.0775318737,1954514.2974774227,159560.21994554903,8.889376165263798,Increase
BF_vs_AF,Theta,27,AF8,HJ,Hjorth Complexity,RAW_AF8_HJ_Complexity,1.3051817928689529,1.3118286851112688,0.00664689224231596,0.5092694579890867,Increase
BF_vs_AF,Theta,27,AF8,HJ,Hjorth Mobility,RAW_AF8_HJ_Mobility,0.680114100582285,0.6763815110910729,-0.003732589491212135,-0.5488181303720139,Decrease
BF_vs_AF,Theta,27,AF8,BP,Theta Band Power,RAW_AF8_BP_Theta,177526.51504317007,193027.5149480776,15500.999904907512,8.731653353944367,Increase
BF_vs_AF,Theta,27,AF8,RP,Theta Relative Power,RAW_AF8_RP_Theta,0.1054220831418255,0.0986000147633392,-0.0068220683784862984,-6.471194815329626,Decrease
BF_vs_AF,Theta,27,TP10,EN,Entropy,RAW_TP10_EN,5.219754405142633,5.1883134758985205,-0.03144092924411268,-0.602344991809122,Decrease
BF_vs_AF,Theta,27,TP10,HJ,Hjorth Activity,RAW_TP10_HJ_Activity,1545684.5389609276,1643470.542437932,97786.00347700436,6.326388147916657,Increase
BF_vs_AF,Theta,27,TP10,HJ,Hjorth Complexity,RAW_TP10_HJ_Complexity,1.284568413513412,1.2483759728785675,-0.036192440634844614,-2.817478637502457,Decrease
BF_vs_AF,Theta,27,TP10,HJ,Hjorth Mobility,RAW_TP10_HJ_Mobility,0.7305303560188879,0.7557576795615343,0.02522732354264634,3.453288879072136,Increase
BF_vs_AF,Theta,27,TP10,BP,Theta Band Power,RAW_TP10_BP_Theta,212308.7436835444,158198.36792048925,-54110.37576305514,-25.486644979496965,Decrease
BF_vs_AF,Theta,27,TP10,RP,Theta Relative Power,RAW_TP10_RP_Theta,0.145340310216223,0.0977204951693045,-0.04761981504691851,-32.76435489650079,Decrease
BF_vs_AF,Theta,27,TP9,EN,Entropy,RAW_TP9_EN,5.168798119791255,4.5519511291941015,-0.6168469905971534,-11.93405074644442,Decrease
BF_vs_AF,Theta,27,TP9,HJ,Hjorth Activity,RAW_TP9_HJ_Activity,1329285.297709789,1962281.2647463928,632995.967036604,47.619270906492815,Increase
BF_vs_AF,Theta,27,TP9,HJ,Hjorth Complexity,RAW_TP9_HJ_Complexity,1.3746906984017386,1.145697907272071,-0.22899279112966764,-16.657768281687098,Decrease
BF_vs_AF,Theta,27,TP9,HJ,Hjorth Mobility,RAW_TP9_HJ_Mobility,0.6782474640670051,0.847746983850852,0.16949951978384692,24.990807745519533,Increase
BF_vs_AF,Theta,27,TP9,BP,Theta Band Power,RAW_TP9_BP_Theta,242700.6322332907,122889.31893251196,-119811.31330077874,-49.365884298814976,Decrease
BF_vs_AF,Theta,27,TP9,RP,Theta Relative Power,RAW_TP9_RP_Theta,0.1876208211747134,0.061528731095846,-0.1260920900788674,-67.2058086567321,Decrease
BF_vs_AF,Theta,28,AF7,EN,Entropy,RAW_AF7_EN,5.424686265745111,5.391690279138608,-0.032995986606502825,-0.6082561274531264,Decrease
BF_vs_AF,Theta,28,AF7,HJ,Hjorth Activity,RAW_AF7_HJ_Activity,2212149.0077961087,2437263.643011515,225114.6352154063,10.176287149828148,Increase
BF_vs_AF,Theta,28,AF7,HJ,Hjorth Complexity,RAW_AF7_HJ_Complexity,1.3236886033306934,1.3434533352182898,0.01976473188759642,1.493155704284526,Increase
BF_vs_AF,Theta,28,AF7,HJ,Hjorth Mobility,RAW_AF7_HJ_Mobility,0.6889389267323296,0.6807902248640523,-0.00814870186827732,-1.1827901650044663,Decrease
BF_vs_AF,Theta,28,AF7,BP,Theta Band Power,RAW_AF7_BP_Theta,266969.9121209263,315461.60387137765,48491.69175045134,18.16372915030463,Increase
BF_vs_AF,Theta,28,AF7,RP,Theta Relative Power,RAW_AF7_RP_Theta,0.1226640063187045,0.134381109889918,0.0117171035712135,9.552193771309106,Increase
BF_vs_AF,Theta,28,AF8,EN,Entropy,RAW_AF8_EN,5.403696727407767,5.411893292162558,0.008196564754791247,0.15168439622486474,Increase
BF_vs_AF,Theta,28,AF8,HJ,Hjorth Activity,RAW_AF8_HJ_Activity,2335052.53544096,2221645.0535431425,-113407.48189781746,-4.85674220072317,Decrease
BF_vs_AF,Theta,28,AF8,HJ,Hjorth Complexity,RAW_AF8_HJ_Complexity,1.3262068418613,1.316187731323116,-0.01001911053818394,-0.7554711845795,Decrease
BF_vs_AF,Theta,28,AF8,HJ,Hjorth Mobility,RAW_AF8_HJ_Mobility,0.663671713769076,0.6713846985384109,0.007712984769334907,1.162168676066046,Increase
BF_vs_AF,Theta,28,AF8,BP,Theta Band Power,RAW_AF8_BP_Theta,244204.9515083232,218446.847366702,-25758.10414162121,-10.547740323251922,Decrease
BF_vs_AF,Theta,28,AF8,RP,Theta Relative Power,RAW_AF8_RP_Theta,0.103853820562673,0.0970340427321673,-0.006819777830505705,-6.56670866180619,Decrease
BF_vs_AF,Theta,28,TP10,EN,Entropy,RAW_TP10_EN,4.818192381968147,4.876427372355128,0.05823499038698099,1.2086480939391844,Increase
BF_vs_AF,Theta,28,TP10,HJ,Hjorth Activity,RAW_TP10_HJ_Activity,1893360.2602752843,2078582.1039104837,185221.84363519936,9.782704724576247,Increase
BF_vs_AF,Theta,28,TP10,HJ,Hjorth Complexity,RAW_TP10_HJ_Complexity,1.2120049001272584,1.224949556437919,0.012944656310660552,1.068036631642445,Increase
BF_vs_AF,Theta,28,TP10,HJ,Hjorth Mobility,RAW_TP10_HJ_Mobility,0.7781767237196078,0.777212403912835,-0.0009643198067728065,-0.12392041259772628,Decrease
BF_vs_AF,Theta,28,TP10,BP,Theta Band Power,RAW_TP10_BP_Theta,150775.02956210307,263212.4522560443,112437.42269394125,74.5729734031517,Increase
BF_vs_AF,Theta,28,TP10,RP,Theta Relative Power,RAW_TP10_RP_Theta,0.07833423388117,0.1251088767781761,0.046774642897006086,59.711623615240065,Increase
BF_vs_AF,Theta,28,TP9,EN,Entropy,RAW_TP9_EN,4.983312058540581,4.90556210682843,-0.07774995171215071,-1.5602063607254941,Decrease
BF_vs_AF,Theta,28,TP9,HJ,Hjorth Activity,RAW_TP9_HJ_Activity,1854077.050321592,1879728.9917107471,25651.94138915511,1.3835423605888302,Increase
BF_vs_AF,Theta,28,TP9,HJ,Hjorth Complexity,RAW_TP9_HJ_Complexity,1.240320762182075,1.2117605935166256,-0.028560168665449526,-2.302643762505766,Decrease
BF_vs_AF,Theta,28,TP9,HJ,Hjorth Mobility,RAW_TP9_HJ_Mobility,0.7480571096856138,0.7855278959785014,0.03747078629288758,5.0090809655743325,Increase
BF_vs_AF,Theta,28,TP9,BP,Theta Band Power,RAW_TP9_BP_Theta,291547.3758613428,160300.8853034947,-131246.49055784813,-45.01720866809232,Decrease
BF_vs_AF,Theta,28,TP9,RP,Theta Relative Power,RAW_TP9_RP_Theta,0.1483084736556736,0.0848894670189604,-0.0634190066367132,-42.76155304784035,Decrease
BF_vs_AF,Delta,1,AF7,BP,Delta Band Power,RAW_AF7_BP_Delta,116846.92563967708,112448.83102049529,-4398.094619181793,-3.763979749663483,Decrease
BF_vs_AF,Delta,1,AF7,RP,Delta Relative Power,RAW_AF7_RP_Delta,0.0623897094477979,0.0585952963999663,-0.0037944130478315963,-6.081793105650572,Decrease
BF_vs_AF,Delta,1,AF7,EN,Entropy,RAW_AF7_EN,5.402825132003376,5.405201674269435,0.0023765422660586566,0.04398702915593774,Increase
BF_vs_AF,Delta,1,AF7,HJ,Hjorth Activity,RAW_AF7_HJ_Activity,1877928.498986556,1972198.1872532272,94269.68826667126,5.019876332754144,Increase
BF_vs_AF,Delta,1,AF7,HJ,Hjorth Complexity,RAW_AF7_HJ_Complexity,1.3139016413615554,1.3277981499701954,0.013896508608640001,1.0576521233537302,Increase
BF_vs_AF,Delta,1,AF7,HJ,Hjorth Mobility,RAW_AF7_HJ_Mobility,0.6711509769711477,0.662233898285839,-0.008917078685308666,-1.3286248536135268,Decrease
BF_vs_AF,Delta,1,AF8,BP,Delta Band Power,RAW_AF8_BP_Delta,105940.805283886,104510.04206006652,-1430.7632238194783,-1.3505308176443538,Decrease
BF_vs_AF,Delta,1,AF8,RP,Delta Relative Power,RAW_AF8_RP_Delta,0.0604633797719402,0.0608520712251502,0.0003886914532100008,0.6428543271581793,Increase
BF_vs_AF,Delta,1,AF8,EN,Entropy,RAW_AF8_EN,5.408981396228745,5.401801294159147,-0.007180102069598071,-0.13274407034574362,Decrease
BF_vs_AF,Delta,1,AF8,HJ,Hjorth Activity,RAW_AF8_HJ_Activity,1793028.1877018,1790254.0254517633,-2774.1622500366066,-0.15471938863339163,Decrease
BF_vs_AF,Delta,1,AF8,HJ,Hjorth Complexity,RAW_AF8_HJ_Complexity,1.3226756299809153,1.311768029558697,-0.010907600422218167,-0.824661782146508,Decrease
BF_vs_AF,Delta,1,AF8,HJ,Hjorth Mobility,RAW_AF8_HJ_Mobility,0.6659409247012404,0.6722464126404071,0.006305487939166632,0.946853948343158,Increase
BF_vs_AF,Delta,1,TP10,BP,Delta Band Power,RAW_TP10_BP_Delta,127805.87182157868,125518.49150312252,-2287.380318456155,-1.7897302258924497,Decrease
BF_vs_AF,Delta,1,TP10,RP,Delta Relative Power,RAW_TP10_RP_Delta,0.0667446707110118,0.0684579160795967,0.0017132453685849008,2.5668646654994176,Increase
BF_vs_AF,Delta,1,TP10,EN,Entropy,RAW_TP10_EN,5.417307614662321,5.414887504374313,-0.002420110288007926,-0.044673672978394814,Decrease
BF_vs_AF,Delta,1,TP10,HJ,Hjorth Activity,RAW_TP10_HJ_Activity,1878640.772773216,1944952.1537182608,66311.3809450448,3.5297531016085166,Increase
BF_vs_AF,Delta,1,TP10,HJ,Hjorth Complexity,RAW_TP10_HJ_Complexity,1.3247888919826871,1.324804040179408,1.5148196720771168e-05,0.00114344231088021,Increase
BF_vs_AF,Delta,1,TP10,HJ,Hjorth Mobility,RAW_TP10_HJ_Mobility,0.6627468245006571,0.6670050644532972,0.004258239952640075,0.6425138220539075,Increase
BF_vs_AF,Delta,1,TP9,BP,Delta Band Power,RAW_TP9_BP_Delta,116415.51849459656,134209.1195342628,17793.601039666246,15.284561087525574,Increase
BF_vs_AF,Delta,1,TP9,RP,Delta Relative Power,RAW_TP9_RP_Delta,0.0629386604314218,0.0667282608237193,0.003789600392297504,6.021101126590813,Increase
BF_vs_AF,Delta,1,TP9,EN,Entropy,RAW_TP9_EN,5.410009140296133,5.40877929764175,-0.001229842654382196,-0.02273272784738543,Decrease
BF_vs_AF,Delta,1,TP9,HJ,Hjorth Activity,RAW_TP9_HJ_Activity,1917621.8123279165,2064939.8705613613,147318.0582334448,7.682331171160728,Increase
BF_vs_AF,Delta,1,TP9,HJ,Hjorth Complexity,RAW_TP9_HJ_Complexity,1.3148771780587736,1.3294276108307368,0.014550432771963218,1.1066001459881472,Increase
BF_vs_AF,Delta,1,TP9,HJ,Hjorth Mobility,RAW_TP9_HJ_Mobility,0.6707327937504237,0.660311216975648,-0.010421576774775732,-1.553759838773225,Decrease
BF_vs_AF,Delta,2,AF7,BP,Delta Band Power,RAW_AF7_BP_Delta,88570.18446488713,86505.98583995015,-2064.19862493698,-2.330579570775664,Decrease
BF_vs_AF,Delta,2,AF7,RP,Delta Relative Power,RAW_AF7_RP_Delta,0.055086115188355,0.0521602571237174,-0.0029258580646376042,-5.311425673481001,Decrease
BF_vs_AF,Delta,2,AF7,EN,Entropy,RAW_AF7_EN,5.406896216260327,5.401133097281749,-0.0057631189785780634,-0.10658830404856777,Decrease
BF_vs_AF,Delta,2,AF7,HJ,Hjorth Activity,RAW_AF7_HJ_Activity,1684541.9531380087,1671963.5844207825,-12578.3687172262,-0.7466937047067831,Decrease
BF_vs_AF,Delta,2,AF7,HJ,Hjorth Complexity,RAW_AF7_HJ_Complexity,1.3004500274496795,1.2958957377410478,-0.004554289708631698,-0.35020874408862473,Decrease
BF_vs_AF,Delta,2,AF7,HJ,Hjorth Mobility,RAW_AF7_HJ_Mobility,0.6759978367910863,0.681814092787419,0.005816255996332731,0.8603956521432206,Increase
BF_vs_AF,Delta,2,AF8,BP,Delta Band Power,RAW_AF8_BP_Delta,88603.76968300402,87423.97603132945,-1179.7936516745685,-1.3315388903829863,Decrease
BF_vs_AF,Delta,2,AF8,RP,Delta Relative Power,RAW_AF8_RP_Delta,0.0550426079982753,0.0523388147576838,-0.002703793240591501,-4.912182287358588,Decrease
BF_vs_AF,Delta,2,AF8,EN,Entropy,RAW_AF8_EN,5.39428976034464,5.40730166840247,0.01301190805782948,0.2412163349748967,Increase
BF_vs_AF,Delta,2,AF8,HJ,Hjorth Activity,RAW_AF8_HJ_Activity,1719046.623233544,1731788.9407038,12742.317470256006,0.7412432739193298,Increase
BF_vs_AF,Delta,2,AF8,HJ,Hjorth Complexity,RAW_AF8_HJ_Complexity,1.3017011538754977,1.3063749137067249,0.004673759831227198,0.3590501412180682,Increase
BF_vs_AF,Delta,2,AF8,HJ,Hjorth Mobility,RAW_AF8_HJ_Mobility,0.6786471454900103,0.6749916004217427,-0.003655545068267596,-0.5386518005064542,Decrease
BF_vs_AF,Delta,2,TP10,BP,Delta Band Power,RAW_TP10_BP_Delta,117918.23869242244,108280.8135598956,-9637.425132526841,-8.17297242512676,Decrease
BF_vs_AF,Delta,2,TP10,RP,Delta Relative Power,RAW_TP10_RP_Delta,0.0621227999115176,0.0619548154175623,-0.0001679844939552963,-0.27040715195477194,Decrease
BF_vs_AF,Delta,2,TP10,EN,Entropy,RAW_TP10_EN,5.402429921684916,5.408153099919273,0.00572317823435764,0.10593711195373895,Increase
BF_vs_AF,Delta,2,TP10,HJ,Hjorth Activity,RAW_TP10_HJ_Activity,1915812.2789246272,1739002.990864179,-176809.28806044813,-9.228946385065123,Decrease
BF_vs_AF,Delta,2,TP10,HJ,Hjorth Complexity,RAW_TP10_HJ_Complexity,1.3124326820061245,1.3202405526871723,0.007807870681047824,0.5949158983996856,Increase
BF_vs_AF,Delta,2,TP10,HJ,Hjorth Mobility,RAW_TP10_HJ_Mobility,0.6744919317622526,0.6685618009039898,-0.005930130858262883,-0.8791996729700182,Decrease
BF_vs_AF,Delta,2,TP9,BP,Delta Band Power,RAW_TP9_BP_Delta,107547.92816269772,97340.5416162286,-10207.386546469119,-9.491011794320631,Decrease
BF_vs_AF,Delta,2,TP9,RP,Delta Relative Power,RAW_TP9_RP_Delta,0.0648944276397186,0.061897792147792,-0.002996635491926601,-4.617708485793797,Decrease
BF_vs_AF,Delta,2,TP9,EN,Entropy,RAW_TP9_EN,5.41915451248653,5.405564533292939,-0.013589979193591617,-0.25077674316682247,Decrease
BF_vs_AF,Delta,2,TP9,HJ,Hjorth Activity,RAW_TP9_HJ_Activity,1669724.5463530892,1632539.470265876,-37185.07608721312,-2.227018592284009,Decrease
BF_vs_AF,Delta,2,TP9,HJ,Hjorth Complexity,RAW_TP9_HJ_Complexity,1.3183854079597717,1.3139382616334836,-0.004447146326288065,-0.33731762346870287,Decrease
BF_vs_AF,Delta,2,TP9,HJ,Hjorth Mobility,RAW_TP9_HJ_Mobility,0.6678253846866344,0.6693150986673937,0.0014897139807592552,0.2230693853391449,Increase
BF_vs_AF,Delta,9,AF7,BP,Delta Band Power,RAW_AF7_BP_Delta,110313.34696108468,121258.19944291993,10944.852481835245,9.921603127222918,Increase
BF_vs_AF,Delta,9,AF7,RP,Delta Relative Power,RAW_AF7_RP_Delta,0.0599074968740095,0.0618828841417831,0.001975387267773597,3.297395769895047,Increase
BF_vs_AF,Delta,9,AF7,EN,Entropy,RAW_AF7_EN,5.413944405994572,5.394038459120504,-0.01990594687406766,-0.3676791888004403,Decrease
BF_vs_AF,Delta,9,AF7,HJ,Hjorth Activity,RAW_AF7_HJ_Activity,1943464.212952936,2133898.408393494,190434.19544055779,9.798698333179415,Increase
BF_vs_AF,Delta,9,AF7,HJ,Hjorth Complexity,RAW_AF7_HJ_Complexity,1.3118449987132106,1.3153866743778055,0.0035416756645949565,0.2699766868851875,Increase
BF_vs_AF,Delta,9,AF7,HJ,Hjorth Mobility,RAW_AF7_HJ_Mobility,0.6691918055230357,0.666586864418383,-0.0026049411046527027,-0.38926673685382307,Decrease
BF_vs_AF,Delta,9,AF8,BP,Delta Band Power,RAW_AF8_BP_Delta,123584.49233152292,158557.90672093828,34973.41438941535,28.299193312699007,Increase
BF_vs_AF,Delta,9,AF8,RP,Delta Relative Power,RAW_AF8_RP_Delta,0.0590538309325949,0.0708952374951944,0.0118414065625995,20.051885501070192,Increase
BF_vs_AF,Delta,9,AF8,EN,Entropy,RAW_AF8_EN,5.398836662268932,5.399309463206713,0.0004728009377803488,0.008757459566884692,Increase
BF_vs_AF,Delta,9,AF8,HJ,Hjorth Activity,RAW_AF8_HJ_Activity,2070466.0581160544,2261133.94772366,190667.88960760576,9.208935778502793,Increase
BF_vs_AF,Delta,9,AF8,HJ,Hjorth Complexity,RAW_AF8_HJ_Complexity,1.315904970225254,1.3356324134031496,0.019727443177895543,1.4991540897150526,Increase
BF_vs_AF,Delta,9,AF8,HJ,Hjorth Mobility,RAW_AF8_HJ_Mobility,0.6662021633606702,0.6631348678155277,-0.003067295545142512,-0.4604151282952127,Decrease
BF_vs_AF,Delta,9,TP10,BP,Delta Band Power,RAW_TP10_BP_Delta,136556.36268851953,104739.59103349288,-31816.77165502665,-23.29936959993555,Decrease
BF_vs_AF,Delta,9,TP10,RP,Delta Relative Power,RAW_TP10_RP_Delta,0.0661702575050683,0.0622229793223048,-0.003947278182763504,-5.965335985674777,Decrease
BF_vs_AF,Delta,9,TP10,EN,Entropy,RAW_TP10_EN,5.413848573883188,5.41613367015108,0.002285096267891973,0.04220835209384039,Increase
BF_vs_AF,Delta,9,TP10,HJ,Hjorth Activity,RAW_TP10_HJ_Activity,2132641.1647998164,1652590.4515444138,-480050.71325540263,-22.509680539738774,Decrease
BF_vs_AF,Delta,9,TP10,HJ,Hjorth Complexity,RAW_TP10_HJ_Complexity,1.3262805099062345,1.3150495022936002,-0.011231007612634292,-0.8468048447329066,Decrease
BF_vs_AF,Delta,9,TP10,HJ,Hjorth Mobility,RAW_TP10_HJ_Mobility,0.6649893976425686,0.6719484682709391,0.006959070628370534,1.0464934708795206,Increase
BF_vs_AF,Delta,9,TP9,BP,Delta Band Power,RAW_TP9_BP_Delta,136628.7414464045,135005.19912958302,-1623.542316821491,-1.1882875445049457,Decrease
BF_vs_AF,Delta,9,TP9,RP,Delta Relative Power,RAW_TP9_RP_Delta,0.0639404826780151,0.0707359609735091,0.006795478295493998,10.62781826298367,Increase
BF_vs_AF,Delta,9,TP9,EN,Entropy,RAW_TP9_EN,5.409572383393136,5.409645034474264,7.265108112797236e-05,0.001343009686884016,Increase
BF_vs_AF,Delta,9,TP9,HJ,Hjorth Activity,RAW_TP9_HJ_Activity,2216416.4470442897,2039514.8196418688,-176901.62740242085,-7.981425496022133,Decrease
BF_vs_AF,Delta,9,TP9,HJ,Hjorth Complexity,RAW_TP9_HJ_Complexity,1.3181230631669223,1.3348618302151507,0.01673876704822841,1.269894102908104,Increase
BF_vs_AF,Delta,9,TP9,HJ,Hjorth Mobility,RAW_TP9_HJ_Mobility,0.6678289735406572,0.655530237323422,-0.012298736217235207,-1.8415996766403344,Decrease
BF_vs_AF,Delta,14,AF7,BP,Delta Band Power,RAW_AF7_BP_Delta,95333.66026137664,103604.10948202648,8270.44922064984,8.675266635073822,Increase
BF_vs_AF,Delta,14,AF7,RP,Delta Relative Power,RAW_AF7_RP_Delta,0.058178371589575,0.0563561472356599,-0.0018222243539151028,-3.1321336505775075,Decrease
BF_vs_AF,Delta,14,AF7,EN,Entropy,RAW_AF7_EN,5.413929056962397,5.407157876232947,-0.006771180729449711,-0.12506962426376583,Decrease
BF_vs_AF,Delta,14,AF7,HJ,Hjorth Activity,RAW_AF7_HJ_Activity,1734168.62809873,1850252.2199659536,116083.59186722361,6.693904501922216,Increase
BF_vs_AF,Delta,14,AF7,HJ,Hjorth Complexity,RAW_AF7_HJ_Complexity,1.3171810640242487,1.313888884892925,-0.003292179131323625,-0.24994127392519344,Decrease
BF_vs_AF,Delta,14,AF7,HJ,Hjorth Mobility,RAW_AF7_HJ_Mobility,0.6673279365850924,0.6701935173348073,0.00286558074971488,0.42941117741584073,Increase
BF_vs_AF,Delta,14,AF8,BP,Delta Band Power,RAW_AF8_BP_Delta,96862.42224435846,95273.85374050427,-1588.568503854185,-1.64002558169219,Decrease
BF_vs_AF,Delta,14,AF8,RP,Delta Relative Power,RAW_AF8_RP_Delta,0.058694139559422,0.0563695200246909,-0.0023246195347310997,-3.9605649766407307,Decrease
BF_vs_AF,Delta,14,AF8,EN,Entropy,RAW_AF8_EN,5.411767751378347,5.396327353663552,-0.015440397714795218,-0.2853115363434182,Decrease
BF_vs_AF,Delta,14,AF8,HJ,Hjorth Activity,RAW_AF8_HJ_Activity,1698023.550913037,1709868.364877648,11844.81396461092,0.6975647633533643,Increase
BF_vs_AF,Delta,14,AF8,HJ,Hjorth Complexity,RAW_AF8_HJ_Complexity,1.312644254657395,1.3078587325786624,-0.004785522078732729,-0.36457113660104107,Decrease
BF_vs_AF,Delta,14,AF8,HJ,Hjorth Mobility,RAW_AF8_HJ_Mobility,0.6749070065070533,0.6724896450149924,-0.0024173614920608433,-0.3581769738281092,Decrease
BF_vs_AF,Delta,14,TP10,BP,Delta Band Power,RAW_TP10_BP_Delta,139155.12323782378,108907.57381076216,-30247.54942706162,-21.73656903408931,Decrease
BF_vs_AF,Delta,14,TP10,RP,Delta Relative Power,RAW_TP10_RP_Delta,0.0779027774670153,0.0685891137219058,-0.009313663745109488,-11.955496386573602,Decrease
BF_vs_AF,Delta,14,TP10,EN,Entropy,RAW_TP10_EN,5.414278481098913,5.420900275622586,0.0066217945236726194,0.12230243691360003,Increase
BF_vs_AF,Delta,14,TP10,HJ,Hjorth Activity,RAW_TP10_HJ_Activity,1787065.4180087892,1647494.9280586191,-139570.48995017004,-7.810038096181413,Decrease
BF_vs_AF,Delta,14,TP10,HJ,Hjorth Complexity,RAW_TP10_HJ_Complexity,1.3357114799441572,1.3264806938122398,-0.009230786131917412,-0.6910763492354898,Decrease
BF_vs_AF,Delta,14,TP10,HJ,Hjorth Mobility,RAW_TP10_HJ_Mobility,0.6623221437451652,0.6649466518259892,0.0026245080808240395,0.3962585436119503,Increase
BF_vs_AF,Delta,14,TP9,BP,Delta Band Power,RAW_TP9_BP_Delta,128916.76014322563,113528.36691617397,-15388.393227051667,-11.936689387753205,Decrease
BF_vs_AF,Delta,14,TP9,RP,Delta Relative Power,RAW_TP9_RP_Delta,0.0722288488519524,0.065642922092946,-0.006585926759006391,-9.118138892820483,Decrease
BF_vs_AF,Delta,14,TP9,EN,Entropy,RAW_TP9_EN,5.411111927637603,5.415461705870888,0.004349778233284418,0.08038603324887156,Increase
BF_vs_AF,Delta,14,TP9,HJ,Hjorth Activity,RAW_TP9_HJ_Activity,1839293.847532605,1712740.5992803234,-126553.24825228169,-6.8805345280772645,Decrease
BF_vs_AF,Delta,14,TP9,HJ,Hjorth Complexity,RAW_TP9_HJ_Complexity,1.33126976007373,1.3311818317198911,-8.7928353838862e-05,-0.006604848729831604,Decrease
BF_vs_AF,Delta,14,TP9,HJ,Hjorth Mobility,RAW_TP9_HJ_Mobility,0.6606715267826659,0.6678277032618816,0.007156176479215626,1.0831670791179284,Increase
BF_vs_AF,Delta,16,AF7,BP,Delta Band Power,RAW_AF7_BP_Delta,162959.03147519907,167243.19371052104,4284.162235321972,2.6289811595830352,Increase
BF_vs_AF,Delta,16,AF7,RP,Delta Relative Power,RAW_AF7_RP_Delta,0.0660621078344461,0.0689185032975184,0.0028563954630723004,4.323803094855109,Increase
BF_vs_AF,Delta,16,AF7,EN,Entropy,RAW_AF7_EN,5.412749893534896,5.4128863156029245,0.00013642206802888523,0.0025203837367736254,Increase
BF_vs_AF,Delta,16,AF7,HJ,Hjorth Activity,RAW_AF7_HJ_Activity,2532504.054883742,2437649.706465341,-94854.34841840062,-3.7454766651007416,Decrease
BF_vs_AF,Delta,16,AF7,HJ,Hjorth Complexity,RAW_AF7_HJ_Complexity,1.3249046367576225,1.32311071192716,-0.0017939248304625899,-0.1354002983077166,Decrease
BF_vs_AF,Delta,16,AF7,HJ,Hjorth Mobility,RAW_AF7_HJ_Mobility,0.6611586890773921,0.6695057130657237,0.008347023988331648,1.2624842002726195,Increase
BF_vs_AF,Delta,16,AF8,BP,Delta Band Power,RAW_AF8_BP_Delta,119074.91759202084,113419.10114772063,-5655.816444300202,-4.749796647920751,Decrease
BF_vs_AF,Delta,16,AF8,RP,Delta Relative Power,RAW_AF8_RP_Delta,0.0640683258015432,0.0669485752154925,0.002880249413949293,4.495590259172836,Increase
BF_vs_AF,Delta,16,AF8,EN,Entropy,RAW_AF8_EN,5.405932200065454,5.418323816047479,0.012391615982025428,0.22922255632202326,Increase
BF_vs_AF,Delta,16,AF8,HJ,Hjorth Activity,RAW_AF8_HJ_Activity,1865074.5159518651,1638246.2235582292,-226828.29239363596,-12.161888999800697,Decrease
BF_vs_AF,Delta,16,AF8,HJ,Hjorth Complexity,RAW_AF8_HJ_Complexity,1.318517094371881,1.3340934571218996,0.015576362750018724,1.1813546306306357,Increase
BF_vs_AF,Delta,16,AF8,HJ,Hjorth Mobility,RAW_AF8_HJ_Mobility,0.6642666168599309,0.6575948773810025,-0.006671739478928407,-1.0043767531878285,Decrease
BF_vs_AF,Delta,16,TP10,BP,Delta Band Power,RAW_TP10_BP_Delta,129511.30777798763,135770.54643028538,6259.238652297747,4.832966912068814,Increase
BF_vs_AF,Delta,16,TP10,RP,Delta Relative Power,RAW_TP10_RP_Delta,0.0732611595243126,0.0755407139366799,0.002279554412367296,3.1115456364170684,Increase
BF_vs_AF,Delta,16,TP10,EN,Entropy,RAW_TP10_EN,5.407589599651709,5.418189457564101,0.010599857912391819,0.19601816515577536,Increase
BF_vs_AF,Delta,16,TP10,HJ,Hjorth Activity,RAW_TP10_HJ_Activity,1856915.4278093567,1800481.459338237,-56433.968471119646,-3.0391243255324785,Decrease
BF_vs_AF,Delta,16,TP10,HJ,Hjorth Complexity,RAW_TP10_HJ_Complexity,1.3325158098766767,1.3417180025914348,0.009202192714758084,0.6905878824514464,Increase
BF_vs_AF,Delta,16,TP10,HJ,Hjorth Mobility,RAW_TP10_HJ_Mobility,0.6609672869358113,0.6538176994558128,-0.007149587479998498,-1.0816855268501084,Decrease
BF_vs_AF,Delta,16,TP9,BP,Delta Band Power,RAW_TP9_BP_Delta,116879.7342236675,128399.18551765912,11519.451293991617,9.85581578406686,Increase
BF_vs_AF,Delta,16,TP9,RP,Delta Relative Power,RAW_TP9_RP_Delta,0.0680462182517806,0.0676463361286009,-0.00039988212317970673,-0.5876625232868732,Decrease
BF_vs_AF,Delta,16,TP9,EN,Entropy,RAW_TP9_EN,5.417061019837552,5.412194053823149,-0.0048669660144033955,-0.0898451392107329,Decrease
BF_vs_AF,Delta,16,TP9,HJ,Hjorth Activity,RAW_TP9_HJ_Activity,1836068.3692899344,1899948.922507688,63880.553217753535,3.4792034047434828,Increase
BF_vs_AF,Delta,16,TP9,HJ,Hjorth Complexity,RAW_TP9_HJ_Complexity,1.32776267314769,1.3360176757187765,0.008255002571086578,0.6217227474482826,Increase
BF_vs_AF,Delta,16,TP9,HJ,Hjorth Mobility,RAW_TP9_HJ_Mobility,0.6652488239297132,0.6542471214037031,-0.011001702526010071,-1.6537725630271018,Decrease
BF_vs_AF,Delta,22,AF7,BP,Delta Band Power,RAW_AF7_BP_Delta,95440.53189182536,94318.46891483697,-1122.0629769883963,-1.1756671455479417,Decrease
BF_vs_AF,Delta,22,AF7,RP,Delta Relative Power,RAW_AF7_RP_Delta,0.0550542234100135,0.055734454742711,0.0006802313326974979,1.2355661211157407,Increase
BF_vs_AF,Delta,22,AF7,EN,Entropy,RAW_AF7_EN,5.40835871787011,5.39293844816052,-0.01542026970958954,-0.2851192110951965,Decrease
BF_vs_AF,Delta,22,AF7,HJ,Hjorth Activity,RAW_AF7_HJ_Activity,1725070.8837148687,1709068.330583103,-16002.553131765686,-0.9276461206802616,Decrease
BF_vs_AF,Delta,22,AF7,HJ,Hjorth Complexity,RAW_AF7_HJ_Complexity,1.3149022499542076,1.3043191479014442,-0.01058310205276336,-0.8048584640517517,Decrease
BF_vs_AF,Delta,22,AF7,HJ,Hjorth Mobility,RAW_AF7_HJ_Mobility,0.6683052328224894,0.6701940809637351,0.0018888481412456803,0.28263255298307427,Increase
BF_vs_AF,Delta,22,AF8,BP,Delta Band Power,RAW_AF8_BP_Delta,103105.15953719828,101142.45726472056,-1962.7022724777198,-1.9035926827402037,Decrease
BF_vs_AF,Delta,22,AF8,RP,Delta Relative Power,RAW_AF8_RP_Delta,0.0553314638548607,0.0584131413635293,0.0030816775086685982,5.569484871667429,Increase
BF_vs_AF,Delta,22,AF8,EN,Entropy,RAW_AF8_EN,5.402880910778154,5.409017157394779,0.006136246616625485,0.11357360485929548,Increase
BF_vs_AF,Delta,22,AF8,HJ,Hjorth Activity,RAW_AF8_HJ_Activity,1851831.1536352865,1822314.3844642525,-29516.769171033986,-1.5939233505760124,Decrease
BF_vs_AF,Delta,22,AF8,HJ,Hjorth Complexity,RAW_AF8_HJ_Complexity,1.3165817674248788,1.3154769115678666,-0.0011048558570121436,-0.08391851416666259,Decrease
BF_vs_AF,Delta,22,AF8,HJ,Hjorth Mobility,RAW_AF8_HJ_Mobility,0.6643472507200998,0.6714957948566347,0.007148544136534873,1.0760252456507373,Increase
BF_vs_AF,Delta,22,TP10,BP,Delta Band Power,RAW_TP10_BP_Delta,93255.478286125,107984.91532443288,14729.437038307879,15.79471502265556,Increase
BF_vs_AF,Delta,22,TP10,RP,Delta Relative Power,RAW_TP10_RP_Delta,0.0584742800943899,0.0635555052919087,0.005081225197518802,8.689675510868412,Increase
BF_vs_AF,Delta,22,TP10,EN,Entropy,RAW_TP10_EN,5.409035359310842,5.4068555638777696,-0.002179795433072229,-0.04029915295931721,Decrease
BF_vs_AF,Delta,22,TP10,HJ,Hjorth Activity,RAW_TP10_HJ_Activity,1636093.9010285698,1739641.852178242,103547.95114967227,6.328973605034182,Increase
BF_vs_AF,Delta,22,TP10,HJ,Hjorth Complexity,RAW_TP10_HJ_Complexity,1.308827733550404,1.3281200269605569,0.019292293410152928,1.4740131887196113,Increase
BF_vs_AF,Delta,22,TP10,HJ,Hjorth Mobility,RAW_TP10_HJ_Mobility,0.6745641807758191,0.6657228794667167,-0.008841301309102434,-1.3106686600130495,Decrease
BF_vs_AF,Delta,22,TP9,BP,Delta Band Power,RAW_TP9_BP_Delta,95915.41547272356,106946.68198510545,11031.266512381888,11.501036051414449,Increase
BF_vs_AF,Delta,22,TP9,RP,Delta Relative Power,RAW_TP9_RP_Delta,0.0587800593973012,0.0630304090035112,0.004250349606209999,7.230937923150768,Increase
BF_vs_AF,Delta,22,TP9,EN,Entropy,RAW_TP9_EN,5.406990350594206,5.402522473871427,-0.0044678767227788185,-0.08263149059046901,Decrease
BF_vs_AF,Delta,22,TP9,HJ,Hjorth Activity,RAW_TP9_HJ_Activity,1638952.4192935396,1744541.9736098754,105589.55431633582,6.442502727556273,Increase
BF_vs_AF,Delta,22,TP9,HJ,Hjorth Complexity,RAW_TP9_HJ_Complexity,1.3155622984493376,1.3135275167795943,-0.0020347816697432464,-0.1546701111868026,Decrease
BF_vs_AF,Delta,22,TP9,HJ,Hjorth Mobility,RAW_TP9_HJ_Mobility,0.665427204093713,0.6697885386410947,0.0043613345473816345,0.6554187325902326,Increase
BF_vs_AF,Delta,25,AF7,BP,Delta Band Power,RAW_AF7_BP_Delta,77577.91382117994,70108.73072106273,-7469.18310011721,-9.62797622701477,Decrease
BF_vs_AF,Delta,25,AF7,RP,Delta Relative Power,RAW_AF7_RP_Delta,0.0581423382974017,0.0529563627686396,-0.005185975528762099,-8.919447825155412,Decrease
BF_vs_AF,Delta,25,AF7,EN,Entropy,RAW_AF7_EN,5.423865368834775,5.414116139880103,-0.00974922895467234,-0.1797468832963823,Decrease
BF_vs_AF,Delta,25,AF7,HJ,Hjorth Activity,RAW_AF7_HJ_Activity,1356492.273348339,1304855.7037659702,-51636.56958236871,-3.8066246743086873,Decrease
BF_vs_AF,Delta,25,AF7,HJ,Hjorth Complexity,RAW_AF7_HJ_Complexity,1.313481431929964,1.307222578956316,-0.0062588529736478105,-0.4765086754558353,Decrease
BF_vs_AF,Delta,25,AF7,HJ,Hjorth Mobility,RAW_AF7_HJ_Mobility,0.6738269908371872,0.6773887159438623,0.0035617251066750732,0.5285815432014465,Increase
BF_vs_AF,Delta,25,AF8,BP,Delta Band Power,RAW_AF8_BP_Delta,101490.5741455098,112706.47550049808,11215.90135498828,11.051175391822827,Increase
BF_vs_AF,Delta,25,AF8,RP,Delta Relative Power,RAW_AF8_RP_Delta,0.0565848688504402,0.0579860505284893,0.0014011816780490974,2.476247990876446,Increase
BF_vs_AF,Delta,25,AF8,EN,Entropy,RAW_AF8_EN,5.404979743744688,5.411669395498806,0.006689651754117953,0.1237683038842106,Increase
BF_vs_AF,Delta,25,AF8,HJ,Hjorth Activity,RAW_AF8_HJ_Activity,1964561.2630251504,2028130.0803474905,63568.817322340095,3.2357767873552072,Increase
BF_vs_AF,Delta,25,AF8,HJ,Hjorth Complexity,RAW_AF8_HJ_Complexity,1.3083105311510588,1.3080495287394145,-0.0002610024116442844,-0.01994957660507808,Decrease
BF_vs_AF,Delta,25,AF8,HJ,Hjorth Mobility,RAW_AF8_HJ_Mobility,0.6753304461489917,0.6754105819606199,8.013581162813477e-05,0.011866163014728818,Increase
BF_vs_AF,Delta,25,TP10,BP,Delta Band Power,RAW_TP10_BP_Delta,89438.05034666255,84936.64616646309,-4501.404180199461,-5.03298558359891,Decrease
BF_vs_AF,Delta,25,TP10,RP,Delta Relative Power,RAW_TP10_RP_Delta,0.0539567399921871,0.0529853067412545,-0.0009714332509326018,-1.8003927796106003,Decrease
BF_vs_AF,Delta,25,TP10,EN,Entropy,RAW_TP10_EN,5.435685831816571,5.432407434249929,-0.003278397566641722,-0.0603124917090012,Decrease
BF_vs_AF,Delta,25,TP10,HJ,Hjorth Activity,RAW_TP10_HJ_Activity,1676628.089587615,1644175.02733685,-32453.06225076504,-1.935614848177047,Decrease
BF_vs_AF,Delta,25,TP10,HJ,Hjorth Complexity,RAW_TP10_HJ_Complexity,1.30782280874995,1.302385368868734,-0.005437439881216033,-0.4157627351990653,Decrease
BF_vs_AF,Delta,25,TP10,HJ,Hjorth Mobility,RAW_TP10_HJ_Mobility,0.6816088226100352,0.6873943599770957,0.005785537367060556,0.8488061150538542,Increase
BF_vs_AF,Delta,25,TP9,BP,Delta Band Power,RAW_TP9_BP_Delta,108912.0029135817,112786.99220604586,3874.989292464161,3.5579083928323723,Increase
BF_vs_AF,Delta,25,TP9,RP,Delta Relative Power,RAW_TP9_RP_Delta,0.0576142430037402,0.0542679784040895,-0.0033462645996506987,-5.808050970023968,Decrease
BF_vs_AF,Delta,25,TP9,EN,Entropy,RAW_TP9_EN,5.400514784380692,5.405137717971588,0.004622933590895606,0.08560172086309258,Increase
BF_vs_AF,Delta,25,TP9,HJ,Hjorth Activity,RAW_TP9_HJ_Activity,1889571.9870677087,2096339.2022709483,206767.21520323958,10.942542365062618,Increase
BF_vs_AF,Delta,25,TP9,HJ,Hjorth Complexity,RAW_TP9_HJ_Complexity,1.31374790414658,1.3089333995781804,-0.004814504568399602,-0.36647096092055337,Decrease
BF_vs_AF,Delta,25,TP9,HJ,Hjorth Mobility,RAW_TP9_HJ_Mobility,0.670604657505845,0.6741121761483634,0.0035075186425184146,0.5230382168182068,Increase
BF_vs_AF,Delta,26,AF7,BP,Delta Band Power,RAW_AF7_BP_Delta,78961.1289622069,84501.69991143551,5540.570949228611,7.01683350029163,Increase
BF_vs_AF,Delta,26,AF7,RP,Delta Relative Power,RAW_AF7_RP_Delta,0.0527084189423718,0.0554409708201848,0.0027325518778130026,5.1842797273062,Increase
BF_vs_AF,Delta,26,AF7,EN,Entropy,RAW_AF7_EN,5.415537632324157,5.41348145063732,-0.0020561816868367444,-0.03796819127548568,Decrease
BF_vs_AF,Delta,26,AF7,HJ,Hjorth Activity,RAW_AF7_HJ_Activity,1514633.8065579063,1532316.0245609712,17682.21800306486,1.1674252830292182,Increase
BF_vs_AF,Delta,26,AF7,HJ,Hjorth Complexity,RAW_AF7_HJ_Complexity,1.3128530657479265,1.3182379669391304,0.005384901191203939,0.4101678498298806,Increase
BF_vs_AF,Delta,26,AF7,HJ,Hjorth Mobility,RAW_AF7_HJ_Mobility,0.6719272695365942,0.6730278216985375,0.001100552161943269,0.16379037015453818,Increase
BF_vs_AF,Delta,26,AF8,BP,Delta Band Power,RAW_AF8_BP_Delta,85800.082725579,80420.76844137636,-5379.314284202643,-6.269591022898798,Decrease
BF_vs_AF,Delta,26,AF8,RP,Delta Relative Power,RAW_AF8_RP_Delta,0.0603479236291026,0.0587384928390889,-0.0016094307900137023,-2.666919909134304,Decrease
BF_vs_AF,Delta,26,AF8,EN,Entropy,RAW_AF8_EN,5.406906241341586,5.417082891628631,0.010176650287045064,0.18821577132656156,Increase
BF_vs_AF,Delta,26,AF8,HJ,Hjorth Activity,RAW_AF8_HJ_Activity,1465357.9662456887,1453437.4546938664,-11920.511551822303,-0.8134880231594998,Decrease
BF_vs_AF,Delta,26,AF8,HJ,Hjorth Complexity,RAW_AF8_HJ_Complexity,1.3175565011016606,1.3204511530280585,0.0028946519263979287,0.21969850431291538,Increase
BF_vs_AF,Delta,26,AF8,HJ,Hjorth Mobility,RAW_AF8_HJ_Mobility,0.6747874635204161,0.6746732142256998,-0.0001142492947162621,-0.016931152532119534,Decrease
BF_vs_AF,Delta,26,TP10,BP,Delta Band Power,RAW_TP10_BP_Delta,89741.80184172928,84612.18878764665,-5129.613054082627,-5.71596842141562,Decrease
BF_vs_AF,Delta,26,TP10,RP,Delta Relative Power,RAW_TP10_RP_Delta,0.0571096537301563,0.0534601273700653,-0.003649526360090999,-6.390384325100356,Decrease
BF_vs_AF,Delta,26,TP10,EN,Entropy,RAW_TP10_EN,5.420115303794717,5.416309733313711,-0.0038055704810062707,-0.07021198383624651,Decrease
BF_vs_AF,Delta,26,TP10,HJ,Hjorth Activity,RAW_TP10_HJ_Activity,1612369.78614377,1677778.114067893,65408.327924123034,4.056658000306313,Increase
BF_vs_AF,Delta,26,TP10,HJ,Hjorth Complexity,RAW_TP10_HJ_Complexity,1.312993503810172,1.3066406058501392,-0.0063528979600329105,-0.4838483923642771,Decrease
BF_vs_AF,Delta,26,TP10,HJ,Hjorth Mobility,RAW_TP10_HJ_Mobility,0.6797168541694364,0.6792610746334946,-0.00045577953594178044,-0.0670543231561779,Decrease
BF_vs_AF,Delta,26,TP9,BP,Delta Band Power,RAW_TP9_BP_Delta,95235.66468217132,90481.17608857666,-4754.488593594666,-4.992340431981816,Decrease
BF_vs_AF,Delta,26,TP9,RP,Delta Relative Power,RAW_TP9_RP_Delta,0.0601561179365748,0.0565917746683296,-0.0035643432682452014,-5.925155064033957,Decrease
BF_vs_AF,Delta,26,TP9,EN,Entropy,RAW_TP9_EN,5.417606110387204,5.409784679037365,-0.007821431349839258,-0.14437061666117046,Decrease
BF_vs_AF,Delta,26,TP9,HJ,Hjorth Activity,RAW_TP9_HJ_Activity,1620256.8785163416,1579590.716541604,-40666.16197473765,-2.509858931256344,Decrease
BF_vs_AF,Delta,26,TP9,HJ,Hjorth Complexity,RAW_TP9_HJ_Complexity,1.3084809670921267,1.3045818187578972,-0.003899148334229441,-0.29799045093446225,Decrease
BF_vs_AF,Delta,26,TP9,HJ,Hjorth Mobility,RAW_TP9_HJ_Mobility,0.6737617783303618,0.677637800243061,0.0038760219126992013,0.5752807650063364,Increase
BF_vs_AF,Delta,27,AF7,BP,Delta Band Power,RAW_AF7_BP_Delta,98387.33912816532,115968.05015560392,17580.711027438607,17.86887538907512,Increase
BF_vs_AF,Delta,27,AF7,RP,Delta Relative Power,RAW_AF7_RP_Delta,0.0477705786012987,0.0490433654506726,0.0012727868493739025,2.664373944466522,Increase
BF_vs_AF,Delta,27,AF7,EN,Entropy,RAW_AF7_EN,5.317782541518584,5.406499646565668,0.08871710504708386,1.668310134053529,Increase
BF_vs_AF,Delta,27,AF7,HJ,Hjorth Activity,RAW_AF7_HJ_Activity,2079471.7681545108,2427077.8458777256,347606.07772321487,16.716075834571598,Increase
BF_vs_AF,Delta,27,AF7,HJ,Hjorth Complexity,RAW_AF7_HJ_Complexity,1.3884363273451703,1.3295235109779957,-0.0589128163671746,-4.243105370184446,Decrease
BF_vs_AF,Delta,27,AF7,HJ,Hjorth Mobility,RAW_AF7_HJ_Mobility,0.6562990636603903,0.6769108205737795,0.020611756913389234,3.140604345590691,Increase
BF_vs_AF,Delta,27,AF8,BP,Delta Band Power,RAW_AF8_BP_Delta,99626.1160465402,105539.70017772794,5913.58413118773,5.9357770490874175,Increase
BF_vs_AF,Delta,27,AF8,RP,Delta Relative Power,RAW_AF8_RP_Delta,0.0556596532578217,0.0540076194144618,-0.0016520338433599,-2.9680994161201393,Decrease
BF_vs_AF,Delta,27,AF8,EN,Entropy,RAW_AF8_EN,5.41370893414833,5.412778678045201,-0.0009302561031292456,-0.01718334166917289,Decrease
BF_vs_AF,Delta,27,AF8,HJ,Hjorth Activity,RAW_AF8_HJ_Activity,1794954.0775318737,1954514.2974774227,159560.21994554903,8.889376165263798,Increase
BF_vs_AF,Delta,27,AF8,HJ,Hjorth Complexity,RAW_AF8_HJ_Complexity,1.3051817928689529,1.3118286851112688,0.00664689224231596,0.5092694579890867,Increase
BF_vs_AF,Delta,27,AF8,HJ,Hjorth Mobility,RAW_AF8_HJ_Mobility,0.680114100582285,0.6763815110910729,-0.003732589491212135,-0.5488181303720139,Decrease
BF_vs_AF,Delta,27,TP10,BP,Delta Band Power,RAW_TP10_BP_Delta,48413.11430917599,60504.14781382565,12091.033504649662,24.974707116410368,Increase
BF_vs_AF,Delta,27,TP10,RP,Delta Relative Power,RAW_TP10_RP_Delta,0.0334481120996369,0.0370026906337125,0.003554578534075599,10.627142493086138,Increase
BF_vs_AF,Delta,27,TP10,EN,Entropy,RAW_TP10_EN,5.219754405142633,5.1883134758985205,-0.03144092924411268,-0.602344991809122,Decrease
BF_vs_AF,Delta,27,TP10,HJ,Hjorth Activity,RAW_TP10_HJ_Activity,1545684.5389609276,1643470.542437932,97786.00347700436,6.326388147916657,Increase
BF_vs_AF,Delta,27,TP10,HJ,Hjorth Complexity,RAW_TP10_HJ_Complexity,1.284568413513412,1.2483759728785675,-0.036192440634844614,-2.817478637502457,Decrease
BF_vs_AF,Delta,27,TP10,HJ,Hjorth Mobility,RAW_TP10_HJ_Mobility,0.7305303560188879,0.7557576795615343,0.02522732354264634,3.453288879072136,Increase
BF_vs_AF,Delta,27,TP9,BP,Delta Band Power,RAW_TP9_BP_Delta,43209.87443739443,37644.27501311008,-5565.599424284352,-12.880387866778442,Decrease
BF_vs_AF,Delta,27,TP9,RP,Delta Relative Power,RAW_TP9_RP_Delta,0.0323520071259181,0.0204097180853526,-0.011942289040565497,-36.913595481370294,Decrease
BF_vs_AF,Delta,27,TP9,EN,Entropy,RAW_TP9_EN,5.168798119791255,4.5519511291941015,-0.6168469905971534,-11.93405074644442,Decrease
BF_vs_AF,Delta,27,TP9,HJ,Hjorth Activity,RAW_TP9_HJ_Activity,1329285.297709789,1962281.2647463928,632995.967036604,47.619270906492815,Increase
BF_vs_AF,Delta,27,TP9,HJ,Hjorth Complexity,RAW_TP9_HJ_Complexity,1.3746906984017386,1.145697907272071,-0.22899279112966764,-16.657768281687098,Decrease
BF_vs_AF,Delta,27,TP9,HJ,Hjorth Mobility,RAW_TP9_HJ_Mobility,0.6782474640670051,0.847746983850852,0.16949951978384692,24.990807745519533,Increase
BF_vs_AF,Delta,28,AF7,BP,Delta Band Power,RAW_AF7_BP_Delta,110425.6232382856,154947.12855206296,44521.505313777365,40.31809285577239,Increase
BF_vs_AF,Delta,28,AF7,RP,Delta Relative Power,RAW_AF7_RP_Delta,0.0518465024798931,0.0653120210644408,0.013465518584547698,25.971893841382727,Increase
BF_vs_AF,Delta,28,AF7,EN,Entropy,RAW_AF7_EN,5.424686265745111,5.391690279138608,-0.032995986606502825,-0.6082561274531264,Decrease
BF_vs_AF,Delta,28,AF7,HJ,Hjorth Activity,RAW_AF7_HJ_Activity,2212149.0077961087,2437263.643011515,225114.6352154063,10.176287149828148,Increase
BF_vs_AF,Delta,28,AF7,HJ,Hjorth Complexity,RAW_AF7_HJ_Complexity,1.3236886033306934,1.3434533352182898,0.01976473188759642,1.493155704284526,Increase
BF_vs_AF,Delta,28,AF7,HJ,Hjorth Mobility,RAW_AF7_HJ_Mobility,0.6889389267323296,0.6807902248640523,-0.00814870186827732,-1.1827901650044663,Decrease
BF_vs_AF,Delta,28,AF8,BP,Delta Band Power,RAW_AF8_BP_Delta,144205.03652570402,129107.79303249365,-15097.243493210379,-10.469290017148152,Decrease
BF_vs_AF,Delta,28,AF8,RP,Delta Relative Power,RAW_AF8_RP_Delta,0.0595710245528968,0.0570897625218747,-0.0024812620310220995,-4.165216310521625,Decrease
BF_vs_AF,Delta,28,AF8,EN,Entropy,RAW_AF8_EN,5.403696727407767,5.411893292162558,0.008196564754791247,0.15168439622486474,Increase
BF_vs_AF,Delta,28,AF8,HJ,Hjorth Activity,RAW_AF8_HJ_Activity,2335052.53544096,2221645.0535431425,-113407.48189781746,-4.85674220072317,Decrease
BF_vs_AF,Delta,28,AF8,HJ,Hjorth Complexity,RAW_AF8_HJ_Complexity,1.3262068418613,1.316187731323116,-0.01001911053818394,-0.7554711845795,Decrease
BF_vs_AF,Delta,28,AF8,HJ,Hjorth Mobility,RAW_AF8_HJ_Mobility,0.663671713769076,0.6713846985384109,0.007712984769334907,1.162168676066046,Increase
BF_vs_AF,Delta,28,TP10,BP,Delta Band Power,RAW_TP10_BP_Delta,41927.166331428576,62689.43547681317,20762.26914538459,49.519848256048746,Increase
BF_vs_AF,Delta,28,TP10,RP,Delta Relative Power,RAW_TP10_RP_Delta,0.0222794924232417,0.0302180132283348,0.0079385208050931,35.631515540325914,Increase
BF_vs_AF,Delta,28,TP10,EN,Entropy,RAW_TP10_EN,4.818192381968147,4.876427372355128,0.05823499038698099,1.2086480939391844,Increase
BF_vs_AF,Delta,28,TP10,HJ,Hjorth Activity,RAW_TP10_HJ_Activity,1893360.2602752843,2078582.1039104837,185221.84363519936,9.782704724576247,Increase
BF_vs_AF,Delta,28,TP10,HJ,Hjorth Complexity,RAW_TP10_HJ_Complexity,1.2120049001272584,1.224949556437919,0.012944656310660552,1.068036631642445,Increase
BF_vs_AF,Delta,28,TP10,HJ,Hjorth Mobility,RAW_TP10_HJ_Mobility,0.7781767237196078,0.777212403912835,-0.0009643198067728065,-0.12392041259772628,Decrease
BF_vs_AF,Delta,28,TP9,BP,Delta Band Power,RAW_TP9_BP_Delta,41933.16354898868,51531.65528208878,9598.491733100098,22.889977575592642,Increase
BF_vs_AF,Delta,28,TP9,RP,Delta Relative Power,RAW_TP9_RP_Delta,0.0227759429587877,0.0270400917052523,0.004264148746464601,18.72216116004696,Increase
BF_vs_AF,Delta,28,TP9,EN,Entropy,RAW_TP9_EN,4.983312058540581,4.90556210682843,-0.07774995171215071,-1.5602063607254941,Decrease
BF_vs_AF,Delta,28,TP9,HJ,Hjorth Activity,RAW_TP9_HJ_Activity,1854077.050321592,1879728.9917107471,25651.94138915511,1.3835423605888302,Increase
BF_vs_AF,Delta,28,TP9,HJ,Hjorth Complexity,RAW_TP9_HJ_Complexity,1.240320762182075,1.2117605935166256,-0.028560168665449526,-2.302643762505766,Decrease
BF_vs_AF,Delta,28,TP9,HJ,Hjorth Mobility,RAW_TP9_HJ_Mobility,0.7480571096856138,0.7855278959785014,0.03747078629288758,5.0090809655743325,Increase
