Condition_Pair,Band,Subject,Channel,Feature_Type,Feature,Source_Column,BCM,ACM,Change,Change_Percent,Direction
BCM_vs_ACM,Gamma,1,AF7,EN,Entropy,RAW_AF7_EN,5.415521477463908,5.403649980913499,-0.011871496550409866,-0.21921243595490816,Decrease
BCM_vs_ACM,Gamma,1,AF7,BP,Gamma Band Power,RAW_AF7_BP_Gamma,715822.3579707297,878479.7594465951,162657.4014758654,22.723151863680197,Increase
BCM_vs_ACM,Gamma,1,AF7,RP,Gamma Relative Power,RAW_AF7_RP_Gamma,0.3813558725965804,0.3896254599438775,0.008269587347297103,2.1684699100058533,Increase
BCM_vs_ACM,Gamma,1,AF7,HJ,Hjorth Activity,RAW_AF7_HJ_Activity,1888857.025894148,2287055.8419164885,398198.81602234044,21.081469405226205,Increase
BCM_vs_ACM,Gamma,1,AF7,HJ,Hjorth Complexity,RAW_AF7_HJ_Complexity,1.3282326656750945,1.3219383948186103,-0.006294270856484152,-0.4738831545966379,Decrease
BCM_vs_ACM,Gamma,1,AF7,HJ,Hjorth Mobility,RAW_AF7_HJ_Mobility,0.6616705584490894,0.6666853068092901,0.00501474836020066,0.7578920198527328,Increase
BCM_vs_ACM,Gamma,1,AF8,EN,Entropy,RAW_AF8_EN,5.418397892834423,5.386356947858209,-0.032040944976214014,-0.5913361404961909,Decrease
BCM_vs_ACM,Gamma,1,AF8,BP,Gamma Band Power,RAW_AF8_BP_Gamma,663927.268541479,694957.9527616862,31030.684220207157,4.673807763367759,Increase
BCM_vs_ACM,Gamma,1,AF8,RP,Gamma Relative Power,RAW_AF8_RP_Gamma,0.3815265843270709,0.3657320125184636,-0.01579457180860727,-4.139835192995903,Decrease
BCM_vs_ACM,Gamma,1,AF8,HJ,Hjorth Activity,RAW_AF8_HJ_Activity,1760650.294298326,1961704.5336648764,201054.23936655046,11.419317056751286,Increase
BCM_vs_ACM,Gamma,1,AF8,HJ,Hjorth Complexity,RAW_AF8_HJ_Complexity,1.3306058343729537,1.3469218652650383,0.016316030892084665,1.2262106831790327,Increase
BCM_vs_ACM,Gamma,1,AF8,HJ,Hjorth Mobility,RAW_AF8_HJ_Mobility,0.6611346251779511,0.6481726748759531,-0.012961950301997982,-1.9605614058572627,Decrease
BCM_vs_ACM,Gamma,1,TP10,EN,Entropy,RAW_TP10_EN,5.402517869750897,5.408569930317584,0.006052060566687167,0.11202296248890004,Increase
BCM_vs_ACM,Gamma,1,TP10,BP,Gamma Band Power,RAW_TP10_BP_Gamma,669587.924432916,781844.9701027985,112257.04566988256,16.765094108433143,Increase
BCM_vs_ACM,Gamma,1,TP10,RP,Gamma Relative Power,RAW_TP10_RP_Gamma,0.3922612893962398,0.375057057704496,-0.017204231691743788,-4.385911166055711,Decrease
BCM_vs_ACM,Gamma,1,TP10,HJ,Hjorth Activity,RAW_TP10_HJ_Activity,1721781.1490409155,2105283.514364718,383502.36532380246,22.27358369775537,Increase
BCM_vs_ACM,Gamma,1,TP10,HJ,Hjorth Complexity,RAW_TP10_HJ_Complexity,1.316488932243307,1.3386085273068622,0.022119595063555098,1.6801960519229844,Increase
BCM_vs_ACM,Gamma,1,TP10,HJ,Hjorth Mobility,RAW_TP10_HJ_Mobility,0.6660315338308899,0.6563683960206742,-0.00966313781021566,-1.450852898005457,Decrease
BCM_vs_ACM,Gamma,1,TP9,EN,Entropy,RAW_TP9_EN,5.4071337018069405,5.40744848152453,0.0003147797175895306,0.005821563418791335,Increase
BCM_vs_ACM,Gamma,1,TP9,BP,Gamma Band Power,RAW_TP9_BP_Gamma,654444.7484146603,817836.788275108,163392.03986044764,24.966514019136326,Increase
BCM_vs_ACM,Gamma,1,TP9,RP,Gamma Relative Power,RAW_TP9_RP_Gamma,0.3771537410850767,0.3821340923234781,0.004980351238401404,1.3205095683454875,Increase
BCM_vs_ACM,Gamma,1,TP9,HJ,Hjorth Activity,RAW_TP9_HJ_Activity,1743112.4315943588,2165324.975701208,422212.54410684947,24.221761973246196,Increase
BCM_vs_ACM,Gamma,1,TP9,HJ,Hjorth Complexity,RAW_TP9_HJ_Complexity,1.3388377742241586,1.327530712101502,-0.01130706212265653,-0.8445431059942153,Decrease
BCM_vs_ACM,Gamma,1,TP9,HJ,Hjorth Mobility,RAW_TP9_HJ_Mobility,0.6579397581297732,0.6634635502315851,0.005523792101811864,0.8395589464776411,Increase
BCM_vs_ACM,Gamma,2,AF7,EN,Entropy,RAW_AF7_EN,5.4119834186794815,5.408856558728593,-0.003126859950888239,-0.05777659887308356,Decrease
BCM_vs_ACM,Gamma,2,AF7,BP,Gamma Band Power,RAW_AF7_BP_Gamma,745607.9443196738,769444.039454628,23836.0951349542,3.196867109121715,Increase
BCM_vs_ACM,Gamma,2,AF7,RP,Gamma Relative Power,RAW_AF7_RP_Gamma,0.3964259182981892,0.3934524741926702,-0.002973444105518974,-0.750062992420785,Decrease
BCM_vs_ACM,Gamma,2,AF7,HJ,Hjorth Activity,RAW_AF7_HJ_Activity,1867226.3669121696,1988354.2196891163,121127.85277694673,6.487047040646482,Increase
BCM_vs_ACM,Gamma,2,AF7,HJ,Hjorth Complexity,RAW_AF7_HJ_Complexity,1.319795318758389,1.322202452431206,0.0024071336728168635,0.18238689277072137,Increase
BCM_vs_ACM,Gamma,2,AF7,HJ,Hjorth Mobility,RAW_AF7_HJ_Mobility,0.6692970455042596,0.6677769905434416,-0.0015200549608179736,-0.22711215760301745,Decrease
BCM_vs_ACM,Gamma,2,AF8,EN,Entropy,RAW_AF8_EN,5.398614739287038,5.405534740937624,0.0069200016505863715,0.12818106097158274,Increase
BCM_vs_ACM,Gamma,2,AF8,BP,Gamma Band Power,RAW_AF8_BP_Gamma,728837.1425478988,802792.8612091542,73955.71866125544,10.14708421729414,Increase
BCM_vs_ACM,Gamma,2,AF8,RP,Gamma Relative Power,RAW_AF8_RP_Gamma,0.3789376647696649,0.3934442530212174,0.014506588251552488,3.8282254840965027,Increase
BCM_vs_ACM,Gamma,2,AF8,HJ,Hjorth Activity,RAW_AF8_HJ_Activity,2011122.6005771067,2066398.893309006,55276.2927318993,2.7485292401386845,Increase
BCM_vs_ACM,Gamma,2,AF8,HJ,Hjorth Complexity,RAW_AF8_HJ_Complexity,1.3385115276272843,1.3246842267708203,-0.013827300856463998,-1.0330356198706032,Decrease
BCM_vs_ACM,Gamma,2,AF8,HJ,Hjorth Mobility,RAW_AF8_HJ_Mobility,0.6566344077551899,0.6662682846946467,0.009633876939456831,1.4671599333930407,Increase
BCM_vs_ACM,Gamma,2,TP10,EN,Entropy,RAW_TP10_EN,5.410969033941904,5.41828632999708,0.007317296055175504,0.1352307878547373,Increase
BCM_vs_ACM,Gamma,2,TP10,BP,Gamma Band Power,RAW_TP10_BP_Gamma,803164.6191472813,740865.5514675081,-62299.0676797732,-7.7566997094463686,Decrease
BCM_vs_ACM,Gamma,2,TP10,RP,Gamma Relative Power,RAW_TP10_RP_Gamma,0.3804140425804706,0.3750811876114259,-0.005332854969044731,-1.401855444891115,Decrease
BCM_vs_ACM,Gamma,2,TP10,HJ,Hjorth Activity,RAW_TP10_HJ_Activity,2148320.0167218493,2008452.9491912443,-139867.067530605,-6.510532250406068,Decrease
BCM_vs_ACM,Gamma,2,TP10,HJ,Hjorth Complexity,RAW_TP10_HJ_Complexity,1.343595014429876,1.3425839151260683,-0.0010110993038077165,-0.07525327892324411,Decrease
BCM_vs_ACM,Gamma,2,TP10,HJ,Hjorth Mobility,RAW_TP10_HJ_Mobility,0.6562053759978095,0.6544668691447602,-0.0017385068530493264,-0.2649333450531087,Decrease
BCM_vs_ACM,Gamma,2,TP9,EN,Entropy,RAW_TP9_EN,5.408965353979412,5.405230938189986,-0.0037344157894265706,-0.06904122221228753,Decrease
BCM_vs_ACM,Gamma,2,TP9,BP,Gamma Band Power,RAW_TP9_BP_Gamma,696917.683762606,634716.7219476291,-62200.96181497688,-8.92515188869345,Decrease
BCM_vs_ACM,Gamma,2,TP9,RP,Gamma Relative Power,RAW_TP9_RP_Gamma,0.3726487057324743,0.3729467509768551,0.0002980452443808179,0.07998021723837291,Increase
BCM_vs_ACM,Gamma,2,TP9,HJ,Hjorth Activity,RAW_TP9_HJ_Activity,1923825.114433187,1734524.070965334,-189301.043467853,-9.839825982499786,Decrease
BCM_vs_ACM,Gamma,2,TP9,HJ,Hjorth Complexity,RAW_TP9_HJ_Complexity,1.3453278039078678,1.348965016319165,0.0036372124112973303,0.2703588226402565,Increase
BCM_vs_ACM,Gamma,2,TP9,HJ,Hjorth Mobility,RAW_TP9_HJ_Mobility,0.6551247999362333,0.6517093823919121,-0.0034154175443211754,-0.5213384601916483,Decrease
BCM_vs_ACM,Gamma,9,AF7,EN,Entropy,RAW_AF7_EN,5.4071387915306985,5.404022063593096,-0.003116727937602981,-0.05764098274090486,Decrease
BCM_vs_ACM,Gamma,9,AF7,BP,Gamma Band Power,RAW_AF7_BP_Gamma,776683.2213582159,658690.0317585438,-117993.1895996721,-15.191932354780738,Decrease
BCM_vs_ACM,Gamma,9,AF7,RP,Gamma Relative Power,RAW_AF7_RP_Gamma,0.3938053253671632,0.4113442253690166,0.01753890000185343,4.453698025922096,Increase
BCM_vs_ACM,Gamma,9,AF7,HJ,Hjorth Activity,RAW_AF7_HJ_Activity,1946134.03390906,1622607.9068947118,-323526.1270143483,-16.6240413752235,Decrease
BCM_vs_ACM,Gamma,9,AF7,HJ,Hjorth Complexity,RAW_AF7_HJ_Complexity,1.3221644563585857,1.3067445068361954,-0.015419949522390342,-1.1662656221192713,Decrease
BCM_vs_ACM,Gamma,9,AF7,HJ,Hjorth Mobility,RAW_AF7_HJ_Mobility,0.6642478679397165,0.6762030114757714,0.01195514353605498,1.799801567016842,Increase
BCM_vs_ACM,Gamma,9,AF8,EN,Entropy,RAW_AF8_EN,5.402163873319425,5.408998618050714,0.006834744731289533,0.1265186486667951,Increase
BCM_vs_ACM,Gamma,9,AF8,BP,Gamma Band Power,RAW_AF8_BP_Gamma,803326.8186831005,703088.6997119624,-100238.11897113814,-12.477875335403246,Decrease
BCM_vs_ACM,Gamma,9,AF8,RP,Gamma Relative Power,RAW_AF8_RP_Gamma,0.3918773882210564,0.4016899993257586,0.009812611104702218,2.504000332667055,Increase
BCM_vs_ACM,Gamma,9,AF8,HJ,Hjorth Activity,RAW_AF8_HJ_Activity,2064720.8615673005,1756291.1424345723,-308429.7191327282,-14.938083150794704,Decrease
BCM_vs_ACM,Gamma,9,AF8,HJ,Hjorth Complexity,RAW_AF8_HJ_Complexity,1.3191598760040824,1.308252635652518,-0.010907240351564429,-0.8268323309380791,Decrease
BCM_vs_ACM,Gamma,9,AF8,HJ,Hjorth Mobility,RAW_AF8_HJ_Mobility,0.6671399929706834,0.6744665200222757,0.007326527051592313,1.0981993477813086,Increase
BCM_vs_ACM,Gamma,9,TP10,EN,Entropy,RAW_TP10_EN,5.401804718533586,5.410811539963174,0.00900682142958864,0.16673726465316763,Increase
BCM_vs_ACM,Gamma,9,TP10,BP,Gamma Band Power,RAW_TP10_BP_Gamma,767932.4728934894,643500.569186855,-124431.90370663442,-16.20349550238291,Decrease
BCM_vs_ACM,Gamma,9,TP10,RP,Gamma Relative Power,RAW_TP10_RP_Gamma,0.3830840967302591,0.3949156658905811,0.011831569160321964,3.0885043940241985,Increase
BCM_vs_ACM,Gamma,9,TP10,HJ,Hjorth Activity,RAW_TP10_HJ_Activity,2039021.703725758,1631243.8874710468,-407777.81625471124,-19.998699156051558,Decrease
BCM_vs_ACM,Gamma,9,TP10,HJ,Hjorth Complexity,RAW_TP10_HJ_Complexity,1.3319049774146134,1.305317550210008,-0.026587427204605385,-1.9961954985869002,Decrease
BCM_vs_ACM,Gamma,9,TP10,HJ,Hjorth Mobility,RAW_TP10_HJ_Mobility,0.6594870891850861,0.671367093009396,0.01188000382430987,1.801400515511188,Increase
BCM_vs_ACM,Gamma,9,TP9,EN,Entropy,RAW_TP9_EN,5.406201707465828,5.406270372258356,6.866479252742863e-05,0.0012701115541546347,Increase
BCM_vs_ACM,Gamma,9,TP9,BP,Gamma Band Power,RAW_TP9_BP_Gamma,834622.5751952387,743965.8975238403,-90656.67767139839,-10.861996831345182,Decrease
BCM_vs_ACM,Gamma,9,TP9,RP,Gamma Relative Power,RAW_TP9_RP_Gamma,0.387394551116343,0.3870290664993328,-0.0003654846170102477,-0.09434428438836888,Decrease
BCM_vs_ACM,Gamma,9,TP9,HJ,Hjorth Activity,RAW_TP9_HJ_Activity,2210505.941549495,1922064.87236798,-288441.0691815149,-13.048644826501885,Decrease
BCM_vs_ACM,Gamma,9,TP9,HJ,Hjorth Complexity,RAW_TP9_HJ_Complexity,1.3241729468089578,1.31791086499571,-0.006262081813247722,-0.47290513133789086,Decrease
BCM_vs_ACM,Gamma,9,TP9,HJ,Hjorth Mobility,RAW_TP9_HJ_Mobility,0.6636531743624009,0.6685097271696437,0.004856552807242842,0.7317907899572293,Increase
BCM_vs_ACM,Gamma,14,AF7,EN,Entropy,RAW_AF7_EN,5.407423366123863,5.40746778969903,4.442357516687423e-05,0.0008215294449696073,Increase
BCM_vs_ACM,Gamma,14,AF7,BP,Gamma Band Power,RAW_AF7_BP_Gamma,713630.2164898961,712567.6771980056,-1062.5392918904545,-0.14889213872090834,Decrease
BCM_vs_ACM,Gamma,14,AF7,RP,Gamma Relative Power,RAW_AF7_RP_Gamma,0.4004406648406932,0.4046575258171205,0.004216860976427317,1.0530551331755744,Increase
BCM_vs_ACM,Gamma,14,AF7,HJ,Hjorth Activity,RAW_AF7_HJ_Activity,1834475.4342915807,1787410.0245287656,-47065.40976281511,-2.5656058883661395,Decrease
BCM_vs_ACM,Gamma,14,AF7,HJ,Hjorth Complexity,RAW_AF7_HJ_Complexity,1.3062192949510565,1.3096437727929655,0.003424477841909024,0.26216714568110383,Increase
BCM_vs_ACM,Gamma,14,AF7,HJ,Hjorth Mobility,RAW_AF7_HJ_Mobility,0.6764427179440047,0.674487230013192,-0.0019554879308126827,-0.2890840390382554,Decrease
BCM_vs_ACM,Gamma,14,AF8,EN,Entropy,RAW_AF8_EN,5.4087497838818495,5.402170583083195,-0.006579200798654483,-0.1216399549163948,Decrease
BCM_vs_ACM,Gamma,14,AF8,BP,Gamma Band Power,RAW_AF8_BP_Gamma,709558.3130120748,675577.002797932,-33981.31021414278,-4.789079289324668,Decrease
BCM_vs_ACM,Gamma,14,AF8,RP,Gamma Relative Power,RAW_AF8_RP_Gamma,0.4047062272146186,0.3976271838708046,-0.007079043343813984,-1.7491807310540637,Decrease
BCM_vs_ACM,Gamma,14,AF8,HJ,Hjorth Activity,RAW_AF8_HJ_Activity,1787825.349666122,1736566.0720054563,-51259.2776606658,-2.8671300398687443,Decrease
BCM_vs_ACM,Gamma,14,AF8,HJ,Hjorth Complexity,RAW_AF8_HJ_Complexity,1.306939320782014,1.3093339458499933,0.0023946250679793835,0.1832238903445454,Increase
BCM_vs_ACM,Gamma,14,AF8,HJ,Hjorth Mobility,RAW_AF8_HJ_Mobility,0.678124530355217,0.6731473301790123,-0.004977200176204732,-0.7339655112605293,Decrease
BCM_vs_ACM,Gamma,14,TP10,EN,Entropy,RAW_TP10_EN,5.409726383039741,5.414728509986715,0.005002126946973995,0.09246543342111296,Increase
BCM_vs_ACM,Gamma,14,TP10,BP,Gamma Band Power,RAW_TP10_BP_Gamma,644111.3242347349,669674.1269783963,25562.80274366145,3.968693264946471,Increase
BCM_vs_ACM,Gamma,14,TP10,RP,Gamma Relative Power,RAW_TP10_RP_Gamma,0.4011933706042643,0.3904974044270782,-0.0106959661771861,-2.6660376169915736,Decrease
BCM_vs_ACM,Gamma,14,TP10,HJ,Hjorth Activity,RAW_TP10_HJ_Activity,1643903.2103664284,1712478.4610500247,68575.25068359636,4.171489553105188,Increase
BCM_vs_ACM,Gamma,14,TP10,HJ,Hjorth Complexity,RAW_TP10_HJ_Complexity,1.3160395528867728,1.3259448709171706,0.009905318030397847,0.7526611193919082,Increase
BCM_vs_ACM,Gamma,14,TP10,HJ,Hjorth Mobility,RAW_TP10_HJ_Mobility,0.670533633332011,0.665490705619707,-0.005042927712303968,-0.7520767731283944,Decrease
BCM_vs_ACM,Gamma,14,TP9,EN,Entropy,RAW_TP9_EN,5.408502870308953,5.406748330655828,-0.001754539653124887,-0.03244039423103165,Decrease
BCM_vs_ACM,Gamma,14,TP9,BP,Gamma Band Power,RAW_TP9_BP_Gamma,751523.6664183155,699019.807117789,-52503.85930052644,-6.9863214755104694,Decrease
BCM_vs_ACM,Gamma,14,TP9,RP,Gamma Relative Power,RAW_TP9_RP_Gamma,0.386492247755842,0.3921817050977618,0.005689457341919779,1.4720754102974838,Increase
BCM_vs_ACM,Gamma,14,TP9,HJ,Hjorth Activity,RAW_TP9_HJ_Activity,1972352.40596704,1812362.4753310247,-159989.93063601526,-8.111630059212088,Decrease
BCM_vs_ACM,Gamma,14,TP9,HJ,Hjorth Complexity,RAW_TP9_HJ_Complexity,1.3293659873089798,1.3206870176163374,-0.008678969692642369,-0.6528653339635315,Decrease
BCM_vs_ACM,Gamma,14,TP9,HJ,Hjorth Mobility,RAW_TP9_HJ_Mobility,0.662644578317564,0.6680478222782341,0.0054032439606701566,0.8154060468417084,Increase
BCM_vs_ACM,Gamma,16,AF7,EN,Entropy,RAW_AF7_EN,5.408280770167084,5.408253572985302,-2.7197181782234736e-05,-0.0005028803595452849,Decrease
BCM_vs_ACM,Gamma,16,AF7,BP,Gamma Band Power,RAW_AF7_BP_Gamma,903161.493112683,748995.5250847216,-154165.96802796132,-17.06959045570456,Decrease
BCM_vs_ACM,Gamma,16,AF7,RP,Gamma Relative Power,RAW_AF7_RP_Gamma,0.3714879154416841,0.3942939131456937,0.022805997704009595,6.139095447262177,Increase
BCM_vs_ACM,Gamma,16,AF7,HJ,Hjorth Activity,RAW_AF7_HJ_Activity,2442847.796990736,1978991.109588776,-463856.6874019599,-18.98835809473557,Decrease
BCM_vs_ACM,Gamma,16,AF7,HJ,Hjorth Complexity,RAW_AF7_HJ_Complexity,1.3295220161393468,1.3182415850620348,-0.011280431077312025,-0.8484576366826954,Decrease
BCM_vs_ACM,Gamma,16,AF7,HJ,Hjorth Mobility,RAW_AF7_HJ_Mobility,0.6579866996606233,0.669502049829859,0.01151535016923566,1.7500885922428302,Increase
BCM_vs_ACM,Gamma,16,AF8,EN,Entropy,RAW_AF8_EN,5.415605795807663,5.402600676132455,-0.013005119675207233,-0.2401415495432621,Decrease
BCM_vs_ACM,Gamma,16,AF8,BP,Gamma Band Power,RAW_AF8_BP_Gamma,722875.9283312624,678617.5246851094,-44258.40364615305,-6.122544950185609,Decrease
BCM_vs_ACM,Gamma,16,AF8,RP,Gamma Relative Power,RAW_AF8_RP_Gamma,0.3864379940779539,0.3970746393269634,0.010636645249009535,2.752484334359697,Increase
BCM_vs_ACM,Gamma,16,AF8,HJ,Hjorth Activity,RAW_AF8_HJ_Activity,1900681.1761997144,1756122.3303054278,-144558.84589428664,-7.605633585708595,Decrease
BCM_vs_ACM,Gamma,16,AF8,HJ,Hjorth Complexity,RAW_AF8_HJ_Complexity,1.3376017794408612,1.309513824251014,-0.02808795518984719,-2.0998742392215117,Decrease
BCM_vs_ACM,Gamma,16,AF8,HJ,Hjorth Mobility,RAW_AF8_HJ_Mobility,0.6615524556842727,0.6694897251957141,0.00793726951144147,1.199794429488075,Increase
BCM_vs_ACM,Gamma,16,TP10,EN,Entropy,RAW_TP10_EN,5.412173046734057,5.401326090064533,-0.010846956669523955,-0.200417772600037,Decrease
BCM_vs_ACM,Gamma,16,TP10,BP,Gamma Band Power,RAW_TP10_BP_Gamma,721310.1562932923,684165.9209117738,-37144.23538151849,-5.149551140718342,Decrease
BCM_vs_ACM,Gamma,16,TP10,RP,Gamma Relative Power,RAW_TP10_RP_Gamma,0.3658024204925478,0.3852464032930915,0.019443982800543713,5.315433062023664,Increase
BCM_vs_ACM,Gamma,16,TP10,HJ,Hjorth Activity,RAW_TP10_HJ_Activity,2050382.2717192683,1818742.9613372888,-231639.31038197945,-11.297371888986698,Decrease
BCM_vs_ACM,Gamma,16,TP10,HJ,Hjorth Complexity,RAW_TP10_HJ_Complexity,1.350477572950621,1.3242127690120935,-0.026264803938527592,-1.9448530256701968,Decrease
BCM_vs_ACM,Gamma,16,TP10,HJ,Hjorth Mobility,RAW_TP10_HJ_Mobility,0.6492808943399573,0.6605699178370444,0.011289023497087158,1.7386963940411795,Increase
BCM_vs_ACM,Gamma,16,TP9,EN,Entropy,RAW_TP9_EN,5.397441073760335,5.409504762427595,0.012063688667259598,0.22350755668102115,Increase
BCM_vs_ACM,Gamma,16,TP9,BP,Gamma Band Power,RAW_TP9_BP_Gamma,729179.8769034958,680763.7525099239,-48416.12439357187,-6.639805338454171,Decrease
BCM_vs_ACM,Gamma,16,TP9,RP,Gamma Relative Power,RAW_TP9_RP_Gamma,0.3752153121426871,0.3904672656667193,0.015251953524032191,4.0648537067784085,Increase
BCM_vs_ACM,Gamma,16,TP9,HJ,Hjorth Activity,RAW_TP9_HJ_Activity,1988748.8144064527,1752578.291113219,-236170.5232932337,-11.87533194651932,Decrease
BCM_vs_ACM,Gamma,16,TP9,HJ,Hjorth Complexity,RAW_TP9_HJ_Complexity,1.3389205975402632,1.3226843836446236,-0.016236213895639562,-1.2126345599184285,Decrease
BCM_vs_ACM,Gamma,16,TP9,HJ,Hjorth Mobility,RAW_TP9_HJ_Mobility,0.655664440963715,0.6656458372381333,0.009981396274418297,1.5223330183572783,Increase
BCM_vs_ACM,Gamma,22,AF7,EN,Entropy,RAW_AF7_EN,5.397841435841048,5.402350817772242,0.004509381931193879,0.08354046677347912,Increase
BCM_vs_ACM,Gamma,22,AF7,BP,Gamma Band Power,RAW_AF7_BP_Gamma,694916.8283286917,701867.3835306809,6950.555201989249,1.0001995805319133,Increase
BCM_vs_ACM,Gamma,22,AF7,RP,Gamma Relative Power,RAW_AF7_RP_Gamma,0.40340756177105,0.386188683964882,-0.017218877806168043,-4.268357720061887,Decrease
BCM_vs_ACM,Gamma,22,AF7,HJ,Hjorth Activity,RAW_AF7_HJ_Activity,1774807.125842812,1855673.557198056,80866.43135524401,4.5563503874733735,Increase
BCM_vs_ACM,Gamma,22,AF7,HJ,Hjorth Complexity,RAW_AF7_HJ_Complexity,1.305842770171415,1.321043470220376,0.015200700048960902,1.16405285507424,Increase
BCM_vs_ACM,Gamma,22,AF7,HJ,Hjorth Mobility,RAW_AF7_HJ_Mobility,0.6731248594124947,0.6668849916422241,-0.006239867770270524,-0.927000048061915,Decrease
BCM_vs_ACM,Gamma,22,AF8,EN,Entropy,RAW_AF8_EN,5.4053285817415935,5.400305713679187,-0.0050228680624062605,-0.09292437983090929,Decrease
BCM_vs_ACM,Gamma,22,AF8,BP,Gamma Band Power,RAW_AF8_BP_Gamma,796744.3627057337,771148.8806811848,-25595.482024548925,-3.212508707011995,Decrease
BCM_vs_ACM,Gamma,22,AF8,RP,Gamma Relative Power,RAW_AF8_RP_Gamma,0.3961567098045647,0.3906697372260824,-0.0054869725784822965,-1.3850510272031427,Decrease
BCM_vs_ACM,Gamma,22,AF8,HJ,Hjorth Activity,RAW_AF8_HJ_Activity,2020381.148836136,1975561.129522391,-44820.0193137452,-2.21839425395373,Decrease
BCM_vs_ACM,Gamma,22,AF8,HJ,Hjorth Complexity,RAW_AF8_HJ_Complexity,1.315931022130051,1.317697814511417,0.0017667923813660114,0.13426177752889867,Increase
BCM_vs_ACM,Gamma,22,AF8,HJ,Hjorth Mobility,RAW_AF8_HJ_Mobility,0.6721525309492588,0.6681524259113861,-0.0040001050378726255,-0.5951186454990223,Decrease
BCM_vs_ACM,Gamma,22,TP10,EN,Entropy,RAW_TP10_EN,5.405457649718593,5.408393449039108,0.0029357993205154642,0.054311762495601115,Increase
BCM_vs_ACM,Gamma,22,TP10,BP,Gamma Band Power,RAW_TP10_BP_Gamma,684196.5993761594,747072.2314880082,62875.6321118488,9.18970251667107,Increase
BCM_vs_ACM,Gamma,22,TP10,RP,Gamma Relative Power,RAW_TP10_RP_Gamma,0.4005516177271331,0.3956283292868341,-0.00492328844029899,-1.22912708934629,Decrease
BCM_vs_ACM,Gamma,22,TP10,HJ,Hjorth Activity,RAW_TP10_HJ_Activity,1738863.137738412,1904981.483468272,166118.34572986,9.553273177434521,Increase
BCM_vs_ACM,Gamma,22,TP10,HJ,Hjorth Complexity,RAW_TP10_HJ_Complexity,1.317886063662882,1.316898015366885,-0.0009880482959969683,-0.07497220914916004,Decrease
BCM_vs_ACM,Gamma,22,TP10,HJ,Hjorth Mobility,RAW_TP10_HJ_Mobility,0.6701668682617878,0.6720277145455087,0.0018608462837208517,0.27766909583986593,Increase
BCM_vs_ACM,Gamma,22,TP9,EN,Entropy,RAW_TP9_EN,5.408341390116823,5.40610769232358,-0.002233697793243117,-0.041300976253550954,Decrease
BCM_vs_ACM,Gamma,22,TP9,BP,Gamma Band Power,RAW_TP9_BP_Gamma,668481.2827546523,661220.3749135666,-7260.907841085689,-1.0861796774870367,Decrease
BCM_vs_ACM,Gamma,22,TP9,RP,Gamma Relative Power,RAW_TP9_RP_Gamma,0.3923458365594105,0.40026032813524,0.007914491575829463,2.017223285771001,Increase
BCM_vs_ACM,Gamma,22,TP9,HJ,Hjorth Activity,RAW_TP9_HJ_Activity,1702855.6019522983,1637880.1795871535,-64975.42236514483,-3.8156742292565196,Decrease
BCM_vs_ACM,Gamma,22,TP9,HJ,Hjorth Complexity,RAW_TP9_HJ_Complexity,1.3146606875161235,1.3092792567601683,-0.005381430755955208,-0.4093399009384471,Decrease
BCM_vs_ACM,Gamma,22,TP9,HJ,Hjorth Mobility,RAW_TP9_HJ_Mobility,0.6704364880079637,0.6728683263981227,0.0024318383901589247,0.36272464784614145,Increase
BCM_vs_ACM,Gamma,25,AF7,EN,Entropy,RAW_AF7_EN,5.415325037729471,5.406020567810018,-0.009304469919452885,-0.17181738593024598,Decrease
BCM_vs_ACM,Gamma,25,AF7,BP,Gamma Band Power,RAW_AF7_BP_Gamma,651321.074385537,674416.8994060092,23095.825020472286,3.5459968867522256,Increase
BCM_vs_ACM,Gamma,25,AF7,RP,Gamma Relative Power,RAW_AF7_RP_Gamma,0.4054854188503011,0.4045980223199309,-0.000887396530370177,-0.21884795090444173,Decrease
BCM_vs_ACM,Gamma,25,AF7,HJ,Hjorth Activity,RAW_AF7_HJ_Activity,1641770.582196534,1674001.7394620045,32231.157265470596,1.9631949564078772,Increase
BCM_vs_ACM,Gamma,25,AF7,HJ,Hjorth Complexity,RAW_AF7_HJ_Complexity,1.305229576089491,1.304996918920906,-0.00023265716858489327,-0.017824999743105842,Decrease
BCM_vs_ACM,Gamma,25,AF7,HJ,Hjorth Mobility,RAW_AF7_HJ_Mobility,0.6796464498028739,0.678296116676766,-0.0013503331261078833,-0.19868170083129788,Decrease
BCM_vs_ACM,Gamma,25,AF8,EN,Entropy,RAW_AF8_EN,5.419577827055941,5.410205355070173,-0.009372471985768627,-0.1729373077544677,Decrease
BCM_vs_ACM,Gamma,25,AF8,BP,Gamma Band Power,RAW_AF8_BP_Gamma,485674.1645189041,657530.3619488219,171856.1974299178,35.38508118918658,Increase
BCM_vs_ACM,Gamma,25,AF8,RP,Gamma Relative Power,RAW_AF8_RP_Gamma,0.4021413317719769,0.405389417756465,0.0032480859844880583,0.8076976246574413,Increase
BCM_vs_ACM,Gamma,25,AF8,HJ,Hjorth Activity,RAW_AF8_HJ_Activity,1214239.4191381135,1643173.1678564502,428933.7487183367,35.32530256864834,Increase
BCM_vs_ACM,Gamma,25,AF8,HJ,Hjorth Complexity,RAW_AF8_HJ_Complexity,1.3130575111395395,1.3040176136183526,-0.009039897521186946,-0.6884616587236649,Decrease
BCM_vs_ACM,Gamma,25,AF8,HJ,Hjorth Mobility,RAW_AF8_HJ_Mobility,0.6789324585368764,0.6769460199931938,-0.0019864385436826337,-0.2925826448132233,Decrease
BCM_vs_ACM,Gamma,25,TP10,EN,Entropy,RAW_TP10_EN,5.362977887931235,5.449818655812803,0.0868407678815677,1.6192639555160735,Increase
BCM_vs_ACM,Gamma,25,TP10,BP,Gamma Band Power,RAW_TP10_BP_Gamma,833573.1245725045,690568.4732146804,-143004.6513578241,-17.15562164161226,Decrease
BCM_vs_ACM,Gamma,25,TP10,RP,Gamma Relative Power,RAW_TP10_RP_Gamma,0.3976565543831223,0.4089581177035259,0.011301563320403607,2.8420412528935994,Increase
BCM_vs_ACM,Gamma,25,TP10,HJ,Hjorth Activity,RAW_TP10_HJ_Activity,2106875.3424996417,1691212.0914788805,-415663.2510207612,-19.728896277632142,Decrease
BCM_vs_ACM,Gamma,25,TP10,HJ,Hjorth Complexity,RAW_TP10_HJ_Complexity,1.3336772190420805,1.3054112438946297,-0.028265975147450773,-2.1194015121404663,Decrease
BCM_vs_ACM,Gamma,25,TP10,HJ,Hjorth Mobility,RAW_TP10_HJ_Mobility,0.6750449165894022,0.6923738960601168,0.017328979470714545,2.567085396075198,Increase
BCM_vs_ACM,Gamma,25,TP9,EN,Entropy,RAW_TP9_EN,5.40594473298547,5.412959422891655,0.007014689906184479,0.12975881650034127,Increase
BCM_vs_ACM,Gamma,25,TP9,BP,Gamma Band Power,RAW_TP9_BP_Gamma,786771.8524148366,808276.7909887319,21504.938573895255,2.733313159067677,Increase
BCM_vs_ACM,Gamma,25,TP9,RP,Gamma Relative Power,RAW_TP9_RP_Gamma,0.3910267335832736,0.3854615779972413,-0.005565155586032322,-1.4232161405013397,Decrease
BCM_vs_ACM,Gamma,25,TP9,HJ,Hjorth Activity,RAW_TP9_HJ_Activity,2063535.497638582,2109660.7344551533,46125.23681657133,2.2352528885185152,Increase
BCM_vs_ACM,Gamma,25,TP9,HJ,Hjorth Complexity,RAW_TP9_HJ_Complexity,1.3261675075888968,1.321378103154624,-0.0047894044342728925,-0.36114626597815697,Decrease
BCM_vs_ACM,Gamma,25,TP9,HJ,Hjorth Mobility,RAW_TP9_HJ_Mobility,0.6659662002840925,0.6666004483466148,0.0006342480625223246,0.09523727514275689,Increase
BCM_vs_ACM,Gamma,26,AF7,EN,Entropy,RAW_AF7_EN,5.41254828681525,5.417671151861052,0.005122865045802172,0.09464793244027522,Increase
BCM_vs_ACM,Gamma,26,AF7,BP,Gamma Band Power,RAW_AF7_BP_Gamma,654435.3341112614,638767.2091981274,-15668.12491313403,-2.3941440959039464,Decrease
BCM_vs_ACM,Gamma,26,AF7,RP,Gamma Relative Power,RAW_AF7_RP_Gamma,0.4115973280026138,0.3969654616470143,-0.014631866355599488,-3.5548982853228264,Decrease
BCM_vs_ACM,Gamma,26,AF7,HJ,Hjorth Activity,RAW_AF7_HJ_Activity,1609530.6560312938,1637585.855087157,28055.19905586331,1.7430670829868207,Increase
BCM_vs_ACM,Gamma,26,AF7,HJ,Hjorth Complexity,RAW_AF7_HJ_Complexity,1.3065688791215873,1.3208251634836845,0.014256284362097249,1.0911238274465729,Increase
BCM_vs_ACM,Gamma,26,AF7,HJ,Hjorth Mobility,RAW_AF7_HJ_Mobility,0.6764637893122266,0.674962554191226,-0.0015012351210006436,-0.22192394400400609,Decrease
BCM_vs_ACM,Gamma,26,AF8,EN,Entropy,RAW_AF8_EN,5.4192009109134185,5.413295282990782,-0.005905627922636825,-0.10897599147401636,Decrease
BCM_vs_ACM,Gamma,26,AF8,BP,Gamma Band Power,RAW_AF8_BP_Gamma,648636.1002936701,664901.0467281898,16264.94643451972,2.507561085045338,Increase
BCM_vs_ACM,Gamma,26,AF8,RP,Gamma Relative Power,RAW_AF8_RP_Gamma,0.3972913668050598,0.3935347505277844,-0.0037566162772753597,-0.9455569869250722,Decrease
BCM_vs_ACM,Gamma,26,AF8,HJ,Hjorth Activity,RAW_AF8_HJ_Activity,1650058.6747832326,1694989.703561304,44931.02877807128,2.722995822192435,Increase
BCM_vs_ACM,Gamma,26,AF8,HJ,Hjorth Complexity,RAW_AF8_HJ_Complexity,1.3137469451201726,1.3187476321808391,0.0050006870606664755,0.3806430971536186,Increase
BCM_vs_ACM,Gamma,26,AF8,HJ,Hjorth Mobility,RAW_AF8_HJ_Mobility,0.6758556726327377,0.675141547568284,-0.0007141250644536745,-0.10566236156187928,Decrease
BCM_vs_ACM,Gamma,26,TP10,EN,Entropy,RAW_TP10_EN,5.442735179221878,5.433374149861897,-0.009361029359981288,-0.17199127004594755,Decrease
BCM_vs_ACM,Gamma,26,TP10,BP,Gamma Band Power,RAW_TP10_BP_Gamma,688646.6643861153,657949.113429855,-30697.550956260297,-4.457663493313397,Decrease
BCM_vs_ACM,Gamma,26,TP10,RP,Gamma Relative Power,RAW_TP10_RP_Gamma,0.4135343490361996,0.4082464344021079,-0.005287914634091728,-1.2787123116655152,Decrease
BCM_vs_ACM,Gamma,26,TP10,HJ,Hjorth Activity,RAW_TP10_HJ_Activity,1683626.436840161,1646305.909287444,-37320.5275527169,-2.2166750732876506,Decrease
BCM_vs_ACM,Gamma,26,TP10,HJ,Hjorth Complexity,RAW_TP10_HJ_Complexity,1.3118032978955316,1.3076944822086478,-0.0041088156868838155,-0.313218886815989,Decrease
BCM_vs_ACM,Gamma,26,TP10,HJ,Hjorth Mobility,RAW_TP10_HJ_Mobility,0.6866274985118752,0.6807211018473732,-0.005906396664501989,-0.8602039209473692,Decrease
BCM_vs_ACM,Gamma,26,TP9,EN,Entropy,RAW_TP9_EN,5.428215223901505,5.419833687787211,-0.008381536114294263,-0.15440684955505637,Decrease
BCM_vs_ACM,Gamma,26,TP9,BP,Gamma Band Power,RAW_TP9_BP_Gamma,665897.5004358737,635843.3739917704,-30054.126444103313,-4.513326213783789,Decrease
BCM_vs_ACM,Gamma,26,TP9,RP,Gamma Relative Power,RAW_TP9_RP_Gamma,0.4107596135902274,0.4033863895469901,-0.007373224043237314,-1.7950216621327386,Decrease
BCM_vs_ACM,Gamma,26,TP9,HJ,Hjorth Activity,RAW_TP9_HJ_Activity,1619235.6045210017,1555359.7273548683,-63875.877166133374,-3.9448167386999238,Decrease
BCM_vs_ACM,Gamma,26,TP9,HJ,Hjorth Complexity,RAW_TP9_HJ_Complexity,1.3038746755958113,1.30452247413187,0.0006477985360586747,0.0496825767217743,Increase
BCM_vs_ACM,Gamma,26,TP9,HJ,Hjorth Mobility,RAW_TP9_HJ_Mobility,0.6834135133982614,0.6789927746782558,-0.00442073872000559,-0.6468614730814359,Decrease
BCM_vs_ACM,Gamma,27,AF7,EN,Entropy,RAW_AF7_EN,5.360328481517209,5.188864947384367,-0.1714635341328421,-3.198750500534817,Decrease
BCM_vs_ACM,Gamma,27,AF7,BP,Gamma Band Power,RAW_AF7_BP_Gamma,944574.6063607304,651292.2905836501,-293282.31577708025,-31.04914252427791,Decrease
BCM_vs_ACM,Gamma,27,AF7,RP,Gamma Relative Power,RAW_AF7_RP_Gamma,0.4446021151560209,0.3619338209462636,-0.0826682942097573,-18.593769888104813,Decrease
BCM_vs_ACM,Gamma,27,AF7,HJ,Hjorth Activity,RAW_AF7_HJ_Activity,2235478.200594729,1866800.071302968,-368678.12929176074,-16.492137082512244,Decrease
BCM_vs_ACM,Gamma,27,AF7,HJ,Hjorth Complexity,RAW_AF7_HJ_Complexity,1.304904233442059,1.4254893494714276,0.1205851160293685,9.240916914744822,Increase
BCM_vs_ACM,Gamma,27,AF7,HJ,Hjorth Mobility,RAW_AF7_HJ_Mobility,0.704581964062622,0.6469692944639047,-0.05761266959871725,-8.176858412117506,Decrease
BCM_vs_ACM,Gamma,27,AF8,EN,Entropy,RAW_AF8_EN,5.4113195902696,5.406335763910143,-0.004983826359457488,-0.0921000187905957,Decrease
BCM_vs_ACM,Gamma,27,AF8,BP,Gamma Band Power,RAW_AF8_BP_Gamma,661677.5370721946,629208.9577534698,-32468.579318724805,-4.907009456961845,Decrease
BCM_vs_ACM,Gamma,27,AF8,RP,Gamma Relative Power,RAW_AF8_RP_Gamma,0.396926522656866,0.4034452243016418,0.006518701644775804,1.6422942969752299,Increase
BCM_vs_ACM,Gamma,27,AF8,HJ,Hjorth Activity,RAW_AF8_HJ_Activity,1731724.153080434,1569682.0185862738,-162042.1344941603,-9.357271722861618,Decrease
BCM_vs_ACM,Gamma,27,AF8,HJ,Hjorth Complexity,RAW_AF8_HJ_Complexity,1.3164107792824429,1.307501943584419,-0.00890883569802381,-0.6767519560178542,Decrease
BCM_vs_ACM,Gamma,27,AF8,HJ,Hjorth Mobility,RAW_AF8_HJ_Mobility,0.673104727312746,0.6755898730521683,0.0024851457394223786,0.3692064011114426,Increase
BCM_vs_ACM,Gamma,27,TP10,EN,Entropy,RAW_TP10_EN,4.917827877317905,4.6975065723754925,-0.22032130494241287,-4.480053195000638,Decrease
BCM_vs_ACM,Gamma,27,TP10,BP,Gamma Band Power,RAW_TP10_BP_Gamma,690196.3534453387,863267.8376495292,173071.48420419055,25.07568800389167,Increase
BCM_vs_ACM,Gamma,27,TP10,RP,Gamma Relative Power,RAW_TP10_RP_Gamma,0.5699194099272616,0.626151711379774,0.056232301452512345,9.866711060023245,Increase
BCM_vs_ACM,Gamma,27,TP10,HJ,Hjorth Activity,RAW_TP10_HJ_Activity,1204037.5465365842,1368444.8211107592,164407.274574175,13.654663431974592,Increase
BCM_vs_ACM,Gamma,27,TP10,HJ,Hjorth Complexity,RAW_TP10_HJ_Complexity,1.2109332971682916,1.167761621269355,-0.04317167589893667,-3.5651572221105425,Decrease
BCM_vs_ACM,Gamma,27,TP10,HJ,Hjorth Mobility,RAW_TP10_HJ_Mobility,0.7653371062557094,0.8116374165716042,0.046300310315894766,6.049662290962437,Increase
BCM_vs_ACM,Gamma,27,TP9,EN,Entropy,RAW_TP9_EN,4.946609840859288,4.90301690699416,-0.04359293386512775,-0.8812688946083346,Decrease
BCM_vs_ACM,Gamma,27,TP9,BP,Gamma Band Power,RAW_TP9_BP_Gamma,685260.9542762578,688248.8041204499,2987.8498441921547,0.43601635633067537,Increase
BCM_vs_ACM,Gamma,27,TP9,RP,Gamma Relative Power,RAW_TP9_RP_Gamma,0.5766627536752794,0.5701233315669818,-0.00653942210829761,-1.1340115286828423,Decrease
BCM_vs_ACM,Gamma,27,TP9,HJ,Hjorth Activity,RAW_TP9_HJ_Activity,1195182.91687662,1224078.3268374535,28895.40996083361,2.417655871148677,Increase
BCM_vs_ACM,Gamma,27,TP9,HJ,Hjorth Complexity,RAW_TP9_HJ_Complexity,1.206033439817085,1.203054383452459,-0.0029790563646261425,-0.2470127499182747,Decrease
BCM_vs_ACM,Gamma,27,TP9,HJ,Hjorth Mobility,RAW_TP9_HJ_Mobility,0.7674316730786966,0.7777555764404659,0.010323903361769249,1.3452537501290462,Increase
BCM_vs_ACM,Gamma,28,AF7,EN,Entropy,RAW_AF7_EN,5.333955742640658,5.372493910257569,0.03853816761691142,0.722506325068091,Increase
BCM_vs_ACM,Gamma,28,AF7,BP,Gamma Band Power,RAW_AF7_BP_Gamma,921684.4630274494,917214.3925763092,-4470.070451140287,-0.4849892376895975,Decrease
BCM_vs_ACM,Gamma,28,AF7,RP,Gamma Relative Power,RAW_AF7_RP_Gamma,0.4131377888070939,0.3963286609610279,-0.016809127846065974,-4.0686493226875085,Decrease
BCM_vs_ACM,Gamma,28,AF7,HJ,Hjorth Activity,RAW_AF7_HJ_Activity,2212592.343999329,2329888.074427668,117295.73042833898,5.301280678587332,Increase
BCM_vs_ACM,Gamma,28,AF7,HJ,Hjorth Complexity,RAW_AF7_HJ_Complexity,1.3133688057653896,1.3380680098821671,0.024699204116777507,1.8805992656711223,Increase
BCM_vs_ACM,Gamma,28,AF7,HJ,Hjorth Mobility,RAW_AF7_HJ_Mobility,0.6831950612819229,0.6712606029063758,-0.011934458375547075,-1.7468595796277686,Decrease
BCM_vs_ACM,Gamma,28,AF8,EN,Entropy,RAW_AF8_EN,5.403617459345143,5.401889472163188,-0.00172798718195466,-0.031978340342472586,Decrease
BCM_vs_ACM,Gamma,28,AF8,BP,Gamma Band Power,RAW_AF8_BP_Gamma,942934.9971819052,840003.8841055956,-102931.11307630956,-10.916034868144015,Decrease
BCM_vs_ACM,Gamma,28,AF8,RP,Gamma Relative Power,RAW_AF8_RP_Gamma,0.4017353780420243,0.3920953396057935,-0.009640038436230791,-2.3995990801742075,Decrease
BCM_vs_ACM,Gamma,28,AF8,HJ,Hjorth Activity,RAW_AF8_HJ_Activity,2338599.8364385427,2204976.264626394,-133623.57181214867,-5.71382798074784,Decrease
BCM_vs_ACM,Gamma,28,AF8,HJ,Hjorth Complexity,RAW_AF8_HJ_Complexity,1.3090369224131777,1.316942733275606,0.007905810862428364,0.6039410139672909,Increase
BCM_vs_ACM,Gamma,28,AF8,HJ,Hjorth Mobility,RAW_AF8_HJ_Mobility,0.673649886214978,0.6686284949632573,-0.0050213912517207415,-0.7454007422066563,Decrease
BCM_vs_ACM,Gamma,28,TP10,EN,Entropy,RAW_TP10_EN,4.644946928628476,4.807372630115559,0.16242570148708246,3.496825776113706,Increase
BCM_vs_ACM,Gamma,28,TP10,BP,Gamma Band Power,RAW_TP10_BP_Gamma,1111340.7073303186,1049978.6968587232,-61362.01047159545,-5.521440010867622,Decrease
BCM_vs_ACM,Gamma,28,TP10,RP,Gamma Relative Power,RAW_TP10_RP_Gamma,0.5658224249773771,0.5479534356063532,-0.01786898937102388,-3.1580560582656867,Decrease
BCM_vs_ACM,Gamma,28,TP10,HJ,Hjorth Activity,RAW_TP10_HJ_Activity,1986732.681466128,1936808.6950926965,-49923.986373431515,-2.5128688343008303,Decrease
BCM_vs_ACM,Gamma,28,TP10,HJ,Hjorth Complexity,RAW_TP10_HJ_Complexity,1.2143377456040156,1.220828226254466,0.006490480650450436,0.5344872687970388,Increase
BCM_vs_ACM,Gamma,28,TP10,HJ,Hjorth Mobility,RAW_TP10_HJ_Mobility,0.7801612545591732,0.7703453104503211,-0.009815944108852115,-1.2581942581086742,Decrease
BCM_vs_ACM,Gamma,28,TP9,EN,Entropy,RAW_TP9_EN,4.733023085411572,4.769586631751175,0.036563546339603015,0.772519923942512,Increase
BCM_vs_ACM,Gamma,28,TP9,BP,Gamma Band Power,RAW_TP9_BP_Gamma,1192441.7722515748,1428716.526019044,236274.7537674692,19.814364044068498,Increase
BCM_vs_ACM,Gamma,28,TP9,RP,Gamma Relative Power,RAW_TP9_RP_Gamma,0.5746464290160651,0.5891697307320093,0.014523301715944181,2.527345682946576,Increase
BCM_vs_ACM,Gamma,28,TP9,HJ,Hjorth Activity,RAW_TP9_HJ_Activity,2095838.507752329,2425783.139173948,329944.6314216191,15.742846130614637,Increase
BCM_vs_ACM,Gamma,28,TP9,HJ,Hjorth Complexity,RAW_TP9_HJ_Complexity,1.212686942979571,1.2023410617987869,-0.010345881180784167,-0.8531370145178889,Decrease
BCM_vs_ACM,Gamma,28,TP9,HJ,Hjorth Mobility,RAW_TP9_HJ_Mobility,0.7806719534376295,0.7787755946251719,-0.0018963588124576436,-0.24291365971419518,Decrease
BCM_vs_ACM,Beta,1,AF7,BP,Beta Band Power,RAW_AF7_BP_Beta,722134.375024282,862061.4771935885,139927.10216930648,19.37687873736815,Increase
BCM_vs_ACM,Beta,1,AF7,RP,Beta Relative Power,RAW_AF7_RP_Beta,0.3798915992943413,0.3882746641717823,0.008383064877441004,2.206699198669507,Increase
BCM_vs_ACM,Beta,1,AF7,EN,Entropy,RAW_AF7_EN,5.415521477463908,5.403649980913499,-0.011871496550409866,-0.21921243595490816,Decrease
BCM_vs_ACM,Beta,1,AF7,HJ,Hjorth Activity,RAW_AF7_HJ_Activity,1888857.025894148,2287055.8419164885,398198.81602234044,21.081469405226205,Increase
BCM_vs_ACM,Beta,1,AF7,HJ,Hjorth Complexity,RAW_AF7_HJ_Complexity,1.3282326656750945,1.3219383948186103,-0.006294270856484152,-0.4738831545966379,Decrease
BCM_vs_ACM,Beta,1,AF7,HJ,Hjorth Mobility,RAW_AF7_HJ_Mobility,0.6616705584490894,0.6666853068092901,0.00501474836020066,0.7578920198527328,Increase
BCM_vs_ACM,Beta,1,AF8,BP,Beta Band Power,RAW_AF8_BP_Beta,658252.691345427,713939.8199085654,55687.12856313842,8.459840619765252,Increase
BCM_vs_ACM,Beta,1,AF8,RP,Beta Relative Power,RAW_AF8_RP_Beta,0.3809614080530262,0.3678749820212494,-0.013086426031776788,-3.4351054346048833,Decrease
BCM_vs_ACM,Beta,1,AF8,EN,Entropy,RAW_AF8_EN,5.418397892834423,5.386356947858209,-0.032040944976214014,-0.5913361404961909,Decrease
BCM_vs_ACM,Beta,1,AF8,HJ,Hjorth Activity,RAW_AF8_HJ_Activity,1760650.294298326,1961704.5336648764,201054.23936655046,11.419317056751286,Increase
BCM_vs_ACM,Beta,1,AF8,HJ,Hjorth Complexity,RAW_AF8_HJ_Complexity,1.3306058343729537,1.3469218652650383,0.016316030892084665,1.2262106831790327,Increase
BCM_vs_ACM,Beta,1,AF8,HJ,Hjorth Mobility,RAW_AF8_HJ_Mobility,0.6611346251779511,0.6481726748759531,-0.012961950301997982,-1.9605614058572627,Decrease
BCM_vs_ACM,Beta,1,TP10,BP,Beta Band Power,RAW_TP10_BP_Beta,656623.4538638523,798776.8222455791,142153.3683817268,21.649145723509537,Increase
BCM_vs_ACM,Beta,1,TP10,RP,Beta Relative Power,RAW_TP10_RP_Beta,0.381615262348777,0.3804685519163455,-0.0011467104324315303,-0.30048861918512443,Decrease
BCM_vs_ACM,Beta,1,TP10,EN,Entropy,RAW_TP10_EN,5.402517869750897,5.408569930317584,0.006052060566687167,0.11202296248890004,Increase
BCM_vs_ACM,Beta,1,TP10,HJ,Hjorth Activity,RAW_TP10_HJ_Activity,1721781.1490409155,2105283.514364718,383502.36532380246,22.27358369775537,Increase
BCM_vs_ACM,Beta,1,TP10,HJ,Hjorth Complexity,RAW_TP10_HJ_Complexity,1.316488932243307,1.3386085273068622,0.022119595063555098,1.6801960519229844,Increase
BCM_vs_ACM,Beta,1,TP10,HJ,Hjorth Mobility,RAW_TP10_HJ_Mobility,0.6660315338308899,0.6563683960206742,-0.00966313781021566,-1.450852898005457,Decrease
BCM_vs_ACM,Beta,1,TP9,BP,Beta Band Power,RAW_TP9_BP_Beta,653080.9967253437,804827.9626494052,151746.9659240615,23.23555067211355,Increase
BCM_vs_ACM,Beta,1,TP9,RP,Beta Relative Power,RAW_TP9_RP_Beta,0.3840405500073961,0.3826734429883698,-0.0013671070190263146,-0.35597986176199,Decrease
BCM_vs_ACM,Beta,1,TP9,EN,Entropy,RAW_TP9_EN,5.4071337018069405,5.40744848152453,0.0003147797175895306,0.005821563418791335,Increase
BCM_vs_ACM,Beta,1,TP9,HJ,Hjorth Activity,RAW_TP9_HJ_Activity,1743112.4315943588,2165324.975701208,422212.54410684947,24.221761973246196,Increase
BCM_vs_ACM,Beta,1,TP9,HJ,Hjorth Complexity,RAW_TP9_HJ_Complexity,1.3388377742241586,1.327530712101502,-0.01130706212265653,-0.8445431059942153,Decrease
BCM_vs_ACM,Beta,1,TP9,HJ,Hjorth Mobility,RAW_TP9_HJ_Mobility,0.6579397581297732,0.6634635502315851,0.005523792101811864,0.8395589464776411,Increase
BCM_vs_ACM,Beta,2,AF7,BP,Beta Band Power,RAW_AF7_BP_Beta,699895.7747397523,757586.8319008637,57691.057161111385,8.242806892578129,Increase
BCM_vs_ACM,Beta,2,AF7,RP,Beta Relative Power,RAW_AF7_RP_Beta,0.3783606803895772,0.3831796320554817,0.004818951665904514,1.2736396554057108,Increase
BCM_vs_ACM,Beta,2,AF7,EN,Entropy,RAW_AF7_EN,5.4119834186794815,5.408856558728593,-0.003126859950888239,-0.05777659887308356,Decrease
BCM_vs_ACM,Beta,2,AF7,HJ,Hjorth Activity,RAW_AF7_HJ_Activity,1867226.3669121696,1988354.2196891163,121127.85277694673,6.487047040646482,Increase
BCM_vs_ACM,Beta,2,AF7,HJ,Hjorth Complexity,RAW_AF7_HJ_Complexity,1.319795318758389,1.322202452431206,0.0024071336728168635,0.18238689277072137,Increase
BCM_vs_ACM,Beta,2,AF7,HJ,Hjorth Mobility,RAW_AF7_HJ_Mobility,0.6692970455042596,0.6677769905434416,-0.0015200549608179736,-0.22711215760301745,Decrease
BCM_vs_ACM,Beta,2,AF8,BP,Beta Band Power,RAW_AF8_BP_Beta,732621.7585623802,765273.1753991124,32651.416836732184,4.456790486376474,Increase
BCM_vs_ACM,Beta,2,AF8,RP,Beta Relative Power,RAW_AF8_RP_Beta,0.3774308903857676,0.3777629472229171,0.00033205683714948586,0.0879781823925685,Increase
BCM_vs_ACM,Beta,2,AF8,EN,Entropy,RAW_AF8_EN,5.398614739287038,5.405534740937624,0.0069200016505863715,0.12818106097158274,Increase
BCM_vs_ACM,Beta,2,AF8,HJ,Hjorth Activity,RAW_AF8_HJ_Activity,2011122.6005771067,2066398.893309006,55276.2927318993,2.7485292401386845,Increase
BCM_vs_ACM,Beta,2,AF8,HJ,Hjorth Complexity,RAW_AF8_HJ_Complexity,1.3385115276272843,1.3246842267708203,-0.013827300856463998,-1.0330356198706032,Decrease
BCM_vs_ACM,Beta,2,AF8,HJ,Hjorth Mobility,RAW_AF8_HJ_Mobility,0.6566344077551899,0.6662682846946467,0.009633876939456831,1.4671599333930407,Increase
BCM_vs_ACM,Beta,2,TP10,BP,Beta Band Power,RAW_TP10_BP_Beta,783930.647673577,739405.3947389557,-44525.2529346213,-5.679743873613842,Decrease
BCM_vs_ACM,Beta,2,TP10,RP,Beta Relative Power,RAW_TP10_RP_Beta,0.3783951380697143,0.3821214646699759,0.0037263266002615647,0.984771268275397,Increase
BCM_vs_ACM,Beta,2,TP10,EN,Entropy,RAW_TP10_EN,5.410969033941904,5.41828632999708,0.007317296055175504,0.1352307878547373,Increase
BCM_vs_ACM,Beta,2,TP10,HJ,Hjorth Activity,RAW_TP10_HJ_Activity,2148320.0167218493,2008452.9491912443,-139867.067530605,-6.510532250406068,Decrease
BCM_vs_ACM,Beta,2,TP10,HJ,Hjorth Complexity,RAW_TP10_HJ_Complexity,1.343595014429876,1.3425839151260683,-0.0010110993038077165,-0.07525327892324411,Decrease
BCM_vs_ACM,Beta,2,TP10,HJ,Hjorth Mobility,RAW_TP10_HJ_Mobility,0.6562053759978095,0.6544668691447602,-0.0017385068530493264,-0.2649333450531087,Decrease
BCM_vs_ACM,Beta,2,TP9,BP,Beta Band Power,RAW_TP9_BP_Beta,697649.4552502916,628471.7864005002,-69177.6688497914,-9.915820664544622,Decrease
BCM_vs_ACM,Beta,2,TP9,RP,Beta Relative Power,RAW_TP9_RP_Beta,0.3782150860472147,0.3747259768386879,-0.003489109208526797,-0.9225198404939436,Decrease
BCM_vs_ACM,Beta,2,TP9,EN,Entropy,RAW_TP9_EN,5.408965353979412,5.405230938189986,-0.0037344157894265706,-0.06904122221228753,Decrease
BCM_vs_ACM,Beta,2,TP9,HJ,Hjorth Activity,RAW_TP9_HJ_Activity,1923825.114433187,1734524.070965334,-189301.043467853,-9.839825982499786,Decrease
BCM_vs_ACM,Beta,2,TP9,HJ,Hjorth Complexity,RAW_TP9_HJ_Complexity,1.3453278039078678,1.348965016319165,0.0036372124112973303,0.2703588226402565,Increase
BCM_vs_ACM,Beta,2,TP9,HJ,Hjorth Mobility,RAW_TP9_HJ_Mobility,0.6551247999362333,0.6517093823919121,-0.0034154175443211754,-0.5213384601916483,Decrease
BCM_vs_ACM,Beta,9,AF7,BP,Beta Band Power,RAW_AF7_BP_Beta,733762.2075571439,611048.942348444,-122713.26520869986,-16.723846492072596,Decrease
BCM_vs_ACM,Beta,9,AF7,RP,Beta Relative Power,RAW_AF7_RP_Beta,0.3802205057514798,0.380905478542669,0.0006849727911891756,0.1801514596997797,Increase
BCM_vs_ACM,Beta,9,AF7,EN,Entropy,RAW_AF7_EN,5.4071387915306985,5.404022063593096,-0.003116727937602981,-0.05764098274090486,Decrease
BCM_vs_ACM,Beta,9,AF7,HJ,Hjorth Activity,RAW_AF7_HJ_Activity,1946134.03390906,1622607.9068947118,-323526.1270143483,-16.6240413752235,Decrease
BCM_vs_ACM,Beta,9,AF7,HJ,Hjorth Complexity,RAW_AF7_HJ_Complexity,1.3221644563585857,1.3067445068361954,-0.015419949522390342,-1.1662656221192713,Decrease
BCM_vs_ACM,Beta,9,AF7,HJ,Hjorth Mobility,RAW_AF7_HJ_Mobility,0.6642478679397165,0.6762030114757714,0.01195514353605498,1.799801567016842,Increase
BCM_vs_ACM,Beta,9,AF8,BP,Beta Band Power,RAW_AF8_BP_Beta,822288.9584752573,664598.1243582234,-157690.83411703387,-19.177058440555335,Decrease
BCM_vs_ACM,Beta,9,AF8,RP,Beta Relative Power,RAW_AF8_RP_Beta,0.3880061937135689,0.3830690396802975,-0.00493715403327144,-1.2724420674882602,Decrease
BCM_vs_ACM,Beta,9,AF8,EN,Entropy,RAW_AF8_EN,5.402163873319425,5.408998618050714,0.006834744731289533,0.1265186486667951,Increase
BCM_vs_ACM,Beta,9,AF8,HJ,Hjorth Activity,RAW_AF8_HJ_Activity,2064720.8615673005,1756291.1424345723,-308429.7191327282,-14.938083150794704,Decrease
BCM_vs_ACM,Beta,9,AF8,HJ,Hjorth Complexity,RAW_AF8_HJ_Complexity,1.3191598760040824,1.308252635652518,-0.010907240351564429,-0.8268323309380791,Decrease
BCM_vs_ACM,Beta,9,AF8,HJ,Hjorth Mobility,RAW_AF8_HJ_Mobility,0.6671399929706834,0.6744665200222757,0.007326527051592313,1.0981993477813086,Increase
BCM_vs_ACM,Beta,9,TP10,BP,Beta Band Power,RAW_TP10_BP_Beta,776134.0205859394,611695.6880184553,-164438.33256748412,-21.18684765851934,Decrease
BCM_vs_ACM,Beta,9,TP10,RP,Beta Relative Power,RAW_TP10_RP_Beta,0.3888882349853778,0.3844453240827195,-0.004442910902658304,-1.1424647245564932,Decrease
BCM_vs_ACM,Beta,9,TP10,EN,Entropy,RAW_TP10_EN,5.401804718533586,5.410811539963174,0.00900682142958864,0.16673726465316763,Increase
BCM_vs_ACM,Beta,9,TP10,HJ,Hjorth Activity,RAW_TP10_HJ_Activity,2039021.703725758,1631243.8874710468,-407777.81625471124,-19.998699156051558,Decrease
BCM_vs_ACM,Beta,9,TP10,HJ,Hjorth Complexity,RAW_TP10_HJ_Complexity,1.3319049774146134,1.305317550210008,-0.026587427204605385,-1.9961954985869002,Decrease
BCM_vs_ACM,Beta,9,TP10,HJ,Hjorth Mobility,RAW_TP10_HJ_Mobility,0.6594870891850861,0.671367093009396,0.01188000382430987,1.801400515511188,Increase
BCM_vs_ACM,Beta,9,TP9,BP,Beta Band Power,RAW_TP9_BP_Beta,817641.6964246139,727834.3225726048,-89807.37385200919,-10.983707685740484,Decrease
BCM_vs_ACM,Beta,9,TP9,RP,Beta Relative Power,RAW_TP9_RP_Beta,0.3831230671468293,0.3895025529671215,0.006379485820292186,1.6651270485489433,Increase
BCM_vs_ACM,Beta,9,TP9,EN,Entropy,RAW_TP9_EN,5.406201707465828,5.406270372258356,6.866479252742863e-05,0.0012701115541546347,Increase
BCM_vs_ACM,Beta,9,TP9,HJ,Hjorth Activity,RAW_TP9_HJ_Activity,2210505.941549495,1922064.87236798,-288441.0691815149,-13.048644826501885,Decrease
BCM_vs_ACM,Beta,9,TP9,HJ,Hjorth Complexity,RAW_TP9_HJ_Complexity,1.3241729468089578,1.31791086499571,-0.006262081813247722,-0.47290513133789086,Decrease
BCM_vs_ACM,Beta,9,TP9,HJ,Hjorth Mobility,RAW_TP9_HJ_Mobility,0.6636531743624009,0.6685097271696437,0.004856552807242842,0.7317907899572293,Increase
BCM_vs_ACM,Beta,14,AF7,BP,Beta Band Power,RAW_AF7_BP_Beta,703444.466242678,658930.6087246875,-44513.85751799052,-6.327984603497312,Decrease
BCM_vs_ACM,Beta,14,AF7,RP,Beta Relative Power,RAW_AF7_RP_Beta,0.394294702240308,0.3785725767923071,-0.01572212544800089,-3.987404689606719,Decrease
BCM_vs_ACM,Beta,14,AF7,EN,Entropy,RAW_AF7_EN,5.407423366123863,5.40746778969903,4.442357516687423e-05,0.0008215294449696073,Increase
BCM_vs_ACM,Beta,14,AF7,HJ,Hjorth Activity,RAW_AF7_HJ_Activity,1834475.4342915807,1787410.0245287656,-47065.40976281511,-2.5656058883661395,Decrease
BCM_vs_ACM,Beta,14,AF7,HJ,Hjorth Complexity,RAW_AF7_HJ_Complexity,1.3062192949510565,1.3096437727929655,0.003424477841909024,0.26216714568110383,Increase
BCM_vs_ACM,Beta,14,AF7,HJ,Hjorth Mobility,RAW_AF7_HJ_Mobility,0.6764427179440047,0.674487230013192,-0.0019554879308126827,-0.2890840390382554,Decrease
BCM_vs_ACM,Beta,14,AF8,BP,Beta Band Power,RAW_AF8_BP_Beta,684003.9815726782,679086.8797409867,-4917.101831691456,-0.7188703522435556,Decrease
BCM_vs_ACM,Beta,14,AF8,RP,Beta Relative Power,RAW_AF8_RP_Beta,0.3839297139842677,0.3968309748072451,0.012901260822977434,3.3603184002335618,Increase
BCM_vs_ACM,Beta,14,AF8,EN,Entropy,RAW_AF8_EN,5.4087497838818495,5.402170583083195,-0.006579200798654483,-0.1216399549163948,Decrease
BCM_vs_ACM,Beta,14,AF8,HJ,Hjorth Activity,RAW_AF8_HJ_Activity,1787825.349666122,1736566.0720054563,-51259.2776606658,-2.8671300398687443,Decrease
BCM_vs_ACM,Beta,14,AF8,HJ,Hjorth Complexity,RAW_AF8_HJ_Complexity,1.306939320782014,1.3093339458499933,0.0023946250679793835,0.1832238903445454,Increase
BCM_vs_ACM,Beta,14,AF8,HJ,Hjorth Mobility,RAW_AF8_HJ_Mobility,0.678124530355217,0.6731473301790123,-0.004977200176204732,-0.7339655112605293,Decrease
BCM_vs_ACM,Beta,14,TP10,BP,Beta Band Power,RAW_TP10_BP_Beta,609287.8146690162,629654.9118794433,20367.097210427164,3.3427711370678237,Increase
BCM_vs_ACM,Beta,14,TP10,RP,Beta Relative Power,RAW_TP10_RP_Beta,0.375764456069209,0.3737792274940127,-0.001985228575196285,-0.5283172857708079,Decrease
BCM_vs_ACM,Beta,14,TP10,EN,Entropy,RAW_TP10_EN,5.409726383039741,5.414728509986715,0.005002126946973995,0.09246543342111296,Increase
BCM_vs_ACM,Beta,14,TP10,HJ,Hjorth Activity,RAW_TP10_HJ_Activity,1643903.2103664284,1712478.4610500247,68575.25068359636,4.171489553105188,Increase
BCM_vs_ACM,Beta,14,TP10,HJ,Hjorth Complexity,RAW_TP10_HJ_Complexity,1.3160395528867728,1.3259448709171706,0.009905318030397847,0.7526611193919082,Increase
BCM_vs_ACM,Beta,14,TP10,HJ,Hjorth Mobility,RAW_TP10_HJ_Mobility,0.670533633332011,0.665490705619707,-0.005042927712303968,-0.7520767731283944,Decrease
BCM_vs_ACM,Beta,14,TP9,BP,Beta Band Power,RAW_TP9_BP_Beta,750305.33294205,683436.1085730476,-66869.22436900239,-8.91226830373163,Decrease
BCM_vs_ACM,Beta,14,TP9,RP,Beta Relative Power,RAW_TP9_RP_Beta,0.3829430933772565,0.3793664590305696,-0.0035766343466869244,-0.9339858607042175,Decrease
BCM_vs_ACM,Beta,14,TP9,EN,Entropy,RAW_TP9_EN,5.408502870308953,5.406748330655828,-0.001754539653124887,-0.03244039423103165,Decrease
BCM_vs_ACM,Beta,14,TP9,HJ,Hjorth Activity,RAW_TP9_HJ_Activity,1972352.40596704,1812362.4753310247,-159989.93063601526,-8.111630059212088,Decrease
BCM_vs_ACM,Beta,14,TP9,HJ,Hjorth Complexity,RAW_TP9_HJ_Complexity,1.3293659873089798,1.3206870176163374,-0.008678969692642369,-0.6528653339635315,Decrease
BCM_vs_ACM,Beta,14,TP9,HJ,Hjorth Mobility,RAW_TP9_HJ_Mobility,0.662644578317564,0.6680478222782341,0.0054032439606701566,0.8154060468417084,Increase
BCM_vs_ACM,Beta,16,AF7,BP,Beta Band Power,RAW_AF7_BP_Beta,920987.7832528764,757581.1136454421,-163406.6696074343,-17.742544752362647,Decrease
BCM_vs_ACM,Beta,16,AF7,RP,Beta Relative Power,RAW_AF7_RP_Beta,0.3885812824291866,0.3811396890723619,-0.007441593356824705,-1.9150673728554668,Decrease
BCM_vs_ACM,Beta,16,AF7,EN,Entropy,RAW_AF7_EN,5.408280770167084,5.408253572985302,-2.7197181782234736e-05,-0.0005028803595452849,Decrease
BCM_vs_ACM,Beta,16,AF7,HJ,Hjorth Activity,RAW_AF7_HJ_Activity,2442847.796990736,1978991.109588776,-463856.6874019599,-18.98835809473557,Decrease
BCM_vs_ACM,Beta,16,AF7,HJ,Hjorth Complexity,RAW_AF7_HJ_Complexity,1.3295220161393468,1.3182415850620348,-0.011280431077312025,-0.8484576366826954,Decrease
BCM_vs_ACM,Beta,16,AF7,HJ,Hjorth Mobility,RAW_AF7_HJ_Mobility,0.6579866996606233,0.669502049829859,0.01151535016923566,1.7500885922428302,Increase
BCM_vs_ACM,Beta,16,AF8,BP,Beta Band Power,RAW_AF8_BP_Beta,705073.2703633026,662590.0613549598,-42483.2090083427,-6.025360880075969,Decrease
BCM_vs_ACM,Beta,16,AF8,RP,Beta Relative Power,RAW_AF8_RP_Beta,0.3710641831578103,0.3829548102279775,0.011890627070167192,3.2044663995797764,Increase
BCM_vs_ACM,Beta,16,AF8,EN,Entropy,RAW_AF8_EN,5.415605795807663,5.402600676132455,-0.013005119675207233,-0.2401415495432621,Decrease
BCM_vs_ACM,Beta,16,AF8,HJ,Hjorth Activity,RAW_AF8_HJ_Activity,1900681.1761997144,1756122.3303054278,-144558.84589428664,-7.605633585708595,Decrease
BCM_vs_ACM,Beta,16,AF8,HJ,Hjorth Complexity,RAW_AF8_HJ_Complexity,1.3376017794408612,1.309513824251014,-0.02808795518984719,-2.0998742392215117,Decrease
BCM_vs_ACM,Beta,16,AF8,HJ,Hjorth Mobility,RAW_AF8_HJ_Mobility,0.6615524556842727,0.6694897251957141,0.00793726951144147,1.199794429488075,Increase
BCM_vs_ACM,Beta,16,TP10,BP,Beta Band Power,RAW_TP10_BP_Beta,771768.9349525699,706465.8112496074,-65303.12370296253,-8.461486430128964,Decrease
BCM_vs_ACM,Beta,16,TP10,RP,Beta Relative Power,RAW_TP10_RP_Beta,0.3819096991952558,0.387578875058573,0.005669175863317222,1.4844283544678423,Increase
BCM_vs_ACM,Beta,16,TP10,EN,Entropy,RAW_TP10_EN,5.412173046734057,5.401326090064533,-0.010846956669523955,-0.200417772600037,Decrease
BCM_vs_ACM,Beta,16,TP10,HJ,Hjorth Activity,RAW_TP10_HJ_Activity,2050382.2717192683,1818742.9613372888,-231639.31038197945,-11.297371888986698,Decrease
BCM_vs_ACM,Beta,16,TP10,HJ,Hjorth Complexity,RAW_TP10_HJ_Complexity,1.350477572950621,1.3242127690120935,-0.026264803938527592,-1.9448530256701968,Decrease
BCM_vs_ACM,Beta,16,TP10,HJ,Hjorth Mobility,RAW_TP10_HJ_Mobility,0.6492808943399573,0.6605699178370444,0.011289023497087158,1.7386963940411795,Increase
BCM_vs_ACM,Beta,16,TP9,BP,Beta Band Power,RAW_TP9_BP_Beta,735458.2696216678,662510.2284243198,-72948.04119734804,-9.918719281635619,Decrease
BCM_vs_ACM,Beta,16,TP9,RP,Beta Relative Power,RAW_TP9_RP_Beta,0.3699870096832004,0.384253999596579,0.014266989913378603,3.8560786027581466,Increase
BCM_vs_ACM,Beta,16,TP9,EN,Entropy,RAW_TP9_EN,5.397441073760335,5.409504762427595,0.012063688667259598,0.22350755668102115,Increase
BCM_vs_ACM,Beta,16,TP9,HJ,Hjorth Activity,RAW_TP9_HJ_Activity,1988748.8144064527,1752578.291113219,-236170.5232932337,-11.87533194651932,Decrease
BCM_vs_ACM,Beta,16,TP9,HJ,Hjorth Complexity,RAW_TP9_HJ_Complexity,1.3389205975402632,1.3226843836446236,-0.016236213895639562,-1.2126345599184285,Decrease
BCM_vs_ACM,Beta,16,TP9,HJ,Hjorth Mobility,RAW_TP9_HJ_Mobility,0.655664440963715,0.6656458372381333,0.009981396274418297,1.5223330183572783,Increase
BCM_vs_ACM,Beta,22,AF7,BP,Beta Band Power,RAW_AF7_BP_Beta,685260.6264720224,720816.5384247708,35555.91195274843,5.188669913198361,Increase
BCM_vs_ACM,Beta,22,AF7,RP,Beta Relative Power,RAW_AF7_RP_Beta,0.3919580337197479,0.3880799227777837,-0.003878110941964219,-0.9894199399768112,Decrease
BCM_vs_ACM,Beta,22,AF7,EN,Entropy,RAW_AF7_EN,5.397841435841048,5.402350817772242,0.004509381931193879,0.08354046677347912,Increase
BCM_vs_ACM,Beta,22,AF7,HJ,Hjorth Activity,RAW_AF7_HJ_Activity,1774807.125842812,1855673.557198056,80866.43135524401,4.5563503874733735,Increase
BCM_vs_ACM,Beta,22,AF7,HJ,Hjorth Complexity,RAW_AF7_HJ_Complexity,1.305842770171415,1.321043470220376,0.015200700048960902,1.16405285507424,Increase
BCM_vs_ACM,Beta,22,AF7,HJ,Hjorth Mobility,RAW_AF7_HJ_Mobility,0.6731248594124947,0.6668849916422241,-0.006239867770270524,-0.927000048061915,Decrease
BCM_vs_ACM,Beta,22,AF8,BP,Beta Band Power,RAW_AF8_BP_Beta,759739.6595460706,765550.4871675048,5810.827621434233,0.7648445817487121,Increase
BCM_vs_ACM,Beta,22,AF8,RP,Beta Relative Power,RAW_AF8_RP_Beta,0.3875993251535966,0.388228540422839,0.0006292152692424224,0.1623365234170826,Increase
BCM_vs_ACM,Beta,22,AF8,EN,Entropy,RAW_AF8_EN,5.4053285817415935,5.400305713679187,-0.0050228680624062605,-0.09292437983090929,Decrease
BCM_vs_ACM,Beta,22,AF8,HJ,Hjorth Activity,RAW_AF8_HJ_Activity,2020381.148836136,1975561.129522391,-44820.0193137452,-2.21839425395373,Decrease
BCM_vs_ACM,Beta,22,AF8,HJ,Hjorth Complexity,RAW_AF8_HJ_Complexity,1.315931022130051,1.317697814511417,0.0017667923813660114,0.13426177752889867,Increase
BCM_vs_ACM,Beta,22,AF8,HJ,Hjorth Mobility,RAW_AF8_HJ_Mobility,0.6721525309492588,0.6681524259113861,-0.0040001050378726255,-0.5951186454990223,Decrease
BCM_vs_ACM,Beta,22,TP10,BP,Beta Band Power,RAW_TP10_BP_Beta,661497.5928518398,720109.1980648814,58611.605213041534,8.86044119380026,Increase
BCM_vs_ACM,Beta,22,TP10,RP,Beta Relative Power,RAW_TP10_RP_Beta,0.3883846068886722,0.3851807681090858,-0.00320383877958641,-0.8249139442606098,Decrease
BCM_vs_ACM,Beta,22,TP10,EN,Entropy,RAW_TP10_EN,5.405457649718593,5.408393449039108,0.0029357993205154642,0.054311762495601115,Increase
BCM_vs_ACM,Beta,22,TP10,HJ,Hjorth Activity,RAW_TP10_HJ_Activity,1738863.137738412,1904981.483468272,166118.34572986,9.553273177434521,Increase
BCM_vs_ACM,Beta,22,TP10,HJ,Hjorth Complexity,RAW_TP10_HJ_Complexity,1.317886063662882,1.316898015366885,-0.0009880482959969683,-0.07497220914916004,Decrease
BCM_vs_ACM,Beta,22,TP10,HJ,Hjorth Mobility,RAW_TP10_HJ_Mobility,0.6701668682617878,0.6720277145455087,0.0018608462837208517,0.27766909583986593,Increase
BCM_vs_ACM,Beta,22,TP9,BP,Beta Band Power,RAW_TP9_BP_Beta,664599.925143696,630530.2506371399,-34069.674506556126,-5.126343416182266,Decrease
BCM_vs_ACM,Beta,22,TP9,RP,Beta Relative Power,RAW_TP9_RP_Beta,0.3910768907639559,0.3901187548073959,-0.0009581359565600245,-0.24499937970978986,Decrease
BCM_vs_ACM,Beta,22,TP9,EN,Entropy,RAW_TP9_EN,5.408341390116823,5.40610769232358,-0.002233697793243117,-0.041300976253550954,Decrease
BCM_vs_ACM,Beta,22,TP9,HJ,Hjorth Activity,RAW_TP9_HJ_Activity,1702855.6019522983,1637880.1795871535,-64975.42236514483,-3.8156742292565196,Decrease
BCM_vs_ACM,Beta,22,TP9,HJ,Hjorth Complexity,RAW_TP9_HJ_Complexity,1.3146606875161235,1.3092792567601683,-0.005381430755955208,-0.4093399009384471,Decrease
BCM_vs_ACM,Beta,22,TP9,HJ,Hjorth Mobility,RAW_TP9_HJ_Mobility,0.6704364880079637,0.6728683263981227,0.0024318383901589247,0.36272464784614145,Increase
BCM_vs_ACM,Beta,25,AF7,BP,Beta Band Power,RAW_AF7_BP_Beta,618852.3592177716,639578.2090796758,20725.84986190428,3.349078266115318,Increase
BCM_vs_ACM,Beta,25,AF7,RP,Beta Relative Power,RAW_AF7_RP_Beta,0.3845731645525925,0.3889130392683346,0.004339874715742098,1.128491303024498,Increase
BCM_vs_ACM,Beta,25,AF7,EN,Entropy,RAW_AF7_EN,5.415325037729471,5.406020567810018,-0.009304469919452885,-0.17181738593024598,Decrease
BCM_vs_ACM,Beta,25,AF7,HJ,Hjorth Activity,RAW_AF7_HJ_Activity,1641770.582196534,1674001.7394620045,32231.157265470596,1.9631949564078772,Increase
BCM_vs_ACM,Beta,25,AF7,HJ,Hjorth Complexity,RAW_AF7_HJ_Complexity,1.305229576089491,1.304996918920906,-0.00023265716858489327,-0.017824999743105842,Decrease
BCM_vs_ACM,Beta,25,AF7,HJ,Hjorth Mobility,RAW_AF7_HJ_Mobility,0.6796464498028739,0.678296116676766,-0.0013503331261078833,-0.19868170083129788,Decrease
BCM_vs_ACM,Beta,25,AF8,BP,Beta Band Power,RAW_AF8_BP_Beta,445921.22911022726,620694.0766301084,174772.84751988115,39.19365935293452,Increase
BCM_vs_ACM,Beta,25,AF8,RP,Beta Relative Power,RAW_AF8_RP_Beta,0.3775487538148224,0.3878865154906799,0.010337761675857482,2.738126287374234,Increase
BCM_vs_ACM,Beta,25,AF8,EN,Entropy,RAW_AF8_EN,5.419577827055941,5.410205355070173,-0.009372471985768627,-0.1729373077544677,Decrease
BCM_vs_ACM,Beta,25,AF8,HJ,Hjorth Activity,RAW_AF8_HJ_Activity,1214239.4191381135,1643173.1678564502,428933.7487183367,35.32530256864834,Increase
BCM_vs_ACM,Beta,25,AF8,HJ,Hjorth Complexity,RAW_AF8_HJ_Complexity,1.3130575111395395,1.3040176136183526,-0.009039897521186946,-0.6884616587236649,Decrease
BCM_vs_ACM,Beta,25,AF8,HJ,Hjorth Mobility,RAW_AF8_HJ_Mobility,0.6789324585368764,0.6769460199931938,-0.0019864385436826337,-0.2925826448132233,Decrease
BCM_vs_ACM,Beta,25,TP10,BP,Beta Band Power,RAW_TP10_BP_Beta,697301.5794696867,632495.705456235,-64805.87401345174,-9.293808578884626,Decrease
BCM_vs_ACM,Beta,25,TP10,RP,Beta Relative Power,RAW_TP10_RP_Beta,0.3354424361048976,0.3828810761724536,0.04743864006755599,14.142110526743629,Increase
BCM_vs_ACM,Beta,25,TP10,EN,Entropy,RAW_TP10_EN,5.362977887931235,5.449818655812803,0.0868407678815677,1.6192639555160735,Increase
BCM_vs_ACM,Beta,25,TP10,HJ,Hjorth Activity,RAW_TP10_HJ_Activity,2106875.3424996417,1691212.0914788805,-415663.2510207612,-19.728896277632142,Decrease
BCM_vs_ACM,Beta,25,TP10,HJ,Hjorth Complexity,RAW_TP10_HJ_Complexity,1.3336772190420805,1.3054112438946297,-0.028265975147450773,-2.1194015121404663,Decrease
BCM_vs_ACM,Beta,25,TP10,HJ,Hjorth Mobility,RAW_TP10_HJ_Mobility,0.6750449165894022,0.6923738960601168,0.017328979470714545,2.567085396075198,Increase
BCM_vs_ACM,Beta,25,TP9,BP,Beta Band Power,RAW_TP9_BP_Beta,786741.5005931274,804024.1122896301,17282.61169650266,2.1967331942541777,Increase
BCM_vs_ACM,Beta,25,TP9,RP,Beta Relative Power,RAW_TP9_RP_Beta,0.3879176774681853,0.3818364468736897,-0.006081230594495557,-1.567660085558824,Decrease
BCM_vs_ACM,Beta,25,TP9,EN,Entropy,RAW_TP9_EN,5.40594473298547,5.412959422891655,0.007014689906184479,0.12975881650034127,Increase
BCM_vs_ACM,Beta,25,TP9,HJ,Hjorth Activity,RAW_TP9_HJ_Activity,2063535.497638582,2109660.7344551533,46125.23681657133,2.2352528885185152,Increase
BCM_vs_ACM,Beta,25,TP9,HJ,Hjorth Complexity,RAW_TP9_HJ_Complexity,1.3261675075888968,1.321378103154624,-0.0047894044342728925,-0.36114626597815697,Decrease
BCM_vs_ACM,Beta,25,TP9,HJ,Hjorth Mobility,RAW_TP9_HJ_Mobility,0.6659662002840925,0.6666004483466148,0.0006342480625223246,0.09523727514275689,Increase
BCM_vs_ACM,Beta,26,AF7,BP,Beta Band Power,RAW_AF7_BP_Beta,618553.784987431,602546.6849922512,-16007.0999951798,-2.587826698935334,Decrease
BCM_vs_ACM,Beta,26,AF7,RP,Beta Relative Power,RAW_AF7_RP_Beta,0.3879516681892117,0.3723159230190816,-0.015635745170130055,-4.030333274016029,Decrease
BCM_vs_ACM,Beta,26,AF7,EN,Entropy,RAW_AF7_EN,5.41254828681525,5.417671151861052,0.005122865045802172,0.09464793244027522,Increase
BCM_vs_ACM,Beta,26,AF7,HJ,Hjorth Activity,RAW_AF7_HJ_Activity,1609530.6560312938,1637585.855087157,28055.19905586331,1.7430670829868207,Increase
BCM_vs_ACM,Beta,26,AF7,HJ,Hjorth Complexity,RAW_AF7_HJ_Complexity,1.3065688791215873,1.3208251634836845,0.014256284362097249,1.0911238274465729,Increase
BCM_vs_ACM,Beta,26,AF7,HJ,Hjorth Mobility,RAW_AF7_HJ_Mobility,0.6764637893122266,0.674962554191226,-0.0015012351210006436,-0.22192394400400609,Decrease
BCM_vs_ACM,Beta,26,AF8,BP,Beta Band Power,RAW_AF8_BP_Beta,618075.0900431494,610307.9725911086,-7767.11745204078,-1.2566624310160337,Decrease
BCM_vs_ACM,Beta,26,AF8,RP,Beta Relative Power,RAW_AF8_RP_Beta,0.377749680958273,0.3767630127537797,-0.0009866682044932795,-0.26119630385664544,Decrease
BCM_vs_ACM,Beta,26,AF8,EN,Entropy,RAW_AF8_EN,5.4192009109134185,5.413295282990782,-0.005905627922636825,-0.10897599147401636,Decrease
BCM_vs_ACM,Beta,26,AF8,HJ,Hjorth Activity,RAW_AF8_HJ_Activity,1650058.6747832326,1694989.703561304,44931.02877807128,2.722995822192435,Increase
BCM_vs_ACM,Beta,26,AF8,HJ,Hjorth Complexity,RAW_AF8_HJ_Complexity,1.3137469451201726,1.3187476321808391,0.0050006870606664755,0.3806430971536186,Increase
BCM_vs_ACM,Beta,26,AF8,HJ,Hjorth Mobility,RAW_AF8_HJ_Mobility,0.6758556726327377,0.675141547568284,-0.0007141250644536745,-0.10566236156187928,Decrease
BCM_vs_ACM,Beta,26,TP10,BP,Beta Band Power,RAW_TP10_BP_Beta,633649.8976924128,624413.8120291196,-9236.085663293255,-1.4576007503400006,Decrease
BCM_vs_ACM,Beta,26,TP10,RP,Beta Relative Power,RAW_TP10_RP_Beta,0.3789935790563896,0.38405177253129,0.005058193474900441,1.3346383037660499,Increase
BCM_vs_ACM,Beta,26,TP10,EN,Entropy,RAW_TP10_EN,5.442735179221878,5.433374149861897,-0.009361029359981288,-0.17199127004594755,Decrease
BCM_vs_ACM,Beta,26,TP10,HJ,Hjorth Activity,RAW_TP10_HJ_Activity,1683626.436840161,1646305.909287444,-37320.5275527169,-2.2166750732876506,Decrease
BCM_vs_ACM,Beta,26,TP10,HJ,Hjorth Complexity,RAW_TP10_HJ_Complexity,1.3118032978955316,1.3076944822086478,-0.0041088156868838155,-0.313218886815989,Decrease
BCM_vs_ACM,Beta,26,TP10,HJ,Hjorth Mobility,RAW_TP10_HJ_Mobility,0.6866274985118752,0.6807211018473732,-0.005906396664501989,-0.8602039209473692,Decrease
BCM_vs_ACM,Beta,26,TP9,BP,Beta Band Power,RAW_TP9_BP_Beta,612860.4116534566,590520.4526323221,-22339.959021134535,-3.6451953163140054,Decrease
BCM_vs_ACM,Beta,26,TP9,RP,Beta Relative Power,RAW_TP9_RP_Beta,0.3850923407108999,0.3821496663347203,-0.0029426743761796215,-0.7641477290219005,Decrease
BCM_vs_ACM,Beta,26,TP9,EN,Entropy,RAW_TP9_EN,5.428215223901505,5.419833687787211,-0.008381536114294263,-0.15440684955505637,Decrease
BCM_vs_ACM,Beta,26,TP9,HJ,Hjorth Activity,RAW_TP9_HJ_Activity,1619235.6045210017,1555359.7273548683,-63875.877166133374,-3.9448167386999238,Decrease
BCM_vs_ACM,Beta,26,TP9,HJ,Hjorth Complexity,RAW_TP9_HJ_Complexity,1.3038746755958113,1.30452247413187,0.0006477985360586747,0.0496825767217743,Increase
BCM_vs_ACM,Beta,26,TP9,HJ,Hjorth Mobility,RAW_TP9_HJ_Mobility,0.6834135133982614,0.6789927746782558,-0.00442073872000559,-0.6468614730814359,Decrease
BCM_vs_ACM,Beta,27,AF7,BP,Beta Band Power,RAW_AF7_BP_Beta,665422.177845893,514100.7624075962,-151321.41543829674,-22.74066306719066,Decrease
BCM_vs_ACM,Beta,27,AF7,RP,Beta Relative Power,RAW_AF7_RP_Beta,0.3219411330668551,0.2871413409356788,-0.034799792131176344,-10.809364991565005,Decrease
BCM_vs_ACM,Beta,27,AF7,EN,Entropy,RAW_AF7_EN,5.360328481517209,5.188864947384367,-0.1714635341328421,-3.198750500534817,Decrease
BCM_vs_ACM,Beta,27,AF7,HJ,Hjorth Activity,RAW_AF7_HJ_Activity,2235478.200594729,1866800.071302968,-368678.12929176074,-16.492137082512244,Decrease
BCM_vs_ACM,Beta,27,AF7,HJ,Hjorth Complexity,RAW_AF7_HJ_Complexity,1.304904233442059,1.4254893494714276,0.1205851160293685,9.240916914744822,Increase
BCM_vs_ACM,Beta,27,AF7,HJ,Hjorth Mobility,RAW_AF7_HJ_Mobility,0.704581964062622,0.6469692944639047,-0.05761266959871725,-8.176858412117506,Decrease
BCM_vs_ACM,Beta,27,AF8,BP,Beta Band Power,RAW_AF8_BP_Beta,640598.1520495984,592381.0816866951,-48217.070362903294,-7.526882525126311,Decrease
BCM_vs_ACM,Beta,27,AF8,RP,Beta Relative Power,RAW_AF8_RP_Beta,0.3860279326350506,0.3816608481084034,-0.004367084526647191,-1.1312871835043652,Decrease
BCM_vs_ACM,Beta,27,AF8,EN,Entropy,RAW_AF8_EN,5.4113195902696,5.406335763910143,-0.004983826359457488,-0.0921000187905957,Decrease
BCM_vs_ACM,Beta,27,AF8,HJ,Hjorth Activity,RAW_AF8_HJ_Activity,1731724.153080434,1569682.0185862738,-162042.1344941603,-9.357271722861618,Decrease
BCM_vs_ACM,Beta,27,AF8,HJ,Hjorth Complexity,RAW_AF8_HJ_Complexity,1.3164107792824429,1.307501943584419,-0.00890883569802381,-0.6767519560178542,Decrease
BCM_vs_ACM,Beta,27,AF8,HJ,Hjorth Mobility,RAW_AF8_HJ_Mobility,0.673104727312746,0.6755898730521683,0.0024851457394223786,0.3692064011114426,Increase
BCM_vs_ACM,Beta,27,TP10,BP,Beta Band Power,RAW_TP10_BP_Beta,340540.1616494594,368719.4023734671,28179.240724007715,8.274865609835025,Increase
BCM_vs_ACM,Beta,27,TP10,RP,Beta Relative Power,RAW_TP10_RP_Beta,0.2832265554986467,0.2718240693903809,-0.01140248610826583,-4.025924083351115,Decrease
BCM_vs_ACM,Beta,27,TP10,EN,Entropy,RAW_TP10_EN,4.917827877317905,4.6975065723754925,-0.22032130494241287,-4.480053195000638,Decrease
BCM_vs_ACM,Beta,27,TP10,HJ,Hjorth Activity,RAW_TP10_HJ_Activity,1204037.5465365842,1368444.8211107592,164407.274574175,13.654663431974592,Increase
BCM_vs_ACM,Beta,27,TP10,HJ,Hjorth Complexity,RAW_TP10_HJ_Complexity,1.2109332971682916,1.167761621269355,-0.04317167589893667,-3.5651572221105425,Decrease
BCM_vs_ACM,Beta,27,TP10,HJ,Hjorth Mobility,RAW_TP10_HJ_Mobility,0.7653371062557094,0.8116374165716042,0.046300310315894766,6.049662290962437,Increase
BCM_vs_ACM,Beta,27,TP9,BP,Beta Band Power,RAW_TP9_BP_Beta,346498.02572738467,371437.54442452086,24939.518697136198,7.197593303679584,Increase
BCM_vs_ACM,Beta,27,TP9,RP,Beta Relative Power,RAW_TP9_RP_Beta,0.2858484594452531,0.3020850755532812,0.016236616108028068,5.680148194444887,Increase
BCM_vs_ACM,Beta,27,TP9,EN,Entropy,RAW_TP9_EN,4.946609840859288,4.90301690699416,-0.04359293386512775,-0.8812688946083346,Decrease
BCM_vs_ACM,Beta,27,TP9,HJ,Hjorth Activity,RAW_TP9_HJ_Activity,1195182.91687662,1224078.3268374535,28895.40996083361,2.417655871148677,Increase
BCM_vs_ACM,Beta,27,TP9,HJ,Hjorth Complexity,RAW_TP9_HJ_Complexity,1.206033439817085,1.203054383452459,-0.0029790563646261425,-0.2470127499182747,Decrease
BCM_vs_ACM,Beta,27,TP9,HJ,Hjorth Mobility,RAW_TP9_HJ_Mobility,0.7674316730786966,0.7777555764404659,0.010323903361769249,1.3452537501290462,Increase
BCM_vs_ACM,Beta,28,AF7,BP,Beta Band Power,RAW_AF7_BP_Beta,781559.1373382623,777955.3889275946,-3603.748410667642,-0.4610973422869629,Decrease
BCM_vs_ACM,Beta,28,AF7,RP,Beta Relative Power,RAW_AF7_RP_Beta,0.3547012766666888,0.3434827247874377,-0.011218551879251137,-3.162816887685792,Decrease
BCM_vs_ACM,Beta,28,AF7,EN,Entropy,RAW_AF7_EN,5.333955742640658,5.372493910257569,0.03853816761691142,0.722506325068091,Increase
BCM_vs_ACM,Beta,28,AF7,HJ,Hjorth Activity,RAW_AF7_HJ_Activity,2212592.343999329,2329888.074427668,117295.73042833898,5.301280678587332,Increase
BCM_vs_ACM,Beta,28,AF7,HJ,Hjorth Complexity,RAW_AF7_HJ_Complexity,1.3133688057653896,1.3380680098821671,0.024699204116777507,1.8805992656711223,Increase
BCM_vs_ACM,Beta,28,AF7,HJ,Hjorth Mobility,RAW_AF7_HJ_Mobility,0.6831950612819229,0.6712606029063758,-0.011934458375547075,-1.7468595796277686,Decrease
BCM_vs_ACM,Beta,28,AF8,BP,Beta Band Power,RAW_AF8_BP_Beta,892105.806183542,817362.8947592227,-74742.91142431926,-8.378256357737643,Decrease
BCM_vs_ACM,Beta,28,AF8,RP,Beta Relative Power,RAW_AF8_RP_Beta,0.3827459559335109,0.3763141747978019,-0.006431781135709025,-1.6804308539386181,Decrease
BCM_vs_ACM,Beta,28,AF8,EN,Entropy,RAW_AF8_EN,5.403617459345143,5.401889472163188,-0.00172798718195466,-0.031978340342472586,Decrease
BCM_vs_ACM,Beta,28,AF8,HJ,Hjorth Activity,RAW_AF8_HJ_Activity,2338599.8364385427,2204976.264626394,-133623.57181214867,-5.71382798074784,Decrease
BCM_vs_ACM,Beta,28,AF8,HJ,Hjorth Complexity,RAW_AF8_HJ_Complexity,1.3090369224131777,1.316942733275606,0.007905810862428364,0.6039410139672909,Increase
BCM_vs_ACM,Beta,28,AF8,HJ,Hjorth Mobility,RAW_AF8_HJ_Mobility,0.673649886214978,0.6686284949632573,-0.0050213912517207415,-0.7454007422066563,Decrease
BCM_vs_ACM,Beta,28,TP10,BP,Beta Band Power,RAW_TP10_BP_Beta,556581.7845124274,594036.8514361375,37455.06692371005,6.729481266894346,Increase
BCM_vs_ACM,Beta,28,TP10,RP,Beta Relative Power,RAW_TP10_RP_Beta,0.2818520723623702,0.3080884678780131,0.026236395515642885,9.30856931288105,Increase
BCM_vs_ACM,Beta,28,TP10,EN,Entropy,RAW_TP10_EN,4.644946928628476,4.807372630115559,0.16242570148708246,3.496825776113706,Increase
BCM_vs_ACM,Beta,28,TP10,HJ,Hjorth Activity,RAW_TP10_HJ_Activity,1986732.681466128,1936808.6950926965,-49923.986373431515,-2.5128688343008303,Decrease
BCM_vs_ACM,Beta,28,TP10,HJ,Hjorth Complexity,RAW_TP10_HJ_Complexity,1.2143377456040156,1.220828226254466,0.006490480650450436,0.5344872687970388,Increase
BCM_vs_ACM,Beta,28,TP10,HJ,Hjorth Mobility,RAW_TP10_HJ_Mobility,0.7801612545591732,0.7703453104503211,-0.009815944108852115,-1.2581942581086742,Decrease
BCM_vs_ACM,Beta,28,TP9,BP,Beta Band Power,RAW_TP9_BP_Beta,546037.3826661912,627231.7970524766,81194.41438628535,14.86975378678824,Increase
BCM_vs_ACM,Beta,28,TP9,RP,Beta Relative Power,RAW_TP9_RP_Beta,0.2631433864324544,0.2682481103295644,0.005104723897110031,1.939902030720559,Increase
BCM_vs_ACM,Beta,28,TP9,EN,Entropy,RAW_TP9_EN,4.733023085411572,4.769586631751175,0.036563546339603015,0.772519923942512,Increase
BCM_vs_ACM,Beta,28,TP9,HJ,Hjorth Activity,RAW_TP9_HJ_Activity,2095838.507752329,2425783.139173948,329944.6314216191,15.742846130614637,Increase
BCM_vs_ACM,Beta,28,TP9,HJ,Hjorth Complexity,RAW_TP9_HJ_Complexity,1.212686942979571,1.2023410617987869,-0.010345881180784167,-0.8531370145178889,Decrease
BCM_vs_ACM,Beta,28,TP9,HJ,Hjorth Mobility,RAW_TP9_HJ_Mobility,0.7806719534376295,0.7787755946251719,-0.0018963588124576436,-0.24291365971419518,Decrease
BCM_vs_ACM,Alpha,1,AF7,BP,Alpha Band Power,RAW_AF7_BP_Alpha,244145.8522343006,278313.68302707653,34167.83079277593,13.994843852594279,Increase
BCM_vs_ACM,Alpha,1,AF7,RP,Alpha Relative Power,RAW_AF7_RP_Alpha,0.1276135874239851,0.1288061558801749,0.0011925684561898131,0.9345152661742888,Increase
BCM_vs_ACM,Alpha,1,AF7,EN,Entropy,RAW_AF7_EN,5.415521477463908,5.403649980913499,-0.011871496550409866,-0.21921243595490816,Decrease
BCM_vs_ACM,Alpha,1,AF7,HJ,Hjorth Activity,RAW_AF7_HJ_Activity,1888857.025894148,2287055.8419164885,398198.81602234044,21.081469405226205,Increase
BCM_vs_ACM,Alpha,1,AF7,HJ,Hjorth Complexity,RAW_AF7_HJ_Complexity,1.3282326656750945,1.3219383948186103,-0.006294270856484152,-0.4738831545966379,Decrease
BCM_vs_ACM,Alpha,1,AF7,HJ,Hjorth Mobility,RAW_AF7_HJ_Mobility,0.6616705584490894,0.6666853068092901,0.00501474836020066,0.7578920198527328,Increase
BCM_vs_ACM,Alpha,1,AF8,BP,Alpha Band Power,RAW_AF8_BP_Alpha,219250.59158065688,253042.9397625499,33792.34818189303,15.412659978826856,Increase
BCM_vs_ACM,Alpha,1,AF8,RP,Alpha Relative Power,RAW_AF8_RP_Alpha,0.1260012011878826,0.1299978207046654,0.00399661951678279,3.171890013035162,Increase
BCM_vs_ACM,Alpha,1,AF8,EN,Entropy,RAW_AF8_EN,5.418397892834423,5.386356947858209,-0.032040944976214014,-0.5913361404961909,Decrease
BCM_vs_ACM,Alpha,1,AF8,HJ,Hjorth Activity,RAW_AF8_HJ_Activity,1760650.294298326,1961704.5336648764,201054.23936655046,11.419317056751286,Increase
BCM_vs_ACM,Alpha,1,AF8,HJ,Hjorth Complexity,RAW_AF8_HJ_Complexity,1.3306058343729537,1.3469218652650383,0.016316030892084665,1.2262106831790327,Increase
BCM_vs_ACM,Alpha,1,AF8,HJ,Hjorth Mobility,RAW_AF8_HJ_Mobility,0.6611346251779511,0.6481726748759531,-0.012961950301997982,-1.9605614058572627,Decrease
BCM_vs_ACM,Alpha,1,TP10,BP,Alpha Band Power,RAW_TP10_BP_Alpha,205621.7468248689,277495.5217671926,71873.77494232368,34.95436453204517,Increase
BCM_vs_ACM,Alpha,1,TP10,RP,Alpha Relative Power,RAW_TP10_RP_Alpha,0.1253403585641473,0.129865627084216,0.004525268520068709,3.610384214556675,Increase
BCM_vs_ACM,Alpha,1,TP10,EN,Entropy,RAW_TP10_EN,5.402517869750897,5.408569930317584,0.006052060566687167,0.11202296248890004,Increase
BCM_vs_ACM,Alpha,1,TP10,HJ,Hjorth Activity,RAW_TP10_HJ_Activity,1721781.1490409155,2105283.514364718,383502.36532380246,22.27358369775537,Increase
BCM_vs_ACM,Alpha,1,TP10,HJ,Hjorth Complexity,RAW_TP10_HJ_Complexity,1.316488932243307,1.3386085273068622,0.022119595063555098,1.6801960519229844,Increase
BCM_vs_ACM,Alpha,1,TP10,HJ,Hjorth Mobility,RAW_TP10_HJ_Mobility,0.6660315338308899,0.6563683960206742,-0.00966313781021566,-1.450852898005457,Decrease
BCM_vs_ACM,Alpha,1,TP9,BP,Alpha Band Power,RAW_TP9_BP_Alpha,226599.612561108,273502.60811164544,46902.99555053745,20.698621246710623,Increase
BCM_vs_ACM,Alpha,1,TP9,RP,Alpha Relative Power,RAW_TP9_RP_Alpha,0.1304562501382357,0.1288880928517782,-0.0015681572864574833,-1.202056079946965,Decrease
BCM_vs_ACM,Alpha,1,TP9,EN,Entropy,RAW_TP9_EN,5.4071337018069405,5.40744848152453,0.0003147797175895306,0.005821563418791335,Increase
BCM_vs_ACM,Alpha,1,TP9,HJ,Hjorth Activity,RAW_TP9_HJ_Activity,1743112.4315943588,2165324.975701208,422212.54410684947,24.221761973246196,Increase
BCM_vs_ACM,Alpha,1,TP9,HJ,Hjorth Complexity,RAW_TP9_HJ_Complexity,1.3388377742241586,1.327530712101502,-0.01130706212265653,-0.8445431059942153,Decrease
BCM_vs_ACM,Alpha,1,TP9,HJ,Hjorth Mobility,RAW_TP9_HJ_Mobility,0.6579397581297732,0.6634635502315851,0.005523792101811864,0.8395589464776411,Increase
BCM_vs_ACM,Alpha,2,AF7,BP,Alpha Band Power,RAW_AF7_BP_Alpha,234200.81338315416,253725.36198845867,19524.548605304502,8.33666985321789,Increase
BCM_vs_ACM,Alpha,2,AF7,RP,Alpha Relative Power,RAW_AF7_RP_Alpha,0.1238211583942661,0.1287196872766802,0.004898528882414099,3.9561323330673503,Increase
BCM_vs_ACM,Alpha,2,AF7,EN,Entropy,RAW_AF7_EN,5.4119834186794815,5.408856558728593,-0.003126859950888239,-0.05777659887308356,Decrease
BCM_vs_ACM,Alpha,2,AF7,HJ,Hjorth Activity,RAW_AF7_HJ_Activity,1867226.3669121696,1988354.2196891163,121127.85277694673,6.487047040646482,Increase
BCM_vs_ACM,Alpha,2,AF7,HJ,Hjorth Complexity,RAW_AF7_HJ_Complexity,1.319795318758389,1.322202452431206,0.0024071336728168635,0.18238689277072137,Increase
BCM_vs_ACM,Alpha,2,AF7,HJ,Hjorth Mobility,RAW_AF7_HJ_Mobility,0.6692970455042596,0.6677769905434416,-0.0015200549608179736,-0.22711215760301745,Decrease
BCM_vs_ACM,Alpha,2,AF8,BP,Alpha Band Power,RAW_AF8_BP_Alpha,256890.1914053539,254613.84459046417,-2276.3468148897227,-0.8861166720444433,Decrease
BCM_vs_ACM,Alpha,2,AF8,RP,Alpha Relative Power,RAW_AF8_RP_Alpha,0.1307912265585248,0.1258623845058874,-0.004928842052637383,-3.7684806407346354,Decrease
BCM_vs_ACM,Alpha,2,AF8,EN,Entropy,RAW_AF8_EN,5.398614739287038,5.405534740937624,0.0069200016505863715,0.12818106097158274,Increase
BCM_vs_ACM,Alpha,2,AF8,HJ,Hjorth Activity,RAW_AF8_HJ_Activity,2011122.6005771067,2066398.893309006,55276.2927318993,2.7485292401386845,Increase
BCM_vs_ACM,Alpha,2,AF8,HJ,Hjorth Complexity,RAW_AF8_HJ_Complexity,1.3385115276272843,1.3246842267708203,-0.013827300856463998,-1.0330356198706032,Decrease
BCM_vs_ACM,Alpha,2,AF8,HJ,Hjorth Mobility,RAW_AF8_HJ_Mobility,0.6566344077551899,0.6662682846946467,0.009633876939456831,1.4671599333930407,Increase
BCM_vs_ACM,Alpha,2,TP10,BP,Alpha Band Power,RAW_TP10_BP_Alpha,271823.01647914865,248822.3025597325,-23000.713919416157,-8.46165060536017,Decrease
BCM_vs_ACM,Alpha,2,TP10,RP,Alpha Relative Power,RAW_TP10_RP_Alpha,0.1287808445611385,0.1270606979732801,-0.0017201465878584066,-1.335716188009444,Decrease
BCM_vs_ACM,Alpha,2,TP10,EN,Entropy,RAW_TP10_EN,5.410969033941904,5.41828632999708,0.007317296055175504,0.1352307878547373,Increase
BCM_vs_ACM,Alpha,2,TP10,HJ,Hjorth Activity,RAW_TP10_HJ_Activity,2148320.0167218493,2008452.9491912443,-139867.067530605,-6.510532250406068,Decrease
BCM_vs_ACM,Alpha,2,TP10,HJ,Hjorth Complexity,RAW_TP10_HJ_Complexity,1.343595014429876,1.3425839151260683,-0.0010110993038077165,-0.07525327892324411,Decrease
BCM_vs_ACM,Alpha,2,TP10,HJ,Hjorth Mobility,RAW_TP10_HJ_Mobility,0.6562053759978095,0.6544668691447602,-0.0017385068530493264,-0.2649333450531087,Decrease
BCM_vs_ACM,Alpha,2,TP9,BP,Alpha Band Power,RAW_TP9_BP_Alpha,255044.03804414623,224207.13366943723,-30836.904374709004,-12.090815614114204,Decrease
BCM_vs_ACM,Alpha,2,TP9,RP,Alpha Relative Power,RAW_TP9_RP_Alpha,0.1332261413090974,0.1292569104891538,-0.003969230819943603,-2.979318308660316,Decrease
BCM_vs_ACM,Alpha,2,TP9,EN,Entropy,RAW_TP9_EN,5.408965353979412,5.405230938189986,-0.0037344157894265706,-0.06904122221228753,Decrease
BCM_vs_ACM,Alpha,2,TP9,HJ,Hjorth Activity,RAW_TP9_HJ_Activity,1923825.114433187,1734524.070965334,-189301.043467853,-9.839825982499786,Decrease
BCM_vs_ACM,Alpha,2,TP9,HJ,Hjorth Complexity,RAW_TP9_HJ_Complexity,1.3453278039078678,1.348965016319165,0.0036372124112973303,0.2703588226402565,Increase
BCM_vs_ACM,Alpha,2,TP9,HJ,Hjorth Mobility,RAW_TP9_HJ_Mobility,0.6551247999362333,0.6517093823919121,-0.0034154175443211754,-0.5213384601916483,Decrease
BCM_vs_ACM,Alpha,9,AF7,BP,Alpha Band Power,RAW_AF7_BP_Alpha,241332.92541579847,206809.65506601927,-34523.270349779195,-14.305246700299264,Decrease
BCM_vs_ACM,Alpha,9,AF7,RP,Alpha Relative Power,RAW_AF7_RP_Alpha,0.12767293715071,0.127933346610267,0.00026040945955702055,0.20396605997214848,Increase
BCM_vs_ACM,Alpha,9,AF7,EN,Entropy,RAW_AF7_EN,5.4071387915306985,5.404022063593096,-0.003116727937602981,-0.05764098274090486,Decrease
BCM_vs_ACM,Alpha,9,AF7,HJ,Hjorth Activity,RAW_AF7_HJ_Activity,1946134.03390906,1622607.9068947118,-323526.1270143483,-16.6240413752235,Decrease
BCM_vs_ACM,Alpha,9,AF7,HJ,Hjorth Complexity,RAW_AF7_HJ_Complexity,1.3221644563585857,1.3067445068361954,-0.015419949522390342,-1.1662656221192713,Decrease
BCM_vs_ACM,Alpha,9,AF7,HJ,Hjorth Mobility,RAW_AF7_HJ_Mobility,0.6642478679397165,0.6762030114757714,0.01195514353605498,1.799801567016842,Increase
BCM_vs_ACM,Alpha,9,AF8,BP,Alpha Band Power,RAW_AF8_BP_Alpha,258416.67809189632,213782.3521152907,-44634.325976605614,-17.272231152485084,Decrease
BCM_vs_ACM,Alpha,9,AF8,RP,Alpha Relative Power,RAW_AF8_RP_Alpha,0.1252586360171957,0.1254388763769237,0.00018024035972799557,0.14389455726090766,Increase
BCM_vs_ACM,Alpha,9,AF8,EN,Entropy,RAW_AF8_EN,5.402163873319425,5.408998618050714,0.006834744731289533,0.1265186486667951,Increase
BCM_vs_ACM,Alpha,9,AF8,HJ,Hjorth Activity,RAW_AF8_HJ_Activity,2064720.8615673005,1756291.1424345723,-308429.7191327282,-14.938083150794704,Decrease
BCM_vs_ACM,Alpha,9,AF8,HJ,Hjorth Complexity,RAW_AF8_HJ_Complexity,1.3191598760040824,1.308252635652518,-0.010907240351564429,-0.8268323309380791,Decrease
BCM_vs_ACM,Alpha,9,AF8,HJ,Hjorth Mobility,RAW_AF8_HJ_Mobility,0.6671399929706834,0.6744665200222757,0.007326527051592313,1.0981993477813086,Increase
BCM_vs_ACM,Alpha,9,TP10,BP,Alpha Band Power,RAW_TP10_BP_Alpha,263799.38297302835,197626.4675355872,-66172.91543744114,-25.084560354793123,Decrease
BCM_vs_ACM,Alpha,9,TP10,RP,Alpha Relative Power,RAW_TP10_RP_Alpha,0.1328938240248887,0.1241926117254678,-0.00870121229942089,-6.547491851684022,Decrease
BCM_vs_ACM,Alpha,9,TP10,EN,Entropy,RAW_TP10_EN,5.401804718533586,5.410811539963174,0.00900682142958864,0.16673726465316763,Increase
BCM_vs_ACM,Alpha,9,TP10,HJ,Hjorth Activity,RAW_TP10_HJ_Activity,2039021.703725758,1631243.8874710468,-407777.81625471124,-19.998699156051558,Decrease
BCM_vs_ACM,Alpha,9,TP10,HJ,Hjorth Complexity,RAW_TP10_HJ_Complexity,1.3319049774146134,1.305317550210008,-0.026587427204605385,-1.9961954985869002,Decrease
BCM_vs_ACM,Alpha,9,TP10,HJ,Hjorth Mobility,RAW_TP10_HJ_Mobility,0.6594870891850861,0.671367093009396,0.01188000382430987,1.801400515511188,Increase
BCM_vs_ACM,Alpha,9,TP9,BP,Alpha Band Power,RAW_TP9_BP_Alpha,273687.0733872727,240936.09386596212,-32750.979521310597,-11.9665788800216,Decrease
BCM_vs_ACM,Alpha,9,TP9,RP,Alpha Relative Power,RAW_TP9_RP_Alpha,0.1270408785066074,0.1304585480748859,0.0034176695682785196,2.6902124799938054,Increase
BCM_vs_ACM,Alpha,9,TP9,EN,Entropy,RAW_TP9_EN,5.406201707465828,5.406270372258356,6.866479252742863e-05,0.0012701115541546347,Increase
BCM_vs_ACM,Alpha,9,TP9,HJ,Hjorth Activity,RAW_TP9_HJ_Activity,2210505.941549495,1922064.87236798,-288441.0691815149,-13.048644826501885,Decrease
BCM_vs_ACM,Alpha,9,TP9,HJ,Hjorth Complexity,RAW_TP9_HJ_Complexity,1.3241729468089578,1.31791086499571,-0.006262081813247722,-0.47290513133789086,Decrease
BCM_vs_ACM,Alpha,9,TP9,HJ,Hjorth Mobility,RAW_TP9_HJ_Mobility,0.6636531743624009,0.6685097271696437,0.004856552807242842,0.7317907899572293,Increase
BCM_vs_ACM,Alpha,14,AF7,BP,Alpha Band Power,RAW_AF7_BP_Alpha,222425.63991556328,219945.2600996742,-2480.379815889086,-1.1151501314464833,Decrease
BCM_vs_ACM,Alpha,14,AF7,RP,Alpha Relative Power,RAW_AF7_RP_Alpha,0.1228992581849824,0.1254080461090939,0.002508787924111494,2.041336913795997,Increase
BCM_vs_ACM,Alpha,14,AF7,EN,Entropy,RAW_AF7_EN,5.407423366123863,5.40746778969903,4.442357516687423e-05,0.0008215294449696073,Increase
BCM_vs_ACM,Alpha,14,AF7,HJ,Hjorth Activity,RAW_AF7_HJ_Activity,1834475.4342915807,1787410.0245287656,-47065.40976281511,-2.5656058883661395,Decrease
BCM_vs_ACM,Alpha,14,AF7,HJ,Hjorth Complexity,RAW_AF7_HJ_Complexity,1.3062192949510565,1.3096437727929655,0.003424477841909024,0.26216714568110383,Increase
BCM_vs_ACM,Alpha,14,AF7,HJ,Hjorth Mobility,RAW_AF7_HJ_Mobility,0.6764427179440047,0.674487230013192,-0.0019554879308126827,-0.2890840390382554,Decrease
BCM_vs_ACM,Alpha,14,AF8,BP,Alpha Band Power,RAW_AF8_BP_Alpha,220279.9510176417,205855.56572120843,-14424.385296433262,-6.548206148492401,Decrease
BCM_vs_ACM,Alpha,14,AF8,RP,Alpha Relative Power,RAW_AF8_RP_Alpha,0.1221990385582288,0.120685204923539,-0.0015138336346898068,-1.2388261418018056,Decrease
BCM_vs_ACM,Alpha,14,AF8,EN,Entropy,RAW_AF8_EN,5.4087497838818495,5.402170583083195,-0.006579200798654483,-0.1216399549163948,Decrease
BCM_vs_ACM,Alpha,14,AF8,HJ,Hjorth Activity,RAW_AF8_HJ_Activity,1787825.349666122,1736566.0720054563,-51259.2776606658,-2.8671300398687443,Decrease
BCM_vs_ACM,Alpha,14,AF8,HJ,Hjorth Complexity,RAW_AF8_HJ_Complexity,1.306939320782014,1.3093339458499933,0.0023946250679793835,0.1832238903445454,Increase
BCM_vs_ACM,Alpha,14,AF8,HJ,Hjorth Mobility,RAW_AF8_HJ_Mobility,0.678124530355217,0.6731473301790123,-0.004977200176204732,-0.7339655112605293,Decrease
BCM_vs_ACM,Alpha,14,TP10,BP,Alpha Band Power,RAW_TP10_BP_Alpha,197027.7917847345,207389.39309194547,10361.601307210978,5.258954187809044,Increase
BCM_vs_ACM,Alpha,14,TP10,RP,Alpha Relative Power,RAW_TP10_RP_Alpha,0.1227220903115121,0.1193152445350046,-0.0034068457765075028,-2.776065635664877,Decrease
BCM_vs_ACM,Alpha,14,TP10,EN,Entropy,RAW_TP10_EN,5.409726383039741,5.414728509986715,0.005002126946973995,0.09246543342111296,Increase
BCM_vs_ACM,Alpha,14,TP10,HJ,Hjorth Activity,RAW_TP10_HJ_Activity,1643903.2103664284,1712478.4610500247,68575.25068359636,4.171489553105188,Increase
BCM_vs_ACM,Alpha,14,TP10,HJ,Hjorth Complexity,RAW_TP10_HJ_Complexity,1.3160395528867728,1.3259448709171706,0.009905318030397847,0.7526611193919082,Increase
BCM_vs_ACM,Alpha,14,TP10,HJ,Hjorth Mobility,RAW_TP10_HJ_Mobility,0.670533633332011,0.665490705619707,-0.005042927712303968,-0.7520767731283944,Decrease
BCM_vs_ACM,Alpha,14,TP9,BP,Alpha Band Power,RAW_TP9_BP_Alpha,243090.39871094807,220063.9428526445,-23026.455858303554,-9.472383928122008,Decrease
BCM_vs_ACM,Alpha,14,TP9,RP,Alpha Relative Power,RAW_TP9_RP_Alpha,0.1240993172452313,0.1223487820407752,-0.0017505352044560885,-1.4105921316205754,Decrease
BCM_vs_ACM,Alpha,14,TP9,EN,Entropy,RAW_TP9_EN,5.408502870308953,5.406748330655828,-0.001754539653124887,-0.03244039423103165,Decrease
BCM_vs_ACM,Alpha,14,TP9,HJ,Hjorth Activity,RAW_TP9_HJ_Activity,1972352.40596704,1812362.4753310247,-159989.93063601526,-8.111630059212088,Decrease
BCM_vs_ACM,Alpha,14,TP9,HJ,Hjorth Complexity,RAW_TP9_HJ_Complexity,1.3293659873089798,1.3206870176163374,-0.008678969692642369,-0.6528653339635315,Decrease
BCM_vs_ACM,Alpha,14,TP9,HJ,Hjorth Mobility,RAW_TP9_HJ_Mobility,0.662644578317564,0.6680478222782341,0.0054032439606701566,0.8154060468417084,Increase
BCM_vs_ACM,Alpha,16,AF7,BP,Alpha Band Power,RAW_AF7_BP_Alpha,313254.8406379138,243613.21507212572,-69641.62556578807,-22.231619924521993,Decrease
BCM_vs_ACM,Alpha,16,AF7,RP,Alpha Relative Power,RAW_AF7_RP_Alpha,0.1288770437027587,0.124898366110259,-0.003978677592499716,-3.0871887484291736,Decrease
BCM_vs_ACM,Alpha,16,AF7,EN,Entropy,RAW_AF7_EN,5.408280770167084,5.408253572985302,-2.7197181782234736e-05,-0.0005028803595452849,Decrease
BCM_vs_ACM,Alpha,16,AF7,HJ,Hjorth Activity,RAW_AF7_HJ_Activity,2442847.796990736,1978991.109588776,-463856.6874019599,-18.98835809473557,Decrease
BCM_vs_ACM,Alpha,16,AF7,HJ,Hjorth Complexity,RAW_AF7_HJ_Complexity,1.3295220161393468,1.3182415850620348,-0.011280431077312025,-0.8484576366826954,Decrease
BCM_vs_ACM,Alpha,16,AF7,HJ,Hjorth Mobility,RAW_AF7_HJ_Mobility,0.6579866996606233,0.669502049829859,0.01151535016923566,1.7500885922428302,Increase
BCM_vs_ACM,Alpha,16,AF8,BP,Alpha Band Power,RAW_AF8_BP_Alpha,239092.3333111124,212132.62849439672,-26959.704816715675,-11.275854998510175,Decrease
BCM_vs_ACM,Alpha,16,AF8,RP,Alpha Relative Power,RAW_AF8_RP_Alpha,0.1299162410000792,0.1197623749562927,-0.0101538660437865,-7.815701844221547,Decrease
BCM_vs_ACM,Alpha,16,AF8,EN,Entropy,RAW_AF8_EN,5.415605795807663,5.402600676132455,-0.013005119675207233,-0.2401415495432621,Decrease
BCM_vs_ACM,Alpha,16,AF8,HJ,Hjorth Activity,RAW_AF8_HJ_Activity,1900681.1761997144,1756122.3303054278,-144558.84589428664,-7.605633585708595,Decrease
BCM_vs_ACM,Alpha,16,AF8,HJ,Hjorth Complexity,RAW_AF8_HJ_Complexity,1.3376017794408612,1.309513824251014,-0.02808795518984719,-2.0998742392215117,Decrease
BCM_vs_ACM,Alpha,16,AF8,HJ,Hjorth Mobility,RAW_AF8_HJ_Mobility,0.6615524556842727,0.6694897251957141,0.00793726951144147,1.199794429488075,Increase
BCM_vs_ACM,Alpha,16,TP10,BP,Alpha Band Power,RAW_TP10_BP_Alpha,250132.42330820268,233925.7311986552,-16206.692109547468,-6.479244831677923,Decrease
BCM_vs_ACM,Alpha,16,TP10,RP,Alpha Relative Power,RAW_TP10_RP_Alpha,0.1236782782419132,0.1256337942491664,0.0019555160072532024,1.5811313312659776,Increase
BCM_vs_ACM,Alpha,16,TP10,EN,Entropy,RAW_TP10_EN,5.412173046734057,5.401326090064533,-0.010846956669523955,-0.200417772600037,Decrease
BCM_vs_ACM,Alpha,16,TP10,HJ,Hjorth Activity,RAW_TP10_HJ_Activity,2050382.2717192683,1818742.9613372888,-231639.31038197945,-11.297371888986698,Decrease
BCM_vs_ACM,Alpha,16,TP10,HJ,Hjorth Complexity,RAW_TP10_HJ_Complexity,1.350477572950621,1.3242127690120935,-0.026264803938527592,-1.9448530256701968,Decrease
BCM_vs_ACM,Alpha,16,TP10,HJ,Hjorth Mobility,RAW_TP10_HJ_Mobility,0.6492808943399573,0.6605699178370444,0.011289023497087158,1.7386963940411795,Increase
BCM_vs_ACM,Alpha,16,TP9,BP,Alpha Band Power,RAW_TP9_BP_Alpha,250407.6821137548,221245.9163940275,-29161.765719727293,-11.645715288590761,Decrease
BCM_vs_ACM,Alpha,16,TP9,RP,Alpha Relative Power,RAW_TP9_RP_Alpha,0.1258305899082092,0.1240646449535981,-0.00176594495461109,-1.4034305615981855,Decrease
BCM_vs_ACM,Alpha,16,TP9,EN,Entropy,RAW_TP9_EN,5.397441073760335,5.409504762427595,0.012063688667259598,0.22350755668102115,Increase
BCM_vs_ACM,Alpha,16,TP9,HJ,Hjorth Activity,RAW_TP9_HJ_Activity,1988748.8144064527,1752578.291113219,-236170.5232932337,-11.87533194651932,Decrease
BCM_vs_ACM,Alpha,16,TP9,HJ,Hjorth Complexity,RAW_TP9_HJ_Complexity,1.3389205975402632,1.3226843836446236,-0.016236213895639562,-1.2126345599184285,Decrease
BCM_vs_ACM,Alpha,16,TP9,HJ,Hjorth Mobility,RAW_TP9_HJ_Mobility,0.655664440963715,0.6656458372381333,0.009981396274418297,1.5223330183572783,Increase
BCM_vs_ACM,Alpha,22,AF7,BP,Alpha Band Power,RAW_AF7_BP_Alpha,219281.79381236288,232084.6594747472,12802.865662384313,5.838544750933399,Increase
BCM_vs_ACM,Alpha,22,AF7,RP,Alpha Relative Power,RAW_AF7_RP_Alpha,0.1241499215644447,0.1255935738890165,0.0014436523245718175,1.1628298321738653,Increase
BCM_vs_ACM,Alpha,22,AF7,EN,Entropy,RAW_AF7_EN,5.397841435841048,5.402350817772242,0.004509381931193879,0.08354046677347912,Increase
BCM_vs_ACM,Alpha,22,AF7,HJ,Hjorth Activity,RAW_AF7_HJ_Activity,1774807.125842812,1855673.557198056,80866.43135524401,4.5563503874733735,Increase
BCM_vs_ACM,Alpha,22,AF7,HJ,Hjorth Complexity,RAW_AF7_HJ_Complexity,1.305842770171415,1.321043470220376,0.015200700048960902,1.16405285507424,Increase
BCM_vs_ACM,Alpha,22,AF7,HJ,Hjorth Mobility,RAW_AF7_HJ_Mobility,0.6731248594124947,0.6668849916422241,-0.006239867770270524,-0.927000048061915,Decrease
BCM_vs_ACM,Alpha,22,AF8,BP,Alpha Band Power,RAW_AF8_BP_Alpha,252959.3242643923,245333.88583072057,-7625.438433671719,-3.0144919369335583,Decrease
BCM_vs_ACM,Alpha,22,AF8,RP,Alpha Relative Power,RAW_AF8_RP_Alpha,0.1277054149247358,0.1227572140354735,-0.0049482008892623025,-3.8746993556839886,Decrease
BCM_vs_ACM,Alpha,22,AF8,EN,Entropy,RAW_AF8_EN,5.4053285817415935,5.400305713679187,-0.0050228680624062605,-0.09292437983090929,Decrease
BCM_vs_ACM,Alpha,22,AF8,HJ,Hjorth Activity,RAW_AF8_HJ_Activity,2020381.148836136,1975561.129522391,-44820.0193137452,-2.21839425395373,Decrease
BCM_vs_ACM,Alpha,22,AF8,HJ,Hjorth Complexity,RAW_AF8_HJ_Complexity,1.315931022130051,1.317697814511417,0.0017667923813660114,0.13426177752889867,Increase
BCM_vs_ACM,Alpha,22,AF8,HJ,Hjorth Mobility,RAW_AF8_HJ_Mobility,0.6721525309492588,0.6681524259113861,-0.0040001050378726255,-0.5951186454990223,Decrease
BCM_vs_ACM,Alpha,22,TP10,BP,Alpha Band Power,RAW_TP10_BP_Alpha,212881.84263573296,242291.39660540456,29409.5539696716,13.814965901058537,Increase
BCM_vs_ACM,Alpha,22,TP10,RP,Alpha Relative Power,RAW_TP10_RP_Alpha,0.1228084113965889,0.1272493154135831,0.004440904016994179,3.616123656752659,Increase
BCM_vs_ACM,Alpha,22,TP10,EN,Entropy,RAW_TP10_EN,5.405457649718593,5.408393449039108,0.0029357993205154642,0.054311762495601115,Increase
BCM_vs_ACM,Alpha,22,TP10,HJ,Hjorth Activity,RAW_TP10_HJ_Activity,1738863.137738412,1904981.483468272,166118.34572986,9.553273177434521,Increase
BCM_vs_ACM,Alpha,22,TP10,HJ,Hjorth Complexity,RAW_TP10_HJ_Complexity,1.317886063662882,1.316898015366885,-0.0009880482959969683,-0.07497220914916004,Decrease
BCM_vs_ACM,Alpha,22,TP10,HJ,Hjorth Mobility,RAW_TP10_HJ_Mobility,0.6701668682617878,0.6720277145455087,0.0018608462837208517,0.27766909583986593,Increase
BCM_vs_ACM,Alpha,22,TP9,BP,Alpha Band Power,RAW_TP9_BP_Alpha,213485.84737371656,205521.3732181636,-7964.474155552976,-3.7306801614866796,Decrease
BCM_vs_ACM,Alpha,22,TP9,RP,Alpha Relative Power,RAW_TP9_RP_Alpha,0.1263799418183521,0.1244104150263784,-0.001969526791973708,-1.5584172327002177,Decrease
BCM_vs_ACM,Alpha,22,TP9,EN,Entropy,RAW_TP9_EN,5.408341390116823,5.40610769232358,-0.002233697793243117,-0.041300976253550954,Decrease
BCM_vs_ACM,Alpha,22,TP9,HJ,Hjorth Activity,RAW_TP9_HJ_Activity,1702855.6019522983,1637880.1795871535,-64975.42236514483,-3.8156742292565196,Decrease
BCM_vs_ACM,Alpha,22,TP9,HJ,Hjorth Complexity,RAW_TP9_HJ_Complexity,1.3146606875161235,1.3092792567601683,-0.005381430755955208,-0.4093399009384471,Decrease
BCM_vs_ACM,Alpha,22,TP9,HJ,Hjorth Mobility,RAW_TP9_HJ_Mobility,0.6704364880079637,0.6728683263981227,0.0024318383901589247,0.36272464784614145,Increase
BCM_vs_ACM,Alpha,25,AF7,BP,Alpha Band Power,RAW_AF7_BP_Alpha,199694.4478115722,202181.1169491156,2486.6691375433875,1.245236993213632,Increase
BCM_vs_ACM,Alpha,25,AF7,RP,Alpha Relative Power,RAW_AF7_RP_Alpha,0.1215797016511843,0.1216352357528023,5.553410161800165e-05,0.0456771162157731,Increase
BCM_vs_ACM,Alpha,25,AF7,EN,Entropy,RAW_AF7_EN,5.415325037729471,5.406020567810018,-0.009304469919452885,-0.17181738593024598,Decrease
BCM_vs_ACM,Alpha,25,AF7,HJ,Hjorth Activity,RAW_AF7_HJ_Activity,1641770.582196534,1674001.7394620045,32231.157265470596,1.9631949564078772,Increase
BCM_vs_ACM,Alpha,25,AF7,HJ,Hjorth Complexity,RAW_AF7_HJ_Complexity,1.305229576089491,1.304996918920906,-0.00023265716858489327,-0.017824999743105842,Decrease
BCM_vs_ACM,Alpha,25,AF7,HJ,Hjorth Mobility,RAW_AF7_HJ_Mobility,0.6796464498028739,0.678296116676766,-0.0013503331261078833,-0.19868170083129788,Decrease
BCM_vs_ACM,Alpha,25,AF8,BP,Alpha Band Power,RAW_AF8_BP_Alpha,154334.87524955903,201452.2636357532,47117.38838619416,30.52932029135053,Increase
BCM_vs_ACM,Alpha,25,AF8,RP,Alpha Relative Power,RAW_AF8_RP_Alpha,0.1295219657717592,0.1227229914441445,-0.0067989743276146986,-5.2492828433408,Decrease
BCM_vs_ACM,Alpha,25,AF8,EN,Entropy,RAW_AF8_EN,5.419577827055941,5.410205355070173,-0.009372471985768627,-0.1729373077544677,Decrease
BCM_vs_ACM,Alpha,25,AF8,HJ,Hjorth Activity,RAW_AF8_HJ_Activity,1214239.4191381135,1643173.1678564502,428933.7487183367,35.32530256864834,Increase
BCM_vs_ACM,Alpha,25,AF8,HJ,Hjorth Complexity,RAW_AF8_HJ_Complexity,1.3130575111395395,1.3040176136183526,-0.009039897521186946,-0.6884616587236649,Decrease
BCM_vs_ACM,Alpha,25,AF8,HJ,Hjorth Mobility,RAW_AF8_HJ_Mobility,0.6789324585368764,0.6769460199931938,-0.0019864385436826337,-0.2925826448132233,Decrease
BCM_vs_ACM,Alpha,25,TP10,BP,Alpha Band Power,RAW_TP10_BP_Alpha,249500.9909607781,202367.0546692857,-47133.9362914924,-18.891282198915967,Decrease
BCM_vs_ACM,Alpha,25,TP10,RP,Alpha Relative Power,RAW_TP10_RP_Alpha,0.1193746587310132,0.1226792578992108,0.0033045991681976,2.768258525994072,Increase
BCM_vs_ACM,Alpha,25,TP10,EN,Entropy,RAW_TP10_EN,5.362977887931235,5.449818655812803,0.0868407678815677,1.6192639555160735,Increase
BCM_vs_ACM,Alpha,25,TP10,HJ,Hjorth Activity,RAW_TP10_HJ_Activity,2106875.3424996417,1691212.0914788805,-415663.2510207612,-19.728896277632142,Decrease
BCM_vs_ACM,Alpha,25,TP10,HJ,Hjorth Complexity,RAW_TP10_HJ_Complexity,1.3336772190420805,1.3054112438946297,-0.028265975147450773,-2.1194015121404663,Decrease
BCM_vs_ACM,Alpha,25,TP10,HJ,Hjorth Mobility,RAW_TP10_HJ_Mobility,0.6750449165894022,0.6923738960601168,0.017328979470714545,2.567085396075198,Increase
BCM_vs_ACM,Alpha,25,TP9,BP,Alpha Band Power,RAW_TP9_BP_Alpha,263790.08217656426,263913.931845845,123.849669280753,0.04695008556002342,Increase
BCM_vs_ACM,Alpha,25,TP9,RP,Alpha Relative Power,RAW_TP9_RP_Alpha,0.1299033441155545,0.1274697232216955,-0.0024336208938589843,-1.873408964509933,Decrease
BCM_vs_ACM,Alpha,25,TP9,EN,Entropy,RAW_TP9_EN,5.40594473298547,5.412959422891655,0.007014689906184479,0.12975881650034127,Increase
BCM_vs_ACM,Alpha,25,TP9,HJ,Hjorth Activity,RAW_TP9_HJ_Activity,2063535.497638582,2109660.7344551533,46125.23681657133,2.2352528885185152,Increase
BCM_vs_ACM,Alpha,25,TP9,HJ,Hjorth Complexity,RAW_TP9_HJ_Complexity,1.3261675075888968,1.321378103154624,-0.0047894044342728925,-0.36114626597815697,Decrease
BCM_vs_ACM,Alpha,25,TP9,HJ,Hjorth Mobility,RAW_TP9_HJ_Mobility,0.6659662002840925,0.6666004483466148,0.0006342480625223246,0.09523727514275689,Increase
BCM_vs_ACM,Alpha,26,AF7,BP,Alpha Band Power,RAW_AF7_BP_Alpha,196608.25912106945,195640.01789829577,-968.2412227736786,-0.4924723036062514,Decrease
BCM_vs_ACM,Alpha,26,AF7,RP,Alpha Relative Power,RAW_AF7_RP_Alpha,0.121459779186707,0.1209228330556294,-0.0005369461310776036,-0.4420773153656193,Decrease
BCM_vs_ACM,Alpha,26,AF7,EN,Entropy,RAW_AF7_EN,5.41254828681525,5.417671151861052,0.005122865045802172,0.09464793244027522,Increase
BCM_vs_ACM,Alpha,26,AF7,HJ,Hjorth Activity,RAW_AF7_HJ_Activity,1609530.6560312938,1637585.855087157,28055.19905586331,1.7430670829868207,Increase
BCM_vs_ACM,Alpha,26,AF7,HJ,Hjorth Complexity,RAW_AF7_HJ_Complexity,1.3065688791215873,1.3208251634836845,0.014256284362097249,1.0911238274465729,Increase
BCM_vs_ACM,Alpha,26,AF7,HJ,Hjorth Mobility,RAW_AF7_HJ_Mobility,0.6764637893122266,0.674962554191226,-0.0015012351210006436,-0.22192394400400609,Decrease
BCM_vs_ACM,Alpha,26,AF8,BP,Alpha Band Power,RAW_AF8_BP_Alpha,201516.7334342717,200398.30447354284,-1118.4289607288665,-0.5550055033487639,Decrease
BCM_vs_ACM,Alpha,26,AF8,RP,Alpha Relative Power,RAW_AF8_RP_Alpha,0.1240903744116915,0.1227203991341982,-0.0013699752774933016,-1.1040141380734085,Decrease
BCM_vs_ACM,Alpha,26,AF8,EN,Entropy,RAW_AF8_EN,5.4192009109134185,5.413295282990782,-0.005905627922636825,-0.10897599147401636,Decrease
BCM_vs_ACM,Alpha,26,AF8,HJ,Hjorth Activity,RAW_AF8_HJ_Activity,1650058.6747832326,1694989.703561304,44931.02877807128,2.722995822192435,Increase
BCM_vs_ACM,Alpha,26,AF8,HJ,Hjorth Complexity,RAW_AF8_HJ_Complexity,1.3137469451201726,1.3187476321808391,0.0050006870606664755,0.3806430971536186,Increase
BCM_vs_ACM,Alpha,26,AF8,HJ,Hjorth Mobility,RAW_AF8_HJ_Mobility,0.6758556726327377,0.675141547568284,-0.0007141250644536745,-0.10566236156187928,Decrease
BCM_vs_ACM,Alpha,26,TP10,BP,Alpha Band Power,RAW_TP10_BP_Alpha,205798.29578078008,208742.1247164289,2943.8289356488094,1.4304437869517768,Increase
BCM_vs_ACM,Alpha,26,TP10,RP,Alpha Relative Power,RAW_TP10_RP_Alpha,0.1221153840049203,0.126566940884153,0.004451556879232696,3.6453694311384495,Increase
BCM_vs_ACM,Alpha,26,TP10,EN,Entropy,RAW_TP10_EN,5.442735179221878,5.433374149861897,-0.009361029359981288,-0.17199127004594755,Decrease
BCM_vs_ACM,Alpha,26,TP10,HJ,Hjorth Activity,RAW_TP10_HJ_Activity,1683626.436840161,1646305.909287444,-37320.5275527169,-2.2166750732876506,Decrease
BCM_vs_ACM,Alpha,26,TP10,HJ,Hjorth Complexity,RAW_TP10_HJ_Complexity,1.3118032978955316,1.3076944822086478,-0.0041088156868838155,-0.313218886815989,Decrease
BCM_vs_ACM,Alpha,26,TP10,HJ,Hjorth Mobility,RAW_TP10_HJ_Mobility,0.6866274985118752,0.6807211018473732,-0.005906396664501989,-0.8602039209473692,Decrease
BCM_vs_ACM,Alpha,26,TP9,BP,Alpha Band Power,RAW_TP9_BP_Alpha,191682.91119595413,193621.9863589189,1939.0751629647566,1.011605651680902,Increase
BCM_vs_ACM,Alpha,26,TP9,RP,Alpha Relative Power,RAW_TP9_RP_Alpha,0.1206901027826598,0.1254802561521339,0.0047901533694740955,3.968969500423959,Increase
BCM_vs_ACM,Alpha,26,TP9,EN,Entropy,RAW_TP9_EN,5.428215223901505,5.419833687787211,-0.008381536114294263,-0.15440684955505637,Decrease
BCM_vs_ACM,Alpha,26,TP9,HJ,Hjorth Activity,RAW_TP9_HJ_Activity,1619235.6045210017,1555359.7273548683,-63875.877166133374,-3.9448167386999238,Decrease
BCM_vs_ACM,Alpha,26,TP9,HJ,Hjorth Complexity,RAW_TP9_HJ_Complexity,1.3038746755958113,1.30452247413187,0.0006477985360586747,0.0496825767217743,Increase
BCM_vs_ACM,Alpha,26,TP9,HJ,Hjorth Mobility,RAW_TP9_HJ_Mobility,0.6834135133982614,0.6789927746782558,-0.00442073872000559,-0.6468614730814359,Decrease
BCM_vs_ACM,Alpha,27,AF7,BP,Alpha Band Power,RAW_AF7_BP_Alpha,218002.28408251348,199949.00670072623,-18053.27738178725,-8.28123313375658,Decrease
BCM_vs_ACM,Alpha,27,AF7,RP,Alpha Relative Power,RAW_AF7_RP_Alpha,0.107755417108724,0.1110077957773126,0.0032523786685886014,3.0182971361031328,Increase
BCM_vs_ACM,Alpha,27,AF7,EN,Entropy,RAW_AF7_EN,5.360328481517209,5.188864947384367,-0.1714635341328421,-3.198750500534817,Decrease
BCM_vs_ACM,Alpha,27,AF7,HJ,Hjorth Activity,RAW_AF7_HJ_Activity,2235478.200594729,1866800.071302968,-368678.12929176074,-16.492137082512244,Decrease
BCM_vs_ACM,Alpha,27,AF7,HJ,Hjorth Complexity,RAW_AF7_HJ_Complexity,1.304904233442059,1.4254893494714276,0.1205851160293685,9.240916914744822,Increase
BCM_vs_ACM,Alpha,27,AF7,HJ,Hjorth Mobility,RAW_AF7_HJ_Mobility,0.704581964062622,0.6469692944639047,-0.05761266959871725,-8.176858412117506,Decrease
BCM_vs_ACM,Alpha,27,AF8,BP,Alpha Band Power,RAW_AF8_BP_Alpha,198876.4235338929,197908.5465661281,-967.8769677648088,-0.4866725530187651,Decrease
BCM_vs_ACM,Alpha,27,AF8,RP,Alpha Relative Power,RAW_AF8_RP_Alpha,0.1219695254817472,0.1247266788002658,0.0027571533185185987,2.2605263959407695,Increase
BCM_vs_ACM,Alpha,27,AF8,EN,Entropy,RAW_AF8_EN,5.4113195902696,5.406335763910143,-0.004983826359457488,-0.0921000187905957,Decrease
BCM_vs_ACM,Alpha,27,AF8,HJ,Hjorth Activity,RAW_AF8_HJ_Activity,1731724.153080434,1569682.0185862738,-162042.1344941603,-9.357271722861618,Decrease
BCM_vs_ACM,Alpha,27,AF8,HJ,Hjorth Complexity,RAW_AF8_HJ_Complexity,1.3164107792824429,1.307501943584419,-0.00890883569802381,-0.6767519560178542,Decrease
BCM_vs_ACM,Alpha,27,AF8,HJ,Hjorth Mobility,RAW_AF8_HJ_Mobility,0.673104727312746,0.6755898730521683,0.0024851457394223786,0.3692064011114426,Increase
BCM_vs_ACM,Alpha,27,TP10,BP,Alpha Band Power,RAW_TP10_BP_Alpha,139514.56842250685,115665.8113595632,-23848.757062943652,-17.09409800897632,Decrease
BCM_vs_ACM,Alpha,27,TP10,RP,Alpha Relative Power,RAW_TP10_RP_Alpha,0.1168618812423448,0.0856815465909868,-0.031180334651358,-26.681356075979235,Decrease
BCM_vs_ACM,Alpha,27,TP10,EN,Entropy,RAW_TP10_EN,4.917827877317905,4.6975065723754925,-0.22032130494241287,-4.480053195000638,Decrease
BCM_vs_ACM,Alpha,27,TP10,HJ,Hjorth Activity,RAW_TP10_HJ_Activity,1204037.5465365842,1368444.8211107592,164407.274574175,13.654663431974592,Increase
BCM_vs_ACM,Alpha,27,TP10,HJ,Hjorth Complexity,RAW_TP10_HJ_Complexity,1.2109332971682916,1.167761621269355,-0.04317167589893667,-3.5651572221105425,Decrease
BCM_vs_ACM,Alpha,27,TP10,HJ,Hjorth Mobility,RAW_TP10_HJ_Mobility,0.7653371062557094,0.8116374165716042,0.046300310315894766,6.049662290962437,Increase
BCM_vs_ACM,Alpha,27,TP9,BP,Alpha Band Power,RAW_TP9_BP_Alpha,142118.4122803154,110750.86849105824,-31367.54378925715,-22.07141445359492,Decrease
BCM_vs_ACM,Alpha,27,TP9,RP,Alpha Relative Power,RAW_TP9_RP_Alpha,0.120697676498271,0.091893771488552,-0.028803905009718994,-23.864506629613217,Decrease
BCM_vs_ACM,Alpha,27,TP9,EN,Entropy,RAW_TP9_EN,4.946609840859288,4.90301690699416,-0.04359293386512775,-0.8812688946083346,Decrease
BCM_vs_ACM,Alpha,27,TP9,HJ,Hjorth Activity,RAW_TP9_HJ_Activity,1195182.91687662,1224078.3268374535,28895.40996083361,2.417655871148677,Increase
BCM_vs_ACM,Alpha,27,TP9,HJ,Hjorth Complexity,RAW_TP9_HJ_Complexity,1.206033439817085,1.203054383452459,-0.0029790563646261425,-0.2470127499182747,Decrease
BCM_vs_ACM,Alpha,27,TP9,HJ,Hjorth Mobility,RAW_TP9_HJ_Mobility,0.7674316730786966,0.7777555764404659,0.010323903361769249,1.3452537501290462,Increase
BCM_vs_ACM,Alpha,28,AF7,BP,Alpha Band Power,RAW_AF7_BP_Alpha,265828.313670681,261529.04959004984,-4299.264080631139,-1.6173085632846635,Decrease
BCM_vs_ACM,Alpha,28,AF7,RP,Alpha Relative Power,RAW_AF7_RP_Alpha,0.1183842055920052,0.1135176622856717,-0.004866543306333501,-4.110804546938778,Decrease
BCM_vs_ACM,Alpha,28,AF7,EN,Entropy,RAW_AF7_EN,5.333955742640658,5.372493910257569,0.03853816761691142,0.722506325068091,Increase
BCM_vs_ACM,Alpha,28,AF7,HJ,Hjorth Activity,RAW_AF7_HJ_Activity,2212592.343999329,2329888.074427668,117295.73042833898,5.301280678587332,Increase
BCM_vs_ACM,Alpha,28,AF7,HJ,Hjorth Complexity,RAW_AF7_HJ_Complexity,1.3133688057653896,1.3380680098821671,0.024699204116777507,1.8805992656711223,Increase
BCM_vs_ACM,Alpha,28,AF7,HJ,Hjorth Mobility,RAW_AF7_HJ_Mobility,0.6831950612819229,0.6712606029063758,-0.011934458375547075,-1.7468595796277686,Decrease
BCM_vs_ACM,Alpha,28,AF8,BP,Alpha Band Power,RAW_AF8_BP_Alpha,284009.0668221885,278228.1566651934,-5780.910156995116,-2.0354667622686886,Decrease
BCM_vs_ACM,Alpha,28,AF8,RP,Alpha Relative Power,RAW_AF8_RP_Alpha,0.1234323456963619,0.1241545385749667,0.0007221928786047965,0.5850920798194656,Increase
BCM_vs_ACM,Alpha,28,AF8,EN,Entropy,RAW_AF8_EN,5.403617459345143,5.401889472163188,-0.00172798718195466,-0.031978340342472586,Decrease
BCM_vs_ACM,Alpha,28,AF8,HJ,Hjorth Activity,RAW_AF8_HJ_Activity,2338599.8364385427,2204976.264626394,-133623.57181214867,-5.71382798074784,Decrease
BCM_vs_ACM,Alpha,28,AF8,HJ,Hjorth Complexity,RAW_AF8_HJ_Complexity,1.3090369224131777,1.316942733275606,0.007905810862428364,0.6039410139672909,Increase
BCM_vs_ACM,Alpha,28,AF8,HJ,Hjorth Mobility,RAW_AF8_HJ_Mobility,0.673649886214978,0.6686284949632573,-0.0050213912517207415,-0.7454007422066563,Decrease
BCM_vs_ACM,Alpha,28,TP10,BP,Alpha Band Power,RAW_TP10_BP_Alpha,182377.221167864,208233.75180878595,25856.530640921963,14.177500060231232,Increase
BCM_vs_ACM,Alpha,28,TP10,RP,Alpha Relative Power,RAW_TP10_RP_Alpha,0.0971002488531472,0.1075384073423792,0.010438158489231991,10.749878205789654,Increase
BCM_vs_ACM,Alpha,28,TP10,EN,Entropy,RAW_TP10_EN,4.644946928628476,4.807372630115559,0.16242570148708246,3.496825776113706,Increase
BCM_vs_ACM,Alpha,28,TP10,HJ,Hjorth Activity,RAW_TP10_HJ_Activity,1986732.681466128,1936808.6950926965,-49923.986373431515,-2.5128688343008303,Decrease
BCM_vs_ACM,Alpha,28,TP10,HJ,Hjorth Complexity,RAW_TP10_HJ_Complexity,1.2143377456040156,1.220828226254466,0.006490480650450436,0.5344872687970388,Increase
BCM_vs_ACM,Alpha,28,TP10,HJ,Hjorth Mobility,RAW_TP10_HJ_Mobility,0.7801612545591732,0.7703453104503211,-0.009815944108852115,-1.2581942581086742,Decrease
BCM_vs_ACM,Alpha,28,TP9,BP,Alpha Band Power,RAW_TP9_BP_Alpha,190036.39536112684,258659.215902898,68622.82054177116,36.11035686683436,Increase
BCM_vs_ACM,Alpha,28,TP9,RP,Alpha Relative Power,RAW_TP9_RP_Alpha,0.092567260350629,0.1101181392567637,0.0175508789061347,18.96013648848952,Increase
BCM_vs_ACM,Alpha,28,TP9,EN,Entropy,RAW_TP9_EN,4.733023085411572,4.769586631751175,0.036563546339603015,0.772519923942512,Increase
BCM_vs_ACM,Alpha,28,TP9,HJ,Hjorth Activity,RAW_TP9_HJ_Activity,2095838.507752329,2425783.139173948,329944.6314216191,15.742846130614637,Increase
BCM_vs_ACM,Alpha,28,TP9,HJ,Hjorth Complexity,RAW_TP9_HJ_Complexity,1.212686942979571,1.2023410617987869,-0.010345881180784167,-0.8531370145178889,Decrease
BCM_vs_ACM,Alpha,28,TP9,HJ,Hjorth Mobility,RAW_TP9_HJ_Mobility,0.7806719534376295,0.7787755946251719,-0.0018963588124576436,-0.24291365971419518,Decrease
BCM_vs_ACM,Theta,1,AF7,EN,Entropy,RAW_AF7_EN,5.415521477463908,5.403649980913499,-0.011871496550409866,-0.21921243595490816,Decrease
BCM_vs_ACM,Theta,1,AF7,HJ,Hjorth Activity,RAW_AF7_HJ_Activity,1888857.025894148,2287055.8419164885,398198.81602234044,21.081469405226205,Increase
BCM_vs_ACM,Theta,1,AF7,HJ,Hjorth Complexity,RAW_AF7_HJ_Complexity,1.3282326656750945,1.3219383948186103,-0.006294270856484152,-0.4738831545966379,Decrease
BCM_vs_ACM,Theta,1,AF7,HJ,Hjorth Mobility,RAW_AF7_HJ_Mobility,0.6616705584490894,0.6666853068092901,0.00501474836020066,0.7578920198527328,Increase
BCM_vs_ACM,Theta,1,AF7,BP,Theta Band Power,RAW_AF7_BP_Theta,194059.2984763173,224893.9543402616,30834.655863944325,15.88929574931311,Increase
BCM_vs_ACM,Theta,1,AF7,RP,Theta Relative Power,RAW_AF7_RP_Theta,0.108841378838742,0.1042063416590798,-0.004635037179662196,-4.258524863535042,Decrease
BCM_vs_ACM,Theta,1,AF8,EN,Entropy,RAW_AF8_EN,5.418397892834423,5.386356947858209,-0.032040944976214014,-0.5913361404961909,Decrease
BCM_vs_ACM,Theta,1,AF8,HJ,Hjorth Activity,RAW_AF8_HJ_Activity,1760650.294298326,1961704.5336648764,201054.23936655046,11.419317056751286,Increase
BCM_vs_ACM,Theta,1,AF8,HJ,Hjorth Complexity,RAW_AF8_HJ_Complexity,1.3306058343729537,1.3469218652650383,0.016316030892084665,1.2262106831790327,Increase
BCM_vs_ACM,Theta,1,AF8,HJ,Hjorth Mobility,RAW_AF8_HJ_Mobility,0.6611346251779511,0.6481726748759531,-0.012961950301997982,-1.9605614058572627,Decrease
BCM_vs_ACM,Theta,1,AF8,BP,Theta Band Power,RAW_AF8_BP_Theta,181299.90716229903,215249.354235794,33949.44707349496,18.72557333584486,Increase
BCM_vs_ACM,Theta,1,AF8,RP,Theta Relative Power,RAW_AF8_RP_Theta,0.1088505452643145,0.1110140026810559,0.002163457416741413,1.9875485340822445,Increase
BCM_vs_ACM,Theta,1,TP10,EN,Entropy,RAW_TP10_EN,5.402517869750897,5.408569930317584,0.006052060566687167,0.11202296248890004,Increase
BCM_vs_ACM,Theta,1,TP10,HJ,Hjorth Activity,RAW_TP10_HJ_Activity,1721781.1490409155,2105283.514364718,383502.36532380246,22.27358369775537,Increase
BCM_vs_ACM,Theta,1,TP10,HJ,Hjorth Complexity,RAW_TP10_HJ_Complexity,1.316488932243307,1.3386085273068622,0.022119595063555098,1.6801960519229844,Increase
BCM_vs_ACM,Theta,1,TP10,HJ,Hjorth Mobility,RAW_TP10_HJ_Mobility,0.6660315338308899,0.6563683960206742,-0.00966313781021566,-1.450852898005457,Decrease
BCM_vs_ACM,Theta,1,TP10,BP,Theta Band Power,RAW_TP10_BP_Theta,174222.7401503108,233870.99331947177,59648.25316916098,34.23677822866257,Increase
BCM_vs_ACM,Theta,1,TP10,RP,Theta Relative Power,RAW_TP10_RP_Theta,0.1047735862172722,0.1120872699421577,0.0073136837248855,6.980465200187851,Increase
BCM_vs_ACM,Theta,1,TP9,EN,Entropy,RAW_TP9_EN,5.4071337018069405,5.40744848152453,0.0003147797175895306,0.005821563418791335,Increase
BCM_vs_ACM,Theta,1,TP9,HJ,Hjorth Activity,RAW_TP9_HJ_Activity,1743112.4315943588,2165324.975701208,422212.54410684947,24.221761973246196,Increase
BCM_vs_ACM,Theta,1,TP9,HJ,Hjorth Complexity,RAW_TP9_HJ_Complexity,1.3388377742241586,1.327530712101502,-0.01130706212265653,-0.8445431059942153,Decrease
BCM_vs_ACM,Theta,1,TP9,HJ,Hjorth Mobility,RAW_TP9_HJ_Mobility,0.6579397581297732,0.6634635502315851,0.005523792101811864,0.8395589464776411,Increase
BCM_vs_ACM,Theta,1,TP9,BP,Theta Band Power,RAW_TP9_BP_Theta,194397.1729234396,221050.6190882616,26653.446164822002,13.710819845779888,Increase
BCM_vs_ACM,Theta,1,TP9,RP,Theta Relative Power,RAW_TP9_RP_Theta,0.1119147547209742,0.1063799103420753,-0.0055348443788988955,-4.945589518288599,Decrease
BCM_vs_ACM,Theta,2,AF7,EN,Entropy,RAW_AF7_EN,5.4119834186794815,5.408856558728593,-0.003126859950888239,-0.05777659887308356,Decrease
BCM_vs_ACM,Theta,2,AF7,HJ,Hjorth Activity,RAW_AF7_HJ_Activity,1867226.3669121696,1988354.2196891163,121127.85277694673,6.487047040646482,Increase
BCM_vs_ACM,Theta,2,AF7,HJ,Hjorth Complexity,RAW_AF7_HJ_Complexity,1.319795318758389,1.322202452431206,0.0024071336728168635,0.18238689277072137,Increase
BCM_vs_ACM,Theta,2,AF7,HJ,Hjorth Mobility,RAW_AF7_HJ_Mobility,0.6692970455042596,0.6677769905434416,-0.0015200549608179736,-0.22711215760301745,Decrease
BCM_vs_ACM,Theta,2,AF7,BP,Theta Band Power,RAW_AF7_BP_Theta,188702.08077460816,203169.16679788183,14467.086023273674,7.666627714907727,Increase
BCM_vs_ACM,Theta,2,AF7,RP,Theta Relative Power,RAW_AF7_RP_Theta,0.1020938748354797,0.10564357901179,0.0035497041763103004,3.4769021961704465,Increase
BCM_vs_ACM,Theta,2,AF8,EN,Entropy,RAW_AF8_EN,5.398614739287038,5.405534740937624,0.0069200016505863715,0.12818106097158274,Increase
BCM_vs_ACM,Theta,2,AF8,HJ,Hjorth Activity,RAW_AF8_HJ_Activity,2011122.6005771067,2066398.893309006,55276.2927318993,2.7485292401386845,Increase
BCM_vs_ACM,Theta,2,AF8,HJ,Hjorth Complexity,RAW_AF8_HJ_Complexity,1.3385115276272843,1.3246842267708203,-0.013827300856463998,-1.0330356198706032,Decrease
BCM_vs_ACM,Theta,2,AF8,HJ,Hjorth Mobility,RAW_AF8_HJ_Mobility,0.6566344077551899,0.6662682846946467,0.009633876939456831,1.4671599333930407,Increase
BCM_vs_ACM,Theta,2,AF8,BP,Theta Band Power,RAW_AF8_BP_Theta,219682.84938655325,196215.2500071586,-23467.59937939464,-10.682490437886266,Decrease
BCM_vs_ACM,Theta,2,AF8,RP,Theta Relative Power,RAW_AF8_RP_Theta,0.1160525048125905,0.0986286430356809,-0.01742386177690959,-15.013774847037409,Decrease
BCM_vs_ACM,Theta,2,TP10,EN,Entropy,RAW_TP10_EN,5.410969033941904,5.41828632999708,0.007317296055175504,0.1352307878547373,Increase
BCM_vs_ACM,Theta,2,TP10,HJ,Hjorth Activity,RAW_TP10_HJ_Activity,2148320.0167218493,2008452.9491912443,-139867.067530605,-6.510532250406068,Decrease
BCM_vs_ACM,Theta,2,TP10,HJ,Hjorth Complexity,RAW_TP10_HJ_Complexity,1.343595014429876,1.3425839151260683,-0.0010110993038077165,-0.07525327892324411,Decrease
BCM_vs_ACM,Theta,2,TP10,HJ,Hjorth Mobility,RAW_TP10_HJ_Mobility,0.6562053759978095,0.6544668691447602,-0.0017385068530493264,-0.2649333450531087,Decrease
BCM_vs_ACM,Theta,2,TP10,BP,Theta Band Power,RAW_TP10_BP_Theta,232838.5359829508,211846.47801662737,-20992.057966323424,-9.015714635768253,Decrease
BCM_vs_ACM,Theta,2,TP10,RP,Theta Relative Power,RAW_TP10_RP_Theta,0.1103399922980234,0.1111374872518606,0.0007974949538371995,0.7227614731775595,Increase
BCM_vs_ACM,Theta,2,TP9,EN,Entropy,RAW_TP9_EN,5.408965353979412,5.405230938189986,-0.0037344157894265706,-0.06904122221228753,Decrease
BCM_vs_ACM,Theta,2,TP9,HJ,Hjorth Activity,RAW_TP9_HJ_Activity,1923825.114433187,1734524.070965334,-189301.043467853,-9.839825982499786,Decrease
BCM_vs_ACM,Theta,2,TP9,HJ,Hjorth Complexity,RAW_TP9_HJ_Complexity,1.3453278039078678,1.348965016319165,0.0036372124112973303,0.2703588226402565,Increase
BCM_vs_ACM,Theta,2,TP9,HJ,Hjorth Mobility,RAW_TP9_HJ_Mobility,0.6551247999362333,0.6517093823919121,-0.0034154175443211754,-0.5213384601916483,Decrease
BCM_vs_ACM,Theta,2,TP9,BP,Theta Band Power,RAW_TP9_BP_Theta,206298.32430372792,189129.6699368615,-17168.654366866424,-8.32224615726371,Decrease
BCM_vs_ACM,Theta,2,TP9,RP,Theta Relative Power,RAW_TP9_RP_Theta,0.1096040200854278,0.1098012262969759,0.0001972062115481038,0.1799260751516203,Increase
BCM_vs_ACM,Theta,9,AF7,EN,Entropy,RAW_AF7_EN,5.4071387915306985,5.404022063593096,-0.003116727937602981,-0.05764098274090486,Decrease
BCM_vs_ACM,Theta,9,AF7,HJ,Hjorth Activity,RAW_AF7_HJ_Activity,1946134.03390906,1622607.9068947118,-323526.1270143483,-16.6240413752235,Decrease
BCM_vs_ACM,Theta,9,AF7,HJ,Hjorth Complexity,RAW_AF7_HJ_Complexity,1.3221644563585857,1.3067445068361954,-0.015419949522390342,-1.1662656221192713,Decrease
BCM_vs_ACM,Theta,9,AF7,HJ,Hjorth Mobility,RAW_AF7_HJ_Mobility,0.6642478679397165,0.6762030114757714,0.01195514353605498,1.799801567016842,Increase
BCM_vs_ACM,Theta,9,AF7,BP,Theta Band Power,RAW_AF7_BP_Theta,208041.3578931564,158548.27615585912,-49493.081737297296,-23.79002052212878,Decrease
BCM_vs_ACM,Theta,9,AF7,RP,Theta Relative Power,RAW_AF7_RP_Theta,0.1080854806966796,0.0968389873809458,-0.011246493315733797,-10.405184159096116,Decrease
BCM_vs_ACM,Theta,9,AF8,EN,Entropy,RAW_AF8_EN,5.402163873319425,5.408998618050714,0.006834744731289533,0.1265186486667951,Increase
BCM_vs_ACM,Theta,9,AF8,HJ,Hjorth Activity,RAW_AF8_HJ_Activity,2064720.8615673005,1756291.1424345723,-308429.7191327282,-14.938083150794704,Decrease
BCM_vs_ACM,Theta,9,AF8,HJ,Hjorth Complexity,RAW_AF8_HJ_Complexity,1.3191598760040824,1.308252635652518,-0.010907240351564429,-0.8268323309380791,Decrease
BCM_vs_ACM,Theta,9,AF8,HJ,Hjorth Mobility,RAW_AF8_HJ_Mobility,0.6671399929706834,0.6744665200222757,0.007326527051592313,1.0981993477813086,Increase
BCM_vs_ACM,Theta,9,AF8,BP,Theta Band Power,RAW_AF8_BP_Theta,204416.94757185705,186293.78822796844,-18123.159343888605,-8.865781217830735,Decrease
BCM_vs_ACM,Theta,9,AF8,RP,Theta Relative Power,RAW_AF8_RP_Theta,0.1009124496046057,0.107415501709534,0.0065030521049282974,6.444251557075961,Increase
BCM_vs_ACM,Theta,9,TP10,EN,Entropy,RAW_TP10_EN,5.401804718533586,5.410811539963174,0.00900682142958864,0.16673726465316763,Increase
BCM_vs_ACM,Theta,9,TP10,HJ,Hjorth Activity,RAW_TP10_HJ_Activity,2039021.703725758,1631243.8874710468,-407777.81625471124,-19.998699156051558,Decrease
BCM_vs_ACM,Theta,9,TP10,HJ,Hjorth Complexity,RAW_TP10_HJ_Complexity,1.3319049774146134,1.305317550210008,-0.026587427204605385,-1.9961954985869002,Decrease
BCM_vs_ACM,Theta,9,TP10,HJ,Hjorth Mobility,RAW_TP10_HJ_Mobility,0.6594870891850861,0.671367093009396,0.01188000382430987,1.801400515511188,Increase
BCM_vs_ACM,Theta,9,TP10,BP,Theta Band Power,RAW_TP10_BP_Theta,211838.34116411424,170826.85189868853,-41011.48926542571,-19.359804764357325,Decrease
BCM_vs_ACM,Theta,9,TP10,RP,Theta Relative Power,RAW_TP10_RP_Theta,0.105743190228508,0.1044946881033169,-0.001248502125191106,-1.1806926975563425,Decrease
BCM_vs_ACM,Theta,9,TP9,EN,Entropy,RAW_TP9_EN,5.406201707465828,5.406270372258356,6.866479252742863e-05,0.0012701115541546347,Increase
BCM_vs_ACM,Theta,9,TP9,HJ,Hjorth Activity,RAW_TP9_HJ_Activity,2210505.941549495,1922064.87236798,-288441.0691815149,-13.048644826501885,Decrease
BCM_vs_ACM,Theta,9,TP9,HJ,Hjorth Complexity,RAW_TP9_HJ_Complexity,1.3241729468089578,1.31791086499571,-0.006262081813247722,-0.47290513133789086,Decrease
BCM_vs_ACM,Theta,9,TP9,HJ,Hjorth Mobility,RAW_TP9_HJ_Mobility,0.6636531743624009,0.6685097271696437,0.004856552807242842,0.7317907899572293,Increase
BCM_vs_ACM,Theta,9,TP9,BP,Theta Band Power,RAW_TP9_BP_Theta,229664.1070443597,192381.80242395384,-37282.30462040586,-16.233404993147133,Decrease
BCM_vs_ACM,Theta,9,TP9,RP,Theta Relative Power,RAW_TP9_RP_Theta,0.1079197523126497,0.1019529739124464,-0.005966778400203307,-5.528902978684762,Decrease
BCM_vs_ACM,Theta,14,AF7,EN,Entropy,RAW_AF7_EN,5.407423366123863,5.40746778969903,4.442357516687423e-05,0.0008215294449696073,Increase
BCM_vs_ACM,Theta,14,AF7,HJ,Hjorth Activity,RAW_AF7_HJ_Activity,1834475.4342915807,1787410.0245287656,-47065.40976281511,-2.5656058883661395,Decrease
BCM_vs_ACM,Theta,14,AF7,HJ,Hjorth Complexity,RAW_AF7_HJ_Complexity,1.3062192949510565,1.3096437727929655,0.003424477841909024,0.26216714568110383,Increase
BCM_vs_ACM,Theta,14,AF7,HJ,Hjorth Mobility,RAW_AF7_HJ_Mobility,0.6764427179440047,0.674487230013192,-0.0019554879308126827,-0.2890840390382554,Decrease
BCM_vs_ACM,Theta,14,AF7,BP,Theta Band Power,RAW_AF7_BP_Theta,184248.79524222657,177595.1690967528,-6653.626145473769,-3.611218264264056,Decrease
BCM_vs_ACM,Theta,14,AF7,RP,Theta Relative Power,RAW_AF7_RP_Theta,0.1030641247629539,0.1026903077042006,-0.0003738170587533063,-0.36270337482909837,Decrease
BCM_vs_ACM,Theta,14,AF8,EN,Entropy,RAW_AF8_EN,5.4087497838818495,5.402170583083195,-0.006579200798654483,-0.1216399549163948,Decrease
BCM_vs_ACM,Theta,14,AF8,HJ,Hjorth Activity,RAW_AF8_HJ_Activity,1787825.349666122,1736566.0720054563,-51259.2776606658,-2.8671300398687443,Decrease
BCM_vs_ACM,Theta,14,AF8,HJ,Hjorth Complexity,RAW_AF8_HJ_Complexity,1.306939320782014,1.3093339458499933,0.0023946250679793835,0.1832238903445454,Increase
BCM_vs_ACM,Theta,14,AF8,HJ,Hjorth Mobility,RAW_AF8_HJ_Mobility,0.678124530355217,0.6731473301790123,-0.004977200176204732,-0.7339655112605293,Decrease
BCM_vs_ACM,Theta,14,AF8,BP,Theta Band Power,RAW_AF8_BP_Theta,182229.11164705828,175411.63333238152,-6817.478314676759,-3.741157630116128,Decrease
BCM_vs_ACM,Theta,14,AF8,RP,Theta Relative Power,RAW_AF8_RP_Theta,0.101258115390518,0.1029696972300362,0.0017115818395181948,1.6903157173301198,Increase
BCM_vs_ACM,Theta,14,TP10,EN,Entropy,RAW_TP10_EN,5.409726383039741,5.414728509986715,0.005002126946973995,0.09246543342111296,Increase
BCM_vs_ACM,Theta,14,TP10,HJ,Hjorth Activity,RAW_TP10_HJ_Activity,1643903.2103664284,1712478.4610500247,68575.25068359636,4.171489553105188,Increase
BCM_vs_ACM,Theta,14,TP10,HJ,Hjorth Complexity,RAW_TP10_HJ_Complexity,1.3160395528867728,1.3259448709171706,0.009905318030397847,0.7526611193919082,Increase
BCM_vs_ACM,Theta,14,TP10,HJ,Hjorth Mobility,RAW_TP10_HJ_Mobility,0.670533633332011,0.665490705619707,-0.005042927712303968,-0.7520767731283944,Decrease
BCM_vs_ACM,Theta,14,TP10,BP,Theta Band Power,RAW_TP10_BP_Theta,172494.7584755834,194748.68376208027,22253.925286496873,12.901218264928852,Increase
BCM_vs_ACM,Theta,14,TP10,RP,Theta Relative Power,RAW_TP10_RP_Theta,0.1051870807323652,0.114484606379656,0.009297525647290805,8.839037629485265,Increase
BCM_vs_ACM,Theta,14,TP9,EN,Entropy,RAW_TP9_EN,5.408502870308953,5.406748330655828,-0.001754539653124887,-0.03244039423103165,Decrease
BCM_vs_ACM,Theta,14,TP9,HJ,Hjorth Activity,RAW_TP9_HJ_Activity,1972352.40596704,1812362.4753310247,-159989.93063601526,-8.111630059212088,Decrease
BCM_vs_ACM,Theta,14,TP9,HJ,Hjorth Complexity,RAW_TP9_HJ_Complexity,1.3293659873089798,1.3206870176163374,-0.008678969692642369,-0.6528653339635315,Decrease
BCM_vs_ACM,Theta,14,TP9,HJ,Hjorth Mobility,RAW_TP9_HJ_Mobility,0.662644578317564,0.6680478222782341,0.0054032439606701566,0.8154060468417084,Increase
BCM_vs_ACM,Theta,14,TP9,BP,Theta Band Power,RAW_TP9_BP_Theta,214580.29186028143,184649.2574785984,-29931.034381683043,-13.948640913011658,Decrease
BCM_vs_ACM,Theta,14,TP9,RP,Theta Relative Power,RAW_TP9_RP_Theta,0.109951681569127,0.1045488520470102,-0.005402829522116806,-4.913821639662717,Decrease
BCM_vs_ACM,Theta,16,AF7,EN,Entropy,RAW_AF7_EN,5.408280770167084,5.408253572985302,-2.7197181782234736e-05,-0.0005028803595452849,Decrease
BCM_vs_ACM,Theta,16,AF7,HJ,Hjorth Activity,RAW_AF7_HJ_Activity,2442847.796990736,1978991.109588776,-463856.6874019599,-18.98835809473557,Decrease
BCM_vs_ACM,Theta,16,AF7,HJ,Hjorth Complexity,RAW_AF7_HJ_Complexity,1.3295220161393468,1.3182415850620348,-0.011280431077312025,-0.8484576366826954,Decrease
BCM_vs_ACM,Theta,16,AF7,HJ,Hjorth Mobility,RAW_AF7_HJ_Mobility,0.6579866996606233,0.669502049829859,0.01151535016923566,1.7500885922428302,Increase
BCM_vs_ACM,Theta,16,AF7,BP,Theta Band Power,RAW_AF7_BP_Theta,263086.70894579805,200124.8930918236,-62961.81585397446,-23.93196376444317,Decrease
BCM_vs_ACM,Theta,16,AF7,RP,Theta Relative Power,RAW_AF7_RP_Theta,0.1123231695085498,0.1029910983800675,-0.009332071128482305,-8.308233438669097,Decrease
BCM_vs_ACM,Theta,16,AF8,EN,Entropy,RAW_AF8_EN,5.415605795807663,5.402600676132455,-0.013005119675207233,-0.2401415495432621,Decrease
BCM_vs_ACM,Theta,16,AF8,HJ,Hjorth Activity,RAW_AF8_HJ_Activity,1900681.1761997144,1756122.3303054278,-144558.84589428664,-7.605633585708595,Decrease
BCM_vs_ACM,Theta,16,AF8,HJ,Hjorth Complexity,RAW_AF8_HJ_Complexity,1.3376017794408612,1.309513824251014,-0.02808795518984719,-2.0998742392215117,Decrease
BCM_vs_ACM,Theta,16,AF8,HJ,Hjorth Mobility,RAW_AF8_HJ_Mobility,0.6615524556842727,0.6694897251957141,0.00793726951144147,1.199794429488075,Increase
BCM_vs_ACM,Theta,16,AF8,BP,Theta Band Power,RAW_AF8_BP_Theta,206584.17972047484,175783.61126993864,-30800.5684505362,-14.909451678348201,Decrease
BCM_vs_ACM,Theta,16,AF8,RP,Theta Relative Power,RAW_AF8_RP_Theta,0.1095512907293349,0.1023044023476866,-0.007246888381648289,-6.615064353329219,Decrease
BCM_vs_ACM,Theta,16,TP10,EN,Entropy,RAW_TP10_EN,5.412173046734057,5.401326090064533,-0.010846956669523955,-0.200417772600037,Decrease
BCM_vs_ACM,Theta,16,TP10,HJ,Hjorth Activity,RAW_TP10_HJ_Activity,2050382.2717192683,1818742.9613372888,-231639.31038197945,-11.297371888986698,Decrease
BCM_vs_ACM,Theta,16,TP10,HJ,Hjorth Complexity,RAW_TP10_HJ_Complexity,1.350477572950621,1.3242127690120935,-0.026264803938527592,-1.9448530256701968,Decrease
BCM_vs_ACM,Theta,16,TP10,HJ,Hjorth Mobility,RAW_TP10_HJ_Mobility,0.6492808943399573,0.6605699178370444,0.011289023497087158,1.7386963940411795,Increase
BCM_vs_ACM,Theta,16,TP10,BP,Theta Band Power,RAW_TP10_BP_Theta,234519.0450945888,185031.04765092084,-49487.99744366796,-21.101909835812233,Decrease
BCM_vs_ACM,Theta,16,TP10,RP,Theta Relative Power,RAW_TP10_RP_Theta,0.1178494198945782,0.1035283685873289,-0.014321051307249297,-12.1519913462961,Decrease
BCM_vs_ACM,Theta,16,TP9,EN,Entropy,RAW_TP9_EN,5.397441073760335,5.409504762427595,0.012063688667259598,0.22350755668102115,Increase
BCM_vs_ACM,Theta,16,TP9,HJ,Hjorth Activity,RAW_TP9_HJ_Activity,1988748.8144064527,1752578.291113219,-236170.5232932337,-11.87533194651932,Decrease
BCM_vs_ACM,Theta,16,TP9,HJ,Hjorth Complexity,RAW_TP9_HJ_Complexity,1.3389205975402632,1.3226843836446236,-0.016236213895639562,-1.2126345599184285,Decrease
BCM_vs_ACM,Theta,16,TP9,HJ,Hjorth Mobility,RAW_TP9_HJ_Mobility,0.655664440963715,0.6656458372381333,0.009981396274418297,1.5223330183572783,Increase
BCM_vs_ACM,Theta,16,TP9,BP,Theta Band Power,RAW_TP9_BP_Theta,218268.5472664357,183777.4271406657,-34491.12012576999,-15.80214857235817,Decrease
BCM_vs_ACM,Theta,16,TP9,RP,Theta Relative Power,RAW_TP9_RP_Theta,0.1117946962815113,0.1067203045781588,-0.005074391703352499,-4.5390272277091075,Decrease
BCM_vs_ACM,Theta,22,AF7,EN,Entropy,RAW_AF7_EN,5.397841435841048,5.402350817772242,0.004509381931193879,0.08354046677347912,Increase
BCM_vs_ACM,Theta,22,AF7,HJ,Hjorth Activity,RAW_AF7_HJ_Activity,1774807.125842812,1855673.557198056,80866.43135524401,4.5563503874733735,Increase
BCM_vs_ACM,Theta,22,AF7,HJ,Hjorth Complexity,RAW_AF7_HJ_Complexity,1.305842770171415,1.321043470220376,0.015200700048960902,1.16405285507424,Increase
BCM_vs_ACM,Theta,22,AF7,HJ,Hjorth Mobility,RAW_AF7_HJ_Mobility,0.6731248594124947,0.6668849916422241,-0.006239867770270524,-0.927000048061915,Decrease
BCM_vs_ACM,Theta,22,AF7,BP,Theta Band Power,RAW_AF7_BP_Theta,178492.53288663286,186099.15453879145,7606.621652158588,4.261590963578198,Increase
BCM_vs_ACM,Theta,22,AF7,RP,Theta Relative Power,RAW_AF7_RP_Theta,0.1022832419123332,0.104365495436052,0.0020822535237187967,2.0357719258678686,Increase
BCM_vs_ACM,Theta,22,AF8,EN,Entropy,RAW_AF8_EN,5.4053285817415935,5.400305713679187,-0.0050228680624062605,-0.09292437983090929,Decrease
BCM_vs_ACM,Theta,22,AF8,HJ,Hjorth Activity,RAW_AF8_HJ_Activity,2020381.148836136,1975561.129522391,-44820.0193137452,-2.21839425395373,Decrease
BCM_vs_ACM,Theta,22,AF8,HJ,Hjorth Complexity,RAW_AF8_HJ_Complexity,1.315931022130051,1.317697814511417,0.0017667923813660114,0.13426177752889867,Increase
BCM_vs_ACM,Theta,22,AF8,HJ,Hjorth Mobility,RAW_AF8_HJ_Mobility,0.6721525309492588,0.6681524259113861,-0.0040001050378726255,-0.5951186454990223,Decrease
BCM_vs_ACM,Theta,22,AF8,BP,Theta Band Power,RAW_AF8_BP_Theta,208876.6426673449,202626.8015991184,-6249.841068226495,-2.9921206068885056,Decrease
BCM_vs_ACM,Theta,22,AF8,RP,Theta Relative Power,RAW_AF8_RP_Theta,0.1051987358991471,0.1043158949387334,-0.0008828409604137027,-0.839212517971768,Decrease
BCM_vs_ACM,Theta,22,TP10,EN,Entropy,RAW_TP10_EN,5.405457649718593,5.408393449039108,0.0029357993205154642,0.054311762495601115,Increase
BCM_vs_ACM,Theta,22,TP10,HJ,Hjorth Activity,RAW_TP10_HJ_Activity,1738863.137738412,1904981.483468272,166118.34572986,9.553273177434521,Increase
BCM_vs_ACM,Theta,22,TP10,HJ,Hjorth Complexity,RAW_TP10_HJ_Complexity,1.317886063662882,1.316898015366885,-0.0009880482959969683,-0.07497220914916004,Decrease
BCM_vs_ACM,Theta,22,TP10,HJ,Hjorth Mobility,RAW_TP10_HJ_Mobility,0.6701668682617878,0.6720277145455087,0.0018608462837208517,0.27766909583986593,Increase
BCM_vs_ACM,Theta,22,TP10,BP,Theta Band Power,RAW_TP10_BP_Theta,167687.10989811394,193782.14941884577,26095.039520731836,15.561744451667803,Increase
BCM_vs_ACM,Theta,22,TP10,RP,Theta Relative Power,RAW_TP10_RP_Theta,0.1001343031291086,0.1035335281645077,0.003399225035399092,3.394665892882169,Increase
BCM_vs_ACM,Theta,22,TP9,EN,Entropy,RAW_TP9_EN,5.408341390116823,5.40610769232358,-0.002233697793243117,-0.041300976253550954,Decrease
BCM_vs_ACM,Theta,22,TP9,HJ,Hjorth Activity,RAW_TP9_HJ_Activity,1702855.6019522983,1637880.1795871535,-64975.42236514483,-3.8156742292565196,Decrease
BCM_vs_ACM,Theta,22,TP9,HJ,Hjorth Complexity,RAW_TP9_HJ_Complexity,1.3146606875161235,1.3092792567601683,-0.005381430755955208,-0.4093399009384471,Decrease
BCM_vs_ACM,Theta,22,TP9,HJ,Hjorth Mobility,RAW_TP9_HJ_Mobility,0.6704364880079637,0.6728683263981227,0.0024318383901589247,0.36272464784614145,Increase
BCM_vs_ACM,Theta,22,TP9,BP,Theta Band Power,RAW_TP9_BP_Theta,176494.65170051737,165212.21267966722,-11282.439020850143,-6.392510431417832,Decrease
BCM_vs_ACM,Theta,22,TP9,RP,Theta Relative Power,RAW_TP9_RP_Theta,0.1048845517989426,0.1019647996000934,-0.0029197521988491987,-2.7837771614319227,Decrease
BCM_vs_ACM,Theta,25,AF7,EN,Entropy,RAW_AF7_EN,5.415325037729471,5.406020567810018,-0.009304469919452885,-0.17181738593024598,Decrease
BCM_vs_ACM,Theta,25,AF7,HJ,Hjorth Activity,RAW_AF7_HJ_Activity,1641770.582196534,1674001.7394620045,32231.157265470596,1.9631949564078772,Increase
BCM_vs_ACM,Theta,25,AF7,HJ,Hjorth Complexity,RAW_AF7_HJ_Complexity,1.305229576089491,1.304996918920906,-0.00023265716858489327,-0.017824999743105842,Decrease
BCM_vs_ACM,Theta,25,AF7,HJ,Hjorth Mobility,RAW_AF7_HJ_Mobility,0.6796464498028739,0.678296116676766,-0.0013503331261078833,-0.19868170083129788,Decrease
BCM_vs_ACM,Theta,25,AF7,BP,Theta Band Power,RAW_AF7_BP_Theta,157686.61492567652,164974.95098846703,7288.336062790506,4.6220385073430394,Increase
BCM_vs_ACM,Theta,25,AF7,RP,Theta Relative Power,RAW_AF7_RP_Theta,0.0970073908919019,0.0973345011826015,0.00032711029069959485,0.3372014108328129,Increase
BCM_vs_ACM,Theta,25,AF8,EN,Entropy,RAW_AF8_EN,5.419577827055941,5.410205355070173,-0.009372471985768627,-0.1729373077544677,Decrease
BCM_vs_ACM,Theta,25,AF8,HJ,Hjorth Activity,RAW_AF8_HJ_Activity,1214239.4191381135,1643173.1678564502,428933.7487183367,35.32530256864834,Increase
BCM_vs_ACM,Theta,25,AF8,HJ,Hjorth Complexity,RAW_AF8_HJ_Complexity,1.3130575111395395,1.3040176136183526,-0.009039897521186946,-0.6884616587236649,Decrease
BCM_vs_ACM,Theta,25,AF8,HJ,Hjorth Mobility,RAW_AF8_HJ_Mobility,0.6789324585368764,0.6769460199931938,-0.0019864385436826337,-0.2925826448132233,Decrease
BCM_vs_ACM,Theta,25,AF8,BP,Theta Band Power,RAW_AF8_BP_Theta,129438.48114190172,169184.76140417188,39746.28026227016,30.706695498610515,Increase
BCM_vs_ACM,Theta,25,AF8,RP,Theta Relative Power,RAW_AF8_RP_Theta,0.1063738336197077,0.1014441518240261,-0.004929681795681609,-4.634299270726194,Decrease
BCM_vs_ACM,Theta,25,TP10,EN,Entropy,RAW_TP10_EN,5.362977887931235,5.449818655812803,0.0868407678815677,1.6192639555160735,Increase
BCM_vs_ACM,Theta,25,TP10,HJ,Hjorth Activity,RAW_TP10_HJ_Activity,2106875.3424996417,1691212.0914788805,-415663.2510207612,-19.728896277632142,Decrease
BCM_vs_ACM,Theta,25,TP10,HJ,Hjorth Complexity,RAW_TP10_HJ_Complexity,1.3336772190420805,1.3054112438946297,-0.028265975147450773,-2.1194015121404663,Decrease
BCM_vs_ACM,Theta,25,TP10,HJ,Hjorth Mobility,RAW_TP10_HJ_Mobility,0.6750449165894022,0.6923738960601168,0.017328979470714545,2.567085396075198,Increase
BCM_vs_ACM,Theta,25,TP10,BP,Theta Band Power,RAW_TP10_BP_Theta,328442.2798309822,163151.68428223074,-165290.59554875147,-50.32561448355879,Decrease
BCM_vs_ACM,Theta,25,TP10,RP,Theta Relative Power,RAW_TP10_RP_Theta,0.1544672928405409,0.0977238662814769,-0.05674342655906399,-36.73491359600712,Decrease
BCM_vs_ACM,Theta,25,TP9,EN,Entropy,RAW_TP9_EN,5.40594473298547,5.412959422891655,0.007014689906184479,0.12975881650034127,Increase
BCM_vs_ACM,Theta,25,TP9,HJ,Hjorth Activity,RAW_TP9_HJ_Activity,2063535.497638582,2109660.7344551533,46125.23681657133,2.2352528885185152,Increase
BCM_vs_ACM,Theta,25,TP9,HJ,Hjorth Complexity,RAW_TP9_HJ_Complexity,1.3261675075888968,1.321378103154624,-0.0047894044342728925,-0.36114626597815697,Decrease
BCM_vs_ACM,Theta,25,TP9,HJ,Hjorth Mobility,RAW_TP9_HJ_Mobility,0.6659662002840925,0.6666004483466148,0.0006342480625223246,0.09523727514275689,Increase
BCM_vs_ACM,Theta,25,TP9,BP,Theta Band Power,RAW_TP9_BP_Theta,213161.64496453144,218672.865119707,5511.220155175572,2.5854652022846785,Increase
BCM_vs_ACM,Theta,25,TP9,RP,Theta Relative Power,RAW_TP9_RP_Theta,0.1059252029842409,0.1059609694829471,3.576649870620785e-05,0.033765806152412134,Increase
BCM_vs_ACM,Theta,26,AF7,EN,Entropy,RAW_AF7_EN,5.41254828681525,5.417671151861052,0.005122865045802172,0.09464793244027522,Increase
BCM_vs_ACM,Theta,26,AF7,HJ,Hjorth Activity,RAW_AF7_HJ_Activity,1609530.6560312938,1637585.855087157,28055.19905586331,1.7430670829868207,Increase
BCM_vs_ACM,Theta,26,AF7,HJ,Hjorth Complexity,RAW_AF7_HJ_Complexity,1.3065688791215873,1.3208251634836845,0.014256284362097249,1.0911238274465729,Increase
BCM_vs_ACM,Theta,26,AF7,HJ,Hjorth Mobility,RAW_AF7_HJ_Mobility,0.6764637893122266,0.674962554191226,-0.0015012351210006436,-0.22192394400400609,Decrease
BCM_vs_ACM,Theta,26,AF7,BP,Theta Band Power,RAW_AF7_BP_Theta,161175.05500203572,189792.24432092663,28617.189318890916,17.755346395587996,Increase
BCM_vs_ACM,Theta,26,AF7,RP,Theta Relative Power,RAW_AF7_RP_Theta,0.1015634254549864,0.1175291306134769,0.01596570515849051,15.719935682522463,Increase
BCM_vs_ACM,Theta,26,AF8,EN,Entropy,RAW_AF8_EN,5.4192009109134185,5.413295282990782,-0.005905627922636825,-0.10897599147401636,Decrease
BCM_vs_ACM,Theta,26,AF8,HJ,Hjorth Activity,RAW_AF8_HJ_Activity,1650058.6747832326,1694989.703561304,44931.02877807128,2.722995822192435,Increase
BCM_vs_ACM,Theta,26,AF8,HJ,Hjorth Complexity,RAW_AF8_HJ_Complexity,1.3137469451201726,1.3187476321808391,0.0050006870606664755,0.3806430971536186,Increase
BCM_vs_ACM,Theta,26,AF8,HJ,Hjorth Mobility,RAW_AF8_HJ_Mobility,0.6758556726327377,0.675141547568284,-0.0007141250644536745,-0.10566236156187928,Decrease
BCM_vs_ACM,Theta,26,AF8,BP,Theta Band Power,RAW_AF8_BP_Theta,183827.96830434035,192732.16582800145,8904.197523661103,4.843766487654135,Increase
BCM_vs_ACM,Theta,26,AF8,RP,Theta Relative Power,RAW_AF8_RP_Theta,0.1133831531297813,0.112501405224063,-0.0008817479057182942,-0.7776710043590185,Decrease
BCM_vs_ACM,Theta,26,TP10,EN,Entropy,RAW_TP10_EN,5.442735179221878,5.433374149861897,-0.009361029359981288,-0.17199127004594755,Decrease
BCM_vs_ACM,Theta,26,TP10,HJ,Hjorth Activity,RAW_TP10_HJ_Activity,1683626.436840161,1646305.909287444,-37320.5275527169,-2.2166750732876506,Decrease
BCM_vs_ACM,Theta,26,TP10,HJ,Hjorth Complexity,RAW_TP10_HJ_Complexity,1.3118032978955316,1.3076944822086478,-0.0041088156868838155,-0.313218886815989,Decrease
BCM_vs_ACM,Theta,26,TP10,HJ,Hjorth Mobility,RAW_TP10_HJ_Mobility,0.6866274985118752,0.6807211018473732,-0.005906396664501989,-0.8602039209473692,Decrease
BCM_vs_ACM,Theta,26,TP10,BP,Theta Band Power,RAW_TP10_BP_Theta,169088.21476782818,166855.09016471152,-2233.124603116652,-1.3206861319003889,Decrease
BCM_vs_ACM,Theta,26,TP10,RP,Theta Relative Power,RAW_TP10_RP_Theta,0.1040204876756002,0.101259131762138,-0.0027613559134622018,-2.6546269635591466,Decrease
BCM_vs_ACM,Theta,26,TP9,EN,Entropy,RAW_TP9_EN,5.428215223901505,5.419833687787211,-0.008381536114294263,-0.15440684955505637,Decrease
BCM_vs_ACM,Theta,26,TP9,HJ,Hjorth Activity,RAW_TP9_HJ_Activity,1619235.6045210017,1555359.7273548683,-63875.877166133374,-3.9448167386999238,Decrease
BCM_vs_ACM,Theta,26,TP9,HJ,Hjorth Complexity,RAW_TP9_HJ_Complexity,1.3038746755958113,1.30452247413187,0.0006477985360586747,0.0496825767217743,Increase
BCM_vs_ACM,Theta,26,TP9,HJ,Hjorth Mobility,RAW_TP9_HJ_Mobility,0.6834135133982614,0.6789927746782558,-0.00442073872000559,-0.6468614730814359,Decrease
BCM_vs_ACM,Theta,26,TP9,BP,Theta Band Power,RAW_TP9_BP_Theta,161598.08429507815,157546.97117760932,-4051.1131174688344,-2.5069066475265265,Decrease
BCM_vs_ACM,Theta,26,TP9,RP,Theta Relative Power,RAW_TP9_RP_Theta,0.1018331087604164,0.1029801714733635,0.0011470627129470945,1.1264143134879623,Increase
BCM_vs_ACM,Theta,27,AF7,EN,Entropy,RAW_AF7_EN,5.360328481517209,5.188864947384367,-0.1714635341328421,-3.198750500534817,Decrease
BCM_vs_ACM,Theta,27,AF7,HJ,Hjorth Activity,RAW_AF7_HJ_Activity,2235478.200594729,1866800.071302968,-368678.12929176074,-16.492137082512244,Decrease
BCM_vs_ACM,Theta,27,AF7,HJ,Hjorth Complexity,RAW_AF7_HJ_Complexity,1.304904233442059,1.4254893494714276,0.1205851160293685,9.240916914744822,Increase
BCM_vs_ACM,Theta,27,AF7,HJ,Hjorth Mobility,RAW_AF7_HJ_Mobility,0.704581964062622,0.6469692944639047,-0.05761266959871725,-8.176858412117506,Decrease
BCM_vs_ACM,Theta,27,AF7,BP,Theta Band Power,RAW_AF7_BP_Theta,296481.4992924987,479441.5939189535,182960.0946264548,61.7104591898844,Increase
BCM_vs_ACM,Theta,27,AF7,RP,Theta Relative Power,RAW_AF7_RP_Theta,0.140866661663423,0.2617261996467705,0.12085953798334753,85.79711945763357,Increase
BCM_vs_ACM,Theta,27,AF8,EN,Entropy,RAW_AF8_EN,5.4113195902696,5.406335763910143,-0.004983826359457488,-0.0921000187905957,Decrease
BCM_vs_ACM,Theta,27,AF8,HJ,Hjorth Activity,RAW_AF8_HJ_Activity,1731724.153080434,1569682.0185862738,-162042.1344941603,-9.357271722861618,Decrease
BCM_vs_ACM,Theta,27,AF8,HJ,Hjorth Complexity,RAW_AF8_HJ_Complexity,1.3164107792824429,1.307501943584419,-0.00890883569802381,-0.6767519560178542,Decrease
BCM_vs_ACM,Theta,27,AF8,HJ,Hjorth Mobility,RAW_AF8_HJ_Mobility,0.673104727312746,0.6755898730521683,0.0024851457394223786,0.3692064011114426,Increase
BCM_vs_ACM,Theta,27,AF8,BP,Theta Band Power,RAW_AF8_BP_Theta,175414.61847691852,160542.62539877926,-14871.993078139261,-8.478194809115156,Decrease
BCM_vs_ACM,Theta,27,AF8,RP,Theta Relative Power,RAW_AF8_RP_Theta,0.1064382768642802,0.1037418908382887,-0.0026963860259914957,-2.533286055945519,Decrease
BCM_vs_ACM,Theta,27,TP10,EN,Entropy,RAW_TP10_EN,4.917827877317905,4.6975065723754925,-0.22032130494241287,-4.480053195000638,Decrease
BCM_vs_ACM,Theta,27,TP10,HJ,Hjorth Activity,RAW_TP10_HJ_Activity,1204037.5465365842,1368444.8211107592,164407.274574175,13.654663431974592,Increase
BCM_vs_ACM,Theta,27,TP10,HJ,Hjorth Complexity,RAW_TP10_HJ_Complexity,1.2109332971682916,1.167761621269355,-0.04317167589893667,-3.5651572221105425,Decrease
BCM_vs_ACM,Theta,27,TP10,HJ,Hjorth Mobility,RAW_TP10_HJ_Mobility,0.7653371062557094,0.8116374165716042,0.046300310315894766,6.049662290962437,Increase
BCM_vs_ACM,Theta,27,TP10,BP,Theta Band Power,RAW_TP10_BP_Theta,87229.05361434592,69171.39504905189,-18057.658565294027,-20.701426665855994,Decrease
BCM_vs_ACM,Theta,27,TP10,RP,Theta Relative Power,RAW_TP10_RP_Theta,0.0716308674350783,0.0513788483118553,-0.02025201912322299,-28.27275425859968,Decrease
BCM_vs_ACM,Theta,27,TP9,EN,Entropy,RAW_TP9_EN,4.946609840859288,4.90301690699416,-0.04359293386512775,-0.8812688946083346,Decrease
BCM_vs_ACM,Theta,27,TP9,HJ,Hjorth Activity,RAW_TP9_HJ_Activity,1195182.91687662,1224078.3268374535,28895.40996083361,2.417655871148677,Increase
BCM_vs_ACM,Theta,27,TP9,HJ,Hjorth Complexity,RAW_TP9_HJ_Complexity,1.206033439817085,1.203054383452459,-0.0029790563646261425,-0.2470127499182747,Decrease
BCM_vs_ACM,Theta,27,TP9,HJ,Hjorth Mobility,RAW_TP9_HJ_Mobility,0.7674316730786966,0.7777555764404659,0.010323903361769249,1.3452537501290462,Increase
BCM_vs_ACM,Theta,27,TP9,BP,Theta Band Power,RAW_TP9_BP_Theta,77521.67857735745,83580.19400107977,6058.515423722318,7.815253145836667,Increase
BCM_vs_ACM,Theta,27,TP9,RP,Theta Relative Power,RAW_TP9_RP_Theta,0.0638337807377798,0.0673758354613507,0.0035420547235709005,5.548871902357097,Increase
BCM_vs_ACM,Theta,28,AF7,EN,Entropy,RAW_AF7_EN,5.333955742640658,5.372493910257569,0.03853816761691142,0.722506325068091,Increase
BCM_vs_ACM,Theta,28,AF7,HJ,Hjorth Activity,RAW_AF7_HJ_Activity,2212592.343999329,2329888.074427668,117295.73042833898,5.301280678587332,Increase
BCM_vs_ACM,Theta,28,AF7,HJ,Hjorth Complexity,RAW_AF7_HJ_Complexity,1.3133688057653896,1.3380680098821671,0.024699204116777507,1.8805992656711223,Increase
BCM_vs_ACM,Theta,28,AF7,HJ,Hjorth Mobility,RAW_AF7_HJ_Mobility,0.6831950612819229,0.6712606029063758,-0.011934458375547075,-1.7468595796277686,Decrease
BCM_vs_ACM,Theta,28,AF7,BP,Theta Band Power,RAW_AF7_BP_Theta,301436.935467748,334560.4464681903,33123.51100044232,10.988537602083719,Increase
BCM_vs_ACM,Theta,28,AF7,RP,Theta Relative Power,RAW_AF7_RP_Theta,0.1351811482308251,0.1426068610275291,0.0074257127967039815,5.4931570665640415,Increase
BCM_vs_ACM,Theta,28,AF8,EN,Entropy,RAW_AF8_EN,5.403617459345143,5.401889472163188,-0.00172798718195466,-0.031978340342472586,Decrease
BCM_vs_ACM,Theta,28,AF8,HJ,Hjorth Activity,RAW_AF8_HJ_Activity,2338599.8364385427,2204976.264626394,-133623.57181214867,-5.71382798074784,Decrease
BCM_vs_ACM,Theta,28,AF8,HJ,Hjorth Complexity,RAW_AF8_HJ_Complexity,1.3090369224131777,1.316942733275606,0.007905810862428364,0.6039410139672909,Increase
BCM_vs_ACM,Theta,28,AF8,HJ,Hjorth Mobility,RAW_AF8_HJ_Mobility,0.673649886214978,0.6686284949632573,-0.0050213912517207415,-0.7454007422066563,Decrease
BCM_vs_ACM,Theta,28,AF8,BP,Theta Band Power,RAW_AF8_BP_Theta,235891.9115622506,236317.9257218184,426.01415956779965,0.18059718824033388,Increase
BCM_vs_ACM,Theta,28,AF8,RP,Theta Relative Power,RAW_AF8_RP_Theta,0.1006717165860681,0.1080076728510274,0.007335956264959295,7.287008222103281,Increase
BCM_vs_ACM,Theta,28,TP10,EN,Entropy,RAW_TP10_EN,4.644946928628476,4.807372630115559,0.16242570148708246,3.496825776113706,Increase
BCM_vs_ACM,Theta,28,TP10,HJ,Hjorth Activity,RAW_TP10_HJ_Activity,1986732.681466128,1936808.6950926965,-49923.986373431515,-2.5128688343008303,Decrease
BCM_vs_ACM,Theta,28,TP10,HJ,Hjorth Complexity,RAW_TP10_HJ_Complexity,1.2143377456040156,1.220828226254466,0.006490480650450436,0.5344872687970388,Increase
BCM_vs_ACM,Theta,28,TP10,HJ,Hjorth Mobility,RAW_TP10_HJ_Mobility,0.7801612545591732,0.7703453104503211,-0.009815944108852115,-1.2581942581086742,Decrease
BCM_vs_ACM,Theta,28,TP10,BP,Theta Band Power,RAW_TP10_BP_Theta,159246.62577984232,145420.0674336404,-13826.558346201928,-8.682481200774122,Decrease
BCM_vs_ACM,Theta,28,TP10,RP,Theta Relative Power,RAW_TP10_RP_Theta,0.0835085923058463,0.0777132927568488,-0.005795299548997504,-6.939764387085452,Decrease
BCM_vs_ACM,Theta,28,TP9,EN,Entropy,RAW_TP9_EN,4.733023085411572,4.769586631751175,0.036563546339603015,0.772519923942512,Increase
BCM_vs_ACM,Theta,28,TP9,HJ,Hjorth Activity,RAW_TP9_HJ_Activity,2095838.507752329,2425783.139173948,329944.6314216191,15.742846130614637,Increase
BCM_vs_ACM,Theta,28,TP9,HJ,Hjorth Complexity,RAW_TP9_HJ_Complexity,1.212686942979571,1.2023410617987869,-0.010345881180784167,-0.8531370145178889,Decrease
BCM_vs_ACM,Theta,28,TP9,HJ,Hjorth Mobility,RAW_TP9_HJ_Mobility,0.7806719534376295,0.7787755946251719,-0.0018963588124576436,-0.24291365971419518,Decrease
BCM_vs_ACM,Theta,28,TP9,BP,Theta Band Power,RAW_TP9_BP_Theta,184807.5259401914,155841.49572914065,-28966.030211050762,-15.673620467396404,Decrease
BCM_vs_ACM,Theta,28,TP9,RP,Theta Relative Power,RAW_TP9_RP_Theta,0.0932452445292866,0.065062962216222,-0.028182282313064605,-30.22382798750994,Decrease
BCM_vs_ACM,Delta,1,AF7,BP,Delta Band Power,RAW_AF7_BP_Delta,121455.03337415832,138954.17702313676,17499.14364897844,14.40791967432919,Increase
BCM_vs_ACM,Delta,1,AF7,RP,Delta Relative Power,RAW_AF7_RP_Delta,0.0644338547312516,0.0615872756553775,-0.0028465790758741005,-4.417831414474505,Decrease
BCM_vs_ACM,Delta,1,AF7,EN,Entropy,RAW_AF7_EN,5.415521477463908,5.403649980913499,-0.011871496550409866,-0.21921243595490816,Decrease
BCM_vs_ACM,Delta,1,AF7,HJ,Hjorth Activity,RAW_AF7_HJ_Activity,1888857.025894148,2287055.8419164885,398198.81602234044,21.081469405226205,Increase
BCM_vs_ACM,Delta,1,AF7,HJ,Hjorth Complexity,RAW_AF7_HJ_Complexity,1.3282326656750945,1.3219383948186103,-0.006294270856484152,-0.4738831545966379,Decrease
BCM_vs_ACM,Delta,1,AF7,HJ,Hjorth Mobility,RAW_AF7_HJ_Mobility,0.6616705584490894,0.6666853068092901,0.00501474836020066,0.7578920198527328,Increase
BCM_vs_ACM,Delta,1,AF8,BP,Delta Band Power,RAW_AF8_BP_Delta,116874.83891851436,145703.00513434855,28828.166215834193,24.665844661341794,Increase
BCM_vs_ACM,Delta,1,AF8,RP,Delta Relative Power,RAW_AF8_RP_Delta,0.0662695771686978,0.0758314614949549,0.009561884326257097,14.428769180035781,Increase
BCM_vs_ACM,Delta,1,AF8,EN,Entropy,RAW_AF8_EN,5.418397892834423,5.386356947858209,-0.032040944976214014,-0.5913361404961909,Decrease
BCM_vs_ACM,Delta,1,AF8,HJ,Hjorth Activity,RAW_AF8_HJ_Activity,1760650.294298326,1961704.5336648764,201054.23936655046,11.419317056751286,Increase
BCM_vs_ACM,Delta,1,AF8,HJ,Hjorth Complexity,RAW_AF8_HJ_Complexity,1.3306058343729537,1.3469218652650383,0.016316030892084665,1.2262106831790327,Increase
BCM_vs_ACM,Delta,1,AF8,HJ,Hjorth Mobility,RAW_AF8_HJ_Mobility,0.6611346251779511,0.6481726748759531,-0.012961950301997982,-1.9605614058572627,Decrease
BCM_vs_ACM,Delta,1,TP10,BP,Delta Band Power,RAW_TP10_BP_Delta,101668.55119283024,133079.09274298415,31410.54155015391,30.895041959021256,Increase
BCM_vs_ACM,Delta,1,TP10,RP,Delta Relative Power,RAW_TP10_RP_Delta,0.0597020159362196,0.0644268244337708,0.004724808497551206,7.913984852033769,Increase
BCM_vs_ACM,Delta,1,TP10,EN,Entropy,RAW_TP10_EN,5.402517869750897,5.408569930317584,0.006052060566687167,0.11202296248890004,Increase
BCM_vs_ACM,Delta,1,TP10,HJ,Hjorth Activity,RAW_TP10_HJ_Activity,1721781.1490409155,2105283.514364718,383502.36532380246,22.27358369775537,Increase
BCM_vs_ACM,Delta,1,TP10,HJ,Hjorth Complexity,RAW_TP10_HJ_Complexity,1.316488932243307,1.3386085273068622,0.022119595063555098,1.6801960519229844,Increase
BCM_vs_ACM,Delta,1,TP10,HJ,Hjorth Mobility,RAW_TP10_HJ_Mobility,0.6660315338308899,0.6563683960206742,-0.00966313781021566,-1.450852898005457,Decrease
BCM_vs_ACM,Delta,1,TP9,BP,Delta Band Power,RAW_TP9_BP_Delta,119056.0218419841,136683.5114289491,17627.489586965006,14.806046190893992,Increase
BCM_vs_ACM,Delta,1,TP9,RP,Delta Relative Power,RAW_TP9_RP_Delta,0.0700818063532932,0.0635525819280888,-0.0065292244252044,-9.316575535010575,Decrease
BCM_vs_ACM,Delta,1,TP9,EN,Entropy,RAW_TP9_EN,5.4071337018069405,5.40744848152453,0.0003147797175895306,0.005821563418791335,Increase
BCM_vs_ACM,Delta,1,TP9,HJ,Hjorth Activity,RAW_TP9_HJ_Activity,1743112.4315943588,2165324.975701208,422212.54410684947,24.221761973246196,Increase
BCM_vs_ACM,Delta,1,TP9,HJ,Hjorth Complexity,RAW_TP9_HJ_Complexity,1.3388377742241586,1.327530712101502,-0.01130706212265653,-0.8445431059942153,Decrease
BCM_vs_ACM,Delta,1,TP9,HJ,Hjorth Mobility,RAW_TP9_HJ_Mobility,0.6579397581297732,0.6634635502315851,0.005523792101811864,0.8395589464776411,Increase
BCM_vs_ACM,Delta,2,AF7,BP,Delta Band Power,RAW_AF7_BP_Delta,117332.35455163676,117440.5487760422,108.19422440543713,0.0922117559294542,Increase
BCM_vs_ACM,Delta,2,AF7,RP,Delta Relative Power,RAW_AF7_RP_Delta,0.0667267867722177,0.0604904590207247,-0.006236327751493,-9.346063332528926,Decrease
BCM_vs_ACM,Delta,2,AF7,EN,Entropy,RAW_AF7_EN,5.4119834186794815,5.408856558728593,-0.003126859950888239,-0.05777659887308356,Decrease
BCM_vs_ACM,Delta,2,AF7,HJ,Hjorth Activity,RAW_AF7_HJ_Activity,1867226.3669121696,1988354.2196891163,121127.85277694673,6.487047040646482,Increase
BCM_vs_ACM,Delta,2,AF7,HJ,Hjorth Complexity,RAW_AF7_HJ_Complexity,1.319795318758389,1.322202452431206,0.0024071336728168635,0.18238689277072137,Increase
BCM_vs_ACM,Delta,2,AF7,HJ,Hjorth Mobility,RAW_AF7_HJ_Mobility,0.6692970455042596,0.6677769905434416,-0.0015200549608179736,-0.22711215760301745,Decrease
BCM_vs_ACM,Delta,2,AF8,BP,Delta Band Power,RAW_AF8_BP_Delta,132497.0586632912,128701.61736308744,-3795.4413002037472,-2.864547589580031,Decrease
BCM_vs_ACM,Delta,2,AF8,RP,Delta Relative Power,RAW_AF8_RP_Delta,0.0693548489634347,0.0618023153712802,-0.007552533592154506,-10.889697988004206,Decrease
BCM_vs_ACM,Delta,2,AF8,EN,Entropy,RAW_AF8_EN,5.398614739287038,5.405534740937624,0.0069200016505863715,0.12818106097158274,Increase
BCM_vs_ACM,Delta,2,AF8,HJ,Hjorth Activity,RAW_AF8_HJ_Activity,2011122.6005771067,2066398.893309006,55276.2927318993,2.7485292401386845,Increase
BCM_vs_ACM,Delta,2,AF8,HJ,Hjorth Complexity,RAW_AF8_HJ_Complexity,1.3385115276272843,1.3246842267708203,-0.013827300856463998,-1.0330356198706032,Decrease
BCM_vs_ACM,Delta,2,AF8,HJ,Hjorth Mobility,RAW_AF8_HJ_Mobility,0.6566344077551899,0.6662682846946467,0.009633876939456831,1.4671599333930407,Increase
BCM_vs_ACM,Delta,2,TP10,BP,Delta Band Power,RAW_TP10_BP_Delta,150594.86646683916,148491.85673049153,-2103.0097363476234,-1.3964684093735054,Decrease
BCM_vs_ACM,Delta,2,TP10,RP,Delta Relative Power,RAW_TP10_RP_Delta,0.0720284737234444,0.0751286151582601,0.003100141434815698,4.304049877162175,Increase
BCM_vs_ACM,Delta,2,TP10,EN,Entropy,RAW_TP10_EN,5.410969033941904,5.41828632999708,0.007317296055175504,0.1352307878547373,Increase
BCM_vs_ACM,Delta,2,TP10,HJ,Hjorth Activity,RAW_TP10_HJ_Activity,2148320.0167218493,2008452.9491912443,-139867.067530605,-6.510532250406068,Decrease
BCM_vs_ACM,Delta,2,TP10,HJ,Hjorth Complexity,RAW_TP10_HJ_Complexity,1.343595014429876,1.3425839151260683,-0.0010110993038077165,-0.07525327892324411,Decrease
BCM_vs_ACM,Delta,2,TP10,HJ,Hjorth Mobility,RAW_TP10_HJ_Mobility,0.6562053759978095,0.6544668691447602,-0.0017385068530493264,-0.2649333450531087,Decrease
BCM_vs_ACM,Delta,2,TP9,BP,Delta Band Power,RAW_TP9_BP_Delta,139284.70807333657,129369.81146166127,-9914.8966116753,-7.118438735180376,Decrease
BCM_vs_ACM,Delta,2,TP9,RP,Delta Relative Power,RAW_TP9_RP_Delta,0.0752498257233048,0.0760606440808214,0.0008108183575166045,1.0775019738889506,Increase
BCM_vs_ACM,Delta,2,TP9,EN,Entropy,RAW_TP9_EN,5.408965353979412,5.405230938189986,-0.0037344157894265706,-0.06904122221228753,Decrease
BCM_vs_ACM,Delta,2,TP9,HJ,Hjorth Activity,RAW_TP9_HJ_Activity,1923825.114433187,1734524.070965334,-189301.043467853,-9.839825982499786,Decrease
BCM_vs_ACM,Delta,2,TP9,HJ,Hjorth Complexity,RAW_TP9_HJ_Complexity,1.3453278039078678,1.348965016319165,0.0036372124112973303,0.2703588226402565,Increase
BCM_vs_ACM,Delta,2,TP9,HJ,Hjorth Mobility,RAW_TP9_HJ_Mobility,0.6551247999362333,0.6517093823919121,-0.0034154175443211754,-0.5213384601916483,Decrease
BCM_vs_ACM,Delta,9,AF7,BP,Delta Band Power,RAW_AF7_BP_Delta,124125.60199443655,85884.26161432872,-38241.34038010784,-30.80858401945302,Decrease
BCM_vs_ACM,Delta,9,AF7,RP,Delta Relative Power,RAW_AF7_RP_Delta,0.0617543082429125,0.0530013495466087,-0.008752958696303804,-14.173843000351924,Decrease
BCM_vs_ACM,Delta,9,AF7,EN,Entropy,RAW_AF7_EN,5.4071387915306985,5.404022063593096,-0.003116727937602981,-0.05764098274090486,Decrease
BCM_vs_ACM,Delta,9,AF7,HJ,Hjorth Activity,RAW_AF7_HJ_Activity,1946134.03390906,1622607.9068947118,-323526.1270143483,-16.6240413752235,Decrease
BCM_vs_ACM,Delta,9,AF7,HJ,Hjorth Complexity,RAW_AF7_HJ_Complexity,1.3221644563585857,1.3067445068361954,-0.015419949522390342,-1.1662656221192713,Decrease
BCM_vs_ACM,Delta,9,AF7,HJ,Hjorth Mobility,RAW_AF7_HJ_Mobility,0.6642478679397165,0.6762030114757714,0.01195514353605498,1.799801567016842,Increase
BCM_vs_ACM,Delta,9,AF8,BP,Delta Band Power,RAW_AF8_BP_Delta,117313.43284259492,98060.73862975428,-19252.694212840637,-16.41132967157555,Decrease
BCM_vs_ACM,Delta,9,AF8,RP,Delta Relative Power,RAW_AF8_RP_Delta,0.0574038089901366,0.0569589362273604,-0.0004448727627761953,-0.7749882291829023,Decrease
BCM_vs_ACM,Delta,9,AF8,EN,Entropy,RAW_AF8_EN,5.402163873319425,5.408998618050714,0.006834744731289533,0.1265186486667951,Increase
BCM_vs_ACM,Delta,9,AF8,HJ,Hjorth Activity,RAW_AF8_HJ_Activity,2064720.8615673005,1756291.1424345723,-308429.7191327282,-14.938083150794704,Decrease
BCM_vs_ACM,Delta,9,AF8,HJ,Hjorth Complexity,RAW_AF8_HJ_Complexity,1.3191598760040824,1.308252635652518,-0.010907240351564429,-0.8268323309380791,Decrease
BCM_vs_ACM,Delta,9,AF8,HJ,Hjorth Mobility,RAW_AF8_HJ_Mobility,0.6671399929706834,0.6744665200222757,0.007326527051592313,1.0981993477813086,Increase
BCM_vs_ACM,Delta,9,TP10,BP,Delta Band Power,RAW_TP10_BP_Delta,129763.2082124642,99429.82736681876,-30333.380845645443,-23.375948593980446,Decrease
BCM_vs_ACM,Delta,9,TP10,RP,Delta Relative Power,RAW_TP10_RP_Delta,0.0643661514437079,0.0610204101867147,-0.003345741256993197,-5.197982451878066,Decrease
BCM_vs_ACM,Delta,9,TP10,EN,Entropy,RAW_TP10_EN,5.401804718533586,5.410811539963174,0.00900682142958864,0.16673726465316763,Increase
BCM_vs_ACM,Delta,9,TP10,HJ,Hjorth Activity,RAW_TP10_HJ_Activity,2039021.703725758,1631243.8874710468,-407777.81625471124,-19.998699156051558,Decrease
BCM_vs_ACM,Delta,9,TP10,HJ,Hjorth Complexity,RAW_TP10_HJ_Complexity,1.3319049774146134,1.305317550210008,-0.026587427204605385,-1.9961954985869002,Decrease
BCM_vs_ACM,Delta,9,TP10,HJ,Hjorth Mobility,RAW_TP10_HJ_Mobility,0.6594870891850861,0.671367093009396,0.01188000382430987,1.801400515511188,Increase
BCM_vs_ACM,Delta,9,TP9,BP,Delta Band Power,RAW_TP9_BP_Delta,134293.06714349036,115846.69137561633,-18446.375767874037,-13.735910691625152,Decrease
BCM_vs_ACM,Delta,9,TP9,RP,Delta Relative Power,RAW_TP9_RP_Delta,0.0630314373983425,0.0614431793069648,-0.0015882580913776922,-2.5197871997433743,Decrease
BCM_vs_ACM,Delta,9,TP9,EN,Entropy,RAW_TP9_EN,5.406201707465828,5.406270372258356,6.866479252742863e-05,0.0012701115541546347,Increase
BCM_vs_ACM,Delta,9,TP9,HJ,Hjorth Activity,RAW_TP9_HJ_Activity,2210505.941549495,1922064.87236798,-288441.0691815149,-13.048644826501885,Decrease
BCM_vs_ACM,Delta,9,TP9,HJ,Hjorth Complexity,RAW_TP9_HJ_Complexity,1.3241729468089578,1.31791086499571,-0.006262081813247722,-0.47290513133789086,Decrease
BCM_vs_ACM,Delta,9,TP9,HJ,Hjorth Mobility,RAW_TP9_HJ_Mobility,0.6636531743624009,0.6685097271696437,0.004856552807242842,0.7317907899572293,Increase
BCM_vs_ACM,Delta,14,AF7,BP,Delta Band Power,RAW_AF7_BP_Delta,101241.509173388,99061.12352177176,-2180.385651616234,-2.1536479151867116,Decrease
BCM_vs_ACM,Delta,14,AF7,RP,Delta Relative Power,RAW_AF7_RP_Delta,0.0556116292181654,0.0568713139353576,0.0012596847171921985,2.265146220137578,Increase
BCM_vs_ACM,Delta,14,AF7,EN,Entropy,RAW_AF7_EN,5.407423366123863,5.40746778969903,4.442357516687423e-05,0.0008215294449696073,Increase
BCM_vs_ACM,Delta,14,AF7,HJ,Hjorth Activity,RAW_AF7_HJ_Activity,1834475.4342915807,1787410.0245287656,-47065.40976281511,-2.5656058883661395,Decrease
BCM_vs_ACM,Delta,14,AF7,HJ,Hjorth Complexity,RAW_AF7_HJ_Complexity,1.3062192949510565,1.3096437727929655,0.003424477841909024,0.26216714568110383,Increase
BCM_vs_ACM,Delta,14,AF7,HJ,Hjorth Mobility,RAW_AF7_HJ_Mobility,0.6764427179440047,0.674487230013192,-0.0019554879308126827,-0.2890840390382554,Decrease
BCM_vs_ACM,Delta,14,AF8,BP,Delta Band Power,RAW_AF8_BP_Delta,100034.691874425,102962.89944403643,2928.2075696114334,2.927192071813701,Increase
BCM_vs_ACM,Delta,14,AF8,RP,Delta Relative Power,RAW_AF8_RP_Delta,0.0568074466554814,0.0603686315329482,0.0035611848774667956,6.268869817480476,Increase
BCM_vs_ACM,Delta,14,AF8,EN,Entropy,RAW_AF8_EN,5.4087497838818495,5.402170583083195,-0.006579200798654483,-0.1216399549163948,Decrease
BCM_vs_ACM,Delta,14,AF8,HJ,Hjorth Activity,RAW_AF8_HJ_Activity,1787825.349666122,1736566.0720054563,-51259.2776606658,-2.8671300398687443,Decrease
BCM_vs_ACM,Delta,14,AF8,HJ,Hjorth Complexity,RAW_AF8_HJ_Complexity,1.306939320782014,1.3093339458499933,0.0023946250679793835,0.1832238903445454,Increase
BCM_vs_ACM,Delta,14,AF8,HJ,Hjorth Mobility,RAW_AF8_HJ_Mobility,0.678124530355217,0.6731473301790123,-0.004977200176204732,-0.7339655112605293,Decrease
BCM_vs_ACM,Delta,14,TP10,BP,Delta Band Power,RAW_TP10_BP_Delta,98700.23271443987,114665.35407162896,15965.121357189084,16.175363439496106,Increase
BCM_vs_ACM,Delta,14,TP10,RP,Delta Relative Power,RAW_TP10_RP_Delta,0.0617870448959489,0.0660350820970083,0.004248037201059401,6.875287866919698,Increase
BCM_vs_ACM,Delta,14,TP10,EN,Entropy,RAW_TP10_EN,5.409726383039741,5.414728509986715,0.005002126946973995,0.09246543342111296,Increase
BCM_vs_ACM,Delta,14,TP10,HJ,Hjorth Activity,RAW_TP10_HJ_Activity,1643903.2103664284,1712478.4610500247,68575.25068359636,4.171489553105188,Increase
BCM_vs_ACM,Delta,14,TP10,HJ,Hjorth Complexity,RAW_TP10_HJ_Complexity,1.3160395528867728,1.3259448709171706,0.009905318030397847,0.7526611193919082,Increase
BCM_vs_ACM,Delta,14,TP10,HJ,Hjorth Mobility,RAW_TP10_HJ_Mobility,0.670533633332011,0.665490705619707,-0.005042927712303968,-0.7520767731283944,Decrease
BCM_vs_ACM,Delta,14,TP9,BP,Delta Band Power,RAW_TP9_BP_Delta,130988.4725669208,117393.71111597304,-13594.761450947757,-10.378593768243476,Decrease
BCM_vs_ACM,Delta,14,TP9,RP,Delta Relative Power,RAW_TP9_RP_Delta,0.0673948025226651,0.0667549854349238,-0.0006398170877413012,-0.9493567215752707,Decrease
BCM_vs_ACM,Delta,14,TP9,EN,Entropy,RAW_TP9_EN,5.408502870308953,5.406748330655828,-0.001754539653124887,-0.03244039423103165,Decrease
BCM_vs_ACM,Delta,14,TP9,HJ,Hjorth Activity,RAW_TP9_HJ_Activity,1972352.40596704,1812362.4753310247,-159989.93063601526,-8.111630059212088,Decrease
BCM_vs_ACM,Delta,14,TP9,HJ,Hjorth Complexity,RAW_TP9_HJ_Complexity,1.3293659873089798,1.3206870176163374,-0.008678969692642369,-0.6528653339635315,Decrease
BCM_vs_ACM,Delta,14,TP9,HJ,Hjorth Mobility,RAW_TP9_HJ_Mobility,0.662644578317564,0.6680478222782341,0.0054032439606701566,0.8154060468417084,Increase
BCM_vs_ACM,Delta,16,AF7,BP,Delta Band Power,RAW_AF7_BP_Delta,161971.56737249903,121650.42357236092,-40321.14380013812,-24.89396407914504,Decrease
BCM_vs_ACM,Delta,16,AF7,RP,Delta Relative Power,RAW_AF7_RP_Delta,0.0685642952689527,0.0612991236614759,-0.007265171607476806,-10.596144216137844,Decrease
BCM_vs_ACM,Delta,16,AF7,EN,Entropy,RAW_AF7_EN,5.408280770167084,5.408253572985302,-2.7197181782234736e-05,-0.0005028803595452849,Decrease
BCM_vs_ACM,Delta,16,AF7,HJ,Hjorth Activity,RAW_AF7_HJ_Activity,2442847.796990736,1978991.109588776,-463856.6874019599,-18.98835809473557,Decrease
BCM_vs_ACM,Delta,16,AF7,HJ,Hjorth Complexity,RAW_AF7_HJ_Complexity,1.3295220161393468,1.3182415850620348,-0.011280431077312025,-0.8484576366826954,Decrease
BCM_vs_ACM,Delta,16,AF7,HJ,Hjorth Mobility,RAW_AF7_HJ_Mobility,0.6579866996606233,0.669502049829859,0.01151535016923566,1.7500885922428302,Increase
BCM_vs_ACM,Delta,16,AF8,BP,Delta Band Power,RAW_AF8_BP_Delta,136295.4840623021,98682.005030909,-37613.4790313931,-27.597010488036112,Decrease
BCM_vs_ACM,Delta,16,AF8,RP,Delta Relative Power,RAW_AF8_RP_Delta,0.0725808962685575,0.058409094442004,-0.014171801826553504,-19.525526075230925,Decrease
BCM_vs_ACM,Delta,16,AF8,EN,Entropy,RAW_AF8_EN,5.415605795807663,5.402600676132455,-0.013005119675207233,-0.2401415495432621,Decrease
BCM_vs_ACM,Delta,16,AF8,HJ,Hjorth Activity,RAW_AF8_HJ_Activity,1900681.1761997144,1756122.3303054278,-144558.84589428664,-7.605633585708595,Decrease
BCM_vs_ACM,Delta,16,AF8,HJ,Hjorth Complexity,RAW_AF8_HJ_Complexity,1.3376017794408612,1.309513824251014,-0.02808795518984719,-2.0998742392215117,Decrease
BCM_vs_ACM,Delta,16,AF8,HJ,Hjorth Mobility,RAW_AF8_HJ_Mobility,0.6615524556842727,0.6694897251957141,0.00793726951144147,1.199794429488075,Increase
BCM_vs_ACM,Delta,16,TP10,BP,Delta Band Power,RAW_TP10_BP_Delta,160233.97299001424,109314.78962813682,-50919.183361877425,-31.778019612014923,Decrease
BCM_vs_ACM,Delta,16,TP10,RP,Delta Relative Power,RAW_TP10_RP_Delta,0.0802174015273676,0.062170535456118,-0.018046866071249605,-22.49744535179514,Decrease
BCM_vs_ACM,Delta,16,TP10,EN,Entropy,RAW_TP10_EN,5.412173046734057,5.401326090064533,-0.010846956669523955,-0.200417772600037,Decrease
BCM_vs_ACM,Delta,16,TP10,HJ,Hjorth Activity,RAW_TP10_HJ_Activity,2050382.2717192683,1818742.9613372888,-231639.31038197945,-11.297371888986698,Decrease
BCM_vs_ACM,Delta,16,TP10,HJ,Hjorth Complexity,RAW_TP10_HJ_Complexity,1.350477572950621,1.3242127690120935,-0.026264803938527592,-1.9448530256701968,Decrease
BCM_vs_ACM,Delta,16,TP10,HJ,Hjorth Mobility,RAW_TP10_HJ_Mobility,0.6492808943399573,0.6605699178370444,0.011289023497087158,1.7386963940411795,Increase
BCM_vs_ACM,Delta,16,TP9,BP,Delta Band Power,RAW_TP9_BP_Delta,142742.9981429419,101925.58987999451,-40817.4082629474,-28.595033587618158,Decrease
BCM_vs_ACM,Delta,16,TP9,RP,Delta Relative Power,RAW_TP9_RP_Delta,0.0747101939656514,0.0598134757705484,-0.014896718195103,-19.939338133631246,Decrease
BCM_vs_ACM,Delta,16,TP9,EN,Entropy,RAW_TP9_EN,5.397441073760335,5.409504762427595,0.012063688667259598,0.22350755668102115,Increase
BCM_vs_ACM,Delta,16,TP9,HJ,Hjorth Activity,RAW_TP9_HJ_Activity,1988748.8144064527,1752578.291113219,-236170.5232932337,-11.87533194651932,Decrease
BCM_vs_ACM,Delta,16,TP9,HJ,Hjorth Complexity,RAW_TP9_HJ_Complexity,1.3389205975402632,1.3226843836446236,-0.016236213895639562,-1.2126345599184285,Decrease
BCM_vs_ACM,Delta,16,TP9,HJ,Hjorth Mobility,RAW_TP9_HJ_Mobility,0.655664440963715,0.6656458372381333,0.009981396274418297,1.5223330183572783,Increase
BCM_vs_ACM,Delta,22,AF7,BP,Delta Band Power,RAW_AF7_BP_Delta,93474.1905751992,108466.09389843796,14991.90332323876,16.038548428165207,Increase
BCM_vs_ACM,Delta,22,AF7,RP,Delta Relative Power,RAW_AF7_RP_Delta,0.0534605966538492,0.057420850176724,0.003960253522874796,7.407798959889937,Increase
BCM_vs_ACM,Delta,22,AF7,EN,Entropy,RAW_AF7_EN,5.397841435841048,5.402350817772242,0.004509381931193879,0.08354046677347912,Increase
BCM_vs_ACM,Delta,22,AF7,HJ,Hjorth Activity,RAW_AF7_HJ_Activity,1774807.125842812,1855673.557198056,80866.43135524401,4.5563503874733735,Increase
BCM_vs_ACM,Delta,22,AF7,HJ,Hjorth Complexity,RAW_AF7_HJ_Complexity,1.305842770171415,1.321043470220376,0.015200700048960902,1.16405285507424,Increase
BCM_vs_ACM,Delta,22,AF7,HJ,Hjorth Mobility,RAW_AF7_HJ_Mobility,0.6731248594124947,0.6668849916422241,-0.006239867770270524,-0.927000048061915,Decrease
BCM_vs_ACM,Delta,22,AF8,BP,Delta Band Power,RAW_AF8_BP_Delta,116000.35178589754,110837.9000032297,-5162.451782667835,-4.450375971442051,Decrease
BCM_vs_ACM,Delta,22,AF8,RP,Delta Relative Power,RAW_AF8_RP_Delta,0.056494249801097,0.0567722709021491,0.00027802110105210054,0.4921228302543137,Increase
BCM_vs_ACM,Delta,22,AF8,EN,Entropy,RAW_AF8_EN,5.4053285817415935,5.400305713679187,-0.0050228680624062605,-0.09292437983090929,Decrease
BCM_vs_ACM,Delta,22,AF8,HJ,Hjorth Activity,RAW_AF8_HJ_Activity,2020381.148836136,1975561.129522391,-44820.0193137452,-2.21839425395373,Decrease
BCM_vs_ACM,Delta,22,AF8,HJ,Hjorth Complexity,RAW_AF8_HJ_Complexity,1.315931022130051,1.317697814511417,0.0017667923813660114,0.13426177752889867,Increase
BCM_vs_ACM,Delta,22,AF8,HJ,Hjorth Mobility,RAW_AF8_HJ_Mobility,0.6721525309492588,0.6681524259113861,-0.0040001050378726255,-0.5951186454990223,Decrease
BCM_vs_ACM,Delta,22,TP10,BP,Delta Band Power,RAW_TP10_BP_Delta,96957.33773768744,110893.2343659885,13935.896628301052,14.373225331334725,Increase
BCM_vs_ACM,Delta,22,TP10,RP,Delta Relative Power,RAW_TP10_RP_Delta,0.0575157428810397,0.0582904319413959,0.0007746890603562012,1.3469165511058376,Increase
BCM_vs_ACM,Delta,22,TP10,EN,Entropy,RAW_TP10_EN,5.405457649718593,5.408393449039108,0.0029357993205154642,0.054311762495601115,Increase
BCM_vs_ACM,Delta,22,TP10,HJ,Hjorth Activity,RAW_TP10_HJ_Activity,1738863.137738412,1904981.483468272,166118.34572986,9.553273177434521,Increase
BCM_vs_ACM,Delta,22,TP10,HJ,Hjorth Complexity,RAW_TP10_HJ_Complexity,1.317886063662882,1.316898015366885,-0.0009880482959969683,-0.07497220914916004,Decrease
BCM_vs_ACM,Delta,22,TP10,HJ,Hjorth Mobility,RAW_TP10_HJ_Mobility,0.6701668682617878,0.6720277145455087,0.0018608462837208517,0.27766909583986593,Increase
BCM_vs_ACM,Delta,22,TP9,BP,Delta Band Power,RAW_TP9_BP_Delta,95975.63831070968,89849.80962862298,-6125.828682086692,-6.382691264063338,Decrease
BCM_vs_ACM,Delta,22,TP9,RP,Delta Relative Power,RAW_TP9_RP_Delta,0.0589542857740417,0.0555312081633068,-0.0034230776107349037,-5.8063253006825954,Decrease
BCM_vs_ACM,Delta,22,TP9,EN,Entropy,RAW_TP9_EN,5.408341390116823,5.40610769232358,-0.002233697793243117,-0.041300976253550954,Decrease
BCM_vs_ACM,Delta,22,TP9,HJ,Hjorth Activity,RAW_TP9_HJ_Activity,1702855.6019522983,1637880.1795871535,-64975.42236514483,-3.8156742292565196,Decrease
BCM_vs_ACM,Delta,22,TP9,HJ,Hjorth Complexity,RAW_TP9_HJ_Complexity,1.3146606875161235,1.3092792567601683,-0.005381430755955208,-0.4093399009384471,Decrease
BCM_vs_ACM,Delta,22,TP9,HJ,Hjorth Mobility,RAW_TP9_HJ_Mobility,0.6704364880079637,0.6728683263981227,0.0024318383901589247,0.36272464784614145,Increase
BCM_vs_ACM,Delta,25,AF7,BP,Delta Band Power,RAW_AF7_BP_Delta,85134.13785908697,83990.98351996476,-1143.1543391222076,-1.3427684450324067,Decrease
BCM_vs_ACM,Delta,25,AF7,RP,Delta Relative Power,RAW_AF7_RP_Delta,0.0531444421230899,0.0524251769710413,-0.0007192651520485996,-1.3534155657945974,Decrease
BCM_vs_ACM,Delta,25,AF7,EN,Entropy,RAW_AF7_EN,5.415325037729471,5.406020567810018,-0.009304469919452885,-0.17181738593024598,Decrease
BCM_vs_ACM,Delta,25,AF7,HJ,Hjorth Activity,RAW_AF7_HJ_Activity,1641770.582196534,1674001.7394620045,32231.157265470596,1.9631949564078772,Increase
BCM_vs_ACM,Delta,25,AF7,HJ,Hjorth Complexity,RAW_AF7_HJ_Complexity,1.305229576089491,1.304996918920906,-0.00023265716858489327,-0.017824999743105842,Decrease
BCM_vs_ACM,Delta,25,AF7,HJ,Hjorth Mobility,RAW_AF7_HJ_Mobility,0.6796464498028739,0.678296116676766,-0.0013503331261078833,-0.19868170083129788,Decrease
BCM_vs_ACM,Delta,25,AF8,BP,Delta Band Power,RAW_AF8_BP_Delta,66041.56996296627,84169.98460471616,18128.414641749885,27.450005582719562,Increase
BCM_vs_ACM,Delta,25,AF8,RP,Delta Relative Power,RAW_AF8_RP_Delta,0.0537962105510223,0.0522356692972136,-0.0015605412538087018,-2.9008386238072053,Decrease
BCM_vs_ACM,Delta,25,AF8,EN,Entropy,RAW_AF8_EN,5.419577827055941,5.410205355070173,-0.009372471985768627,-0.1729373077544677,Decrease
BCM_vs_ACM,Delta,25,AF8,HJ,Hjorth Activity,RAW_AF8_HJ_Activity,1214239.4191381135,1643173.1678564502,428933.7487183367,35.32530256864834,Increase
BCM_vs_ACM,Delta,25,AF8,HJ,Hjorth Complexity,RAW_AF8_HJ_Complexity,1.3130575111395395,1.3040176136183526,-0.009039897521186946,-0.6884616587236649,Decrease
BCM_vs_ACM,Delta,25,AF8,HJ,Hjorth Mobility,RAW_AF8_HJ_Mobility,0.6789324585368764,0.6769460199931938,-0.0019864385436826337,-0.2925826448132233,Decrease
BCM_vs_ACM,Delta,25,TP10,BP,Delta Band Power,RAW_TP10_BP_Delta,93272.63488308944,88265.27594459495,-5007.3589384944935,-5.368518799507335,Decrease
BCM_vs_ACM,Delta,25,TP10,RP,Delta Relative Power,RAW_TP10_RP_Delta,0.0445972435769241,0.0524061705878995,0.007808927010975401,17.50988712453961,Increase
BCM_vs_ACM,Delta,25,TP10,EN,Entropy,RAW_TP10_EN,5.362977887931235,5.449818655812803,0.0868407678815677,1.6192639555160735,Increase
BCM_vs_ACM,Delta,25,TP10,HJ,Hjorth Activity,RAW_TP10_HJ_Activity,2106875.3424996417,1691212.0914788805,-415663.2510207612,-19.728896277632142,Decrease
BCM_vs_ACM,Delta,25,TP10,HJ,Hjorth Complexity,RAW_TP10_HJ_Complexity,1.3336772190420805,1.3054112438946297,-0.028265975147450773,-2.1194015121404663,Decrease
BCM_vs_ACM,Delta,25,TP10,HJ,Hjorth Mobility,RAW_TP10_HJ_Mobility,0.6750449165894022,0.6923738960601168,0.017328979470714545,2.567085396075198,Increase
BCM_vs_ACM,Delta,25,TP9,BP,Delta Band Power,RAW_TP9_BP_Delta,116542.95266588728,113937.11603825112,-2605.836627636163,-2.235945261406531,Decrease
BCM_vs_ACM,Delta,25,TP9,RP,Delta Relative Power,RAW_TP9_RP_Delta,0.0581772010902738,0.0550462616043231,-0.0031309394859507025,-5.3817293153935175,Decrease
BCM_vs_ACM,Delta,25,TP9,EN,Entropy,RAW_TP9_EN,5.40594473298547,5.412959422891655,0.007014689906184479,0.12975881650034127,Increase
BCM_vs_ACM,Delta,25,TP9,HJ,Hjorth Activity,RAW_TP9_HJ_Activity,2063535.497638582,2109660.7344551533,46125.23681657133,2.2352528885185152,Increase
BCM_vs_ACM,Delta,25,TP9,HJ,Hjorth Complexity,RAW_TP9_HJ_Complexity,1.3261675075888968,1.321378103154624,-0.0047894044342728925,-0.36114626597815697,Decrease
BCM_vs_ACM,Delta,25,TP9,HJ,Hjorth Mobility,RAW_TP9_HJ_Mobility,0.6659662002840925,0.6666004483466148,0.0006342480625223246,0.09523727514275689,Increase
BCM_vs_ACM,Delta,26,AF7,BP,Delta Band Power,RAW_AF7_BP_Delta,86169.58458807976,85323.64695843775,-845.9376296420087,-0.981712554012975,Decrease
BCM_vs_ACM,Delta,26,AF7,RP,Delta Relative Power,RAW_AF7_RP_Delta,0.0533693917215488,0.0536730322812899,0.0003036405597410946,0.5689413912103752,Increase
BCM_vs_ACM,Delta,26,AF7,EN,Entropy,RAW_AF7_EN,5.41254828681525,5.417671151861052,0.005122865045802172,0.09464793244027522,Increase
BCM_vs_ACM,Delta,26,AF7,HJ,Hjorth Activity,RAW_AF7_HJ_Activity,1609530.6560312938,1637585.855087157,28055.19905586331,1.7430670829868207,Increase
BCM_vs_ACM,Delta,26,AF7,HJ,Hjorth Complexity,RAW_AF7_HJ_Complexity,1.3065688791215873,1.3208251634836845,0.014256284362097249,1.0911238274465729,Increase
BCM_vs_ACM,Delta,26,AF7,HJ,Hjorth Mobility,RAW_AF7_HJ_Mobility,0.6764637893122266,0.674962554191226,-0.0015012351210006436,-0.22192394400400609,Decrease
BCM_vs_ACM,Delta,26,AF8,BP,Delta Band Power,RAW_AF8_BP_Delta,89104.75647690523,93966.51157158728,4861.755094682056,5.456223985014939,Increase
BCM_vs_ACM,Delta,26,AF8,RP,Delta Relative Power,RAW_AF8_RP_Delta,0.054970124791552,0.0556571065198143,0.0006869817282623009,1.249736526644885,Increase
BCM_vs_ACM,Delta,26,AF8,EN,Entropy,RAW_AF8_EN,5.4192009109134185,5.413295282990782,-0.005905627922636825,-0.10897599147401636,Decrease
BCM_vs_ACM,Delta,26,AF8,HJ,Hjorth Activity,RAW_AF8_HJ_Activity,1650058.6747832326,1694989.703561304,44931.02877807128,2.722995822192435,Increase
BCM_vs_ACM,Delta,26,AF8,HJ,Hjorth Complexity,RAW_AF8_HJ_Complexity,1.3137469451201726,1.3187476321808391,0.0050006870606664755,0.3806430971536186,Increase
BCM_vs_ACM,Delta,26,AF8,HJ,Hjorth Mobility,RAW_AF8_HJ_Mobility,0.6758556726327377,0.675141547568284,-0.0007141250644536745,-0.10566236156187928,Decrease
BCM_vs_ACM,Delta,26,TP10,BP,Delta Band Power,RAW_TP10_BP_Delta,91675.65886149838,86229.57168774965,-5446.087173748732,-5.9406032543235545,Decrease
BCM_vs_ACM,Delta,26,TP10,RP,Delta Relative Power,RAW_TP10_RP_Delta,0.0545593966739528,0.0532128432788655,-0.0013465533950872965,-2.468050376609378,Decrease
BCM_vs_ACM,Delta,26,TP10,EN,Entropy,RAW_TP10_EN,5.442735179221878,5.433374149861897,-0.009361029359981288,-0.17199127004594755,Decrease
BCM_vs_ACM,Delta,26,TP10,HJ,Hjorth Activity,RAW_TP10_HJ_Activity,1683626.436840161,1646305.909287444,-37320.5275527169,-2.2166750732876506,Decrease
BCM_vs_ACM,Delta,26,TP10,HJ,Hjorth Complexity,RAW_TP10_HJ_Complexity,1.3118032978955316,1.3076944822086478,-0.0041088156868838155,-0.313218886815989,Decrease
BCM_vs_ACM,Delta,26,TP10,HJ,Hjorth Mobility,RAW_TP10_HJ_Mobility,0.6866274985118752,0.6807211018473732,-0.005906396664501989,-0.8602039209473692,Decrease
BCM_vs_ACM,Delta,26,TP9,BP,Delta Band Power,RAW_TP9_BP_Delta,84502.57272805428,82635.8636750083,-1866.7090530459827,-2.2090558817107446,Decrease
BCM_vs_ACM,Delta,26,TP9,RP,Delta Relative Power,RAW_TP9_RP_Delta,0.0532909311063199,0.0532555890640277,-3.534204229219823e-05,-0.06631905571641801,Decrease
BCM_vs_ACM,Delta,26,TP9,EN,Entropy,RAW_TP9_EN,5.428215223901505,5.419833687787211,-0.008381536114294263,-0.15440684955505637,Decrease
BCM_vs_ACM,Delta,26,TP9,HJ,Hjorth Activity,RAW_TP9_HJ_Activity,1619235.6045210017,1555359.7273548683,-63875.877166133374,-3.9448167386999238,Decrease
BCM_vs_ACM,Delta,26,TP9,HJ,Hjorth Complexity,RAW_TP9_HJ_Complexity,1.3038746755958113,1.30452247413187,0.0006477985360586747,0.0496825767217743,Increase
BCM_vs_ACM,Delta,26,TP9,HJ,Hjorth Mobility,RAW_TP9_HJ_Mobility,0.6834135133982614,0.6789927746782558,-0.00442073872000559,-0.6468614730814359,Decrease
BCM_vs_ACM,Delta,27,AF7,BP,Delta Band Power,RAW_AF7_BP_Delta,97690.8211446287,72344.59864052357,-25346.222504105128,-25.94534697029592,Decrease
BCM_vs_ACM,Delta,27,AF7,RP,Delta Relative Power,RAW_AF7_RP_Delta,0.0472279417841909,0.0409195796680363,-0.006308362116154605,-13.357266647318236,Decrease
BCM_vs_ACM,Delta,27,AF7,EN,Entropy,RAW_AF7_EN,5.360328481517209,5.188864947384367,-0.1714635341328421,-3.198750500534817,Decrease
BCM_vs_ACM,Delta,27,AF7,HJ,Hjorth Activity,RAW_AF7_HJ_Activity,2235478.200594729,1866800.071302968,-368678.12929176074,-16.492137082512244,Decrease
BCM_vs_ACM,Delta,27,AF7,HJ,Hjorth Complexity,RAW_AF7_HJ_Complexity,1.304904233442059,1.4254893494714276,0.1205851160293685,9.240916914744822,Increase
BCM_vs_ACM,Delta,27,AF7,HJ,Hjorth Mobility,RAW_AF7_HJ_Mobility,0.704581964062622,0.6469692944639047,-0.05761266959871725,-8.176858412117506,Decrease
BCM_vs_ACM,Delta,27,AF8,BP,Delta Band Power,RAW_AF8_BP_Delta,94979.60258822012,83278.31655569782,-11701.286032522301,-12.31978836893297,Decrease
BCM_vs_ACM,Delta,27,AF8,RP,Delta Relative Power,RAW_AF8_RP_Delta,0.0580608402272105,0.054101318622889,-0.003959521604321503,-6.81960782659472,Decrease
BCM_vs_ACM,Delta,27,AF8,EN,Entropy,RAW_AF8_EN,5.4113195902696,5.406335763910143,-0.004983826359457488,-0.0921000187905957,Decrease
BCM_vs_ACM,Delta,27,AF8,HJ,Hjorth Activity,RAW_AF8_HJ_Activity,1731724.153080434,1569682.0185862738,-162042.1344941603,-9.357271722861618,Decrease
BCM_vs_ACM,Delta,27,AF8,HJ,Hjorth Complexity,RAW_AF8_HJ_Complexity,1.3164107792824429,1.307501943584419,-0.00890883569802381,-0.6767519560178542,Decrease
BCM_vs_ACM,Delta,27,AF8,HJ,Hjorth Mobility,RAW_AF8_HJ_Mobility,0.673104727312746,0.6755898730521683,0.0024851457394223786,0.3692064011114426,Increase
BCM_vs_ACM,Delta,27,TP10,BP,Delta Band Power,RAW_TP10_BP_Delta,26441.33486308106,33187.43078909385,6746.095926012789,25.513446885134694,Increase
BCM_vs_ACM,Delta,27,TP10,RP,Delta Relative Power,RAW_TP10_RP_Delta,0.0217917284645355,0.0243676566627017,0.0025759281981662004,11.820669490987564,Increase
BCM_vs_ACM,Delta,27,TP10,EN,Entropy,RAW_TP10_EN,4.917827877317905,4.6975065723754925,-0.22032130494241287,-4.480053195000638,Decrease
BCM_vs_ACM,Delta,27,TP10,HJ,Hjorth Activity,RAW_TP10_HJ_Activity,1204037.5465365842,1368444.8211107592,164407.274574175,13.654663431974592,Increase
BCM_vs_ACM,Delta,27,TP10,HJ,Hjorth Complexity,RAW_TP10_HJ_Complexity,1.2109332971682916,1.167761621269355,-0.04317167589893667,-3.5651572221105425,Decrease
BCM_vs_ACM,Delta,27,TP10,HJ,Hjorth Mobility,RAW_TP10_HJ_Mobility,0.7653371062557094,0.8116374165716042,0.046300310315894766,6.049662290962437,Increase
BCM_vs_ACM,Delta,27,TP9,BP,Delta Band Power,RAW_TP9_BP_Delta,24656.93563235193,33835.112160384044,9178.176528032112,37.22350848817397,Increase
BCM_vs_ACM,Delta,27,TP9,RP,Delta Relative Power,RAW_TP9_RP_Delta,0.0205468593128508,0.0281444606573417,0.0075976013444909,36.97694732225604,Increase
BCM_vs_ACM,Delta,27,TP9,EN,Entropy,RAW_TP9_EN,4.946609840859288,4.90301690699416,-0.04359293386512775,-0.8812688946083346,Decrease
BCM_vs_ACM,Delta,27,TP9,HJ,Hjorth Activity,RAW_TP9_HJ_Activity,1195182.91687662,1224078.3268374535,28895.40996083361,2.417655871148677,Increase
BCM_vs_ACM,Delta,27,TP9,HJ,Hjorth Complexity,RAW_TP9_HJ_Complexity,1.206033439817085,1.203054383452459,-0.0029790563646261425,-0.2470127499182747,Decrease
BCM_vs_ACM,Delta,27,TP9,HJ,Hjorth Mobility,RAW_TP9_HJ_Mobility,0.7674316730786966,0.7777555764404659,0.010323903361769249,1.3452537501290462,Increase
BCM_vs_ACM,Delta,28,AF7,BP,Delta Band Power,RAW_AF7_BP_Delta,97668.80970514983,121747.59031437567,24078.78060922584,24.65350062309219,Increase
BCM_vs_ACM,Delta,28,AF7,RP,Delta Relative Power,RAW_AF7_RP_Delta,0.0448039026720658,0.0530764322705423,0.008272529598476498,18.463859407573953,Increase
BCM_vs_ACM,Delta,28,AF7,EN,Entropy,RAW_AF7_EN,5.333955742640658,5.372493910257569,0.03853816761691142,0.722506325068091,Increase
BCM_vs_ACM,Delta,28,AF7,HJ,Hjorth Activity,RAW_AF7_HJ_Activity,2212592.343999329,2329888.074427668,117295.73042833898,5.301280678587332,Increase
BCM_vs_ACM,Delta,28,AF7,HJ,Hjorth Complexity,RAW_AF7_HJ_Complexity,1.3133688057653896,1.3380680098821671,0.024699204116777507,1.8805992656711223,Increase
BCM_vs_ACM,Delta,28,AF7,HJ,Hjorth Mobility,RAW_AF7_HJ_Mobility,0.6831950612819229,0.6712606029063758,-0.011934458375547075,-1.7468595796277686,Decrease
BCM_vs_ACM,Delta,28,AF8,BP,Delta Band Power,RAW_AF8_BP_Delta,132720.7714636644,136019.06438672362,3298.292923059227,2.485136943287145,Increase
BCM_vs_ACM,Delta,28,AF8,RP,Delta Relative Power,RAW_AF8_RP_Delta,0.0580160420011669,0.063148880871956,0.005132838870789101,8.847275156560771,Increase
BCM_vs_ACM,Delta,28,AF8,EN,Entropy,RAW_AF8_EN,5.403617459345143,5.401889472163188,-0.00172798718195466,-0.031978340342472586,Decrease
BCM_vs_ACM,Delta,28,AF8,HJ,Hjorth Activity,RAW_AF8_HJ_Activity,2338599.8364385427,2204976.264626394,-133623.57181214867,-5.71382798074784,Decrease
BCM_vs_ACM,Delta,28,AF8,HJ,Hjorth Complexity,RAW_AF8_HJ_Complexity,1.3090369224131777,1.316942733275606,0.007905810862428364,0.6039410139672909,Increase
BCM_vs_ACM,Delta,28,AF8,HJ,Hjorth Mobility,RAW_AF8_HJ_Mobility,0.673649886214978,0.6686284949632573,-0.0050213912517207415,-0.7454007422066563,Decrease
BCM_vs_ACM,Delta,28,TP10,BP,Delta Band Power,RAW_TP10_BP_Delta,35312.11080143266,43649.20594017796,8337.095138745302,23.60973317518888,Increase
BCM_vs_ACM,Delta,28,TP10,RP,Delta Relative Power,RAW_TP10_RP_Delta,0.0180905952708354,0.0225817966148649,0.0044912013440294996,24.826166728023328,Increase
BCM_vs_ACM,Delta,28,TP10,EN,Entropy,RAW_TP10_EN,4.644946928628476,4.807372630115559,0.16242570148708246,3.496825776113706,Increase
BCM_vs_ACM,Delta,28,TP10,HJ,Hjorth Activity,RAW_TP10_HJ_Activity,1986732.681466128,1936808.6950926965,-49923.986373431515,-2.5128688343008303,Decrease
BCM_vs_ACM,Delta,28,TP10,HJ,Hjorth Complexity,RAW_TP10_HJ_Complexity,1.2143377456040156,1.220828226254466,0.006490480650450436,0.5344872687970388,Increase
BCM_vs_ACM,Delta,28,TP10,HJ,Hjorth Mobility,RAW_TP10_HJ_Mobility,0.7801612545591732,0.7703453104503211,-0.009815944108852115,-1.2581942581086742,Decrease
BCM_vs_ACM,Delta,28,TP9,BP,Delta Band Power,RAW_TP9_BP_Delta,46053.739758154654,52423.41572291296,6369.675964758309,13.830963561716922,Increase
BCM_vs_ACM,Delta,28,TP9,RP,Delta Relative Power,RAW_TP9_RP_Delta,0.0214458039288777,0.0210975047392291,-0.00034829918964859874,-1.6240901521047613,Decrease
BCM_vs_ACM,Delta,28,TP9,EN,Entropy,RAW_TP9_EN,4.733023085411572,4.769586631751175,0.036563546339603015,0.772519923942512,Increase
BCM_vs_ACM,Delta,28,TP9,HJ,Hjorth Activity,RAW_TP9_HJ_Activity,2095838.507752329,2425783.139173948,329944.6314216191,15.742846130614637,Increase
BCM_vs_ACM,Delta,28,TP9,HJ,Hjorth Complexity,RAW_TP9_HJ_Complexity,1.212686942979571,1.2023410617987869,-0.010345881180784167,-0.8531370145178889,Decrease
BCM_vs_ACM,Delta,28,TP9,HJ,Hjorth Mobility,RAW_TP9_HJ_Mobility,0.7806719534376295,0.7787755946251719,-0.0018963588124576436,-0.24291365971419518,Decrease
