Condition_Pair,Band,Subject,Channel,Feature_Type,Feature,Source_Column,BCF,ACF,Change,Change_Percent,Direction
BCF_vs_ACF,Gamma,1,AF7,EN,Entropy,RAW_AF7_EN,5.412798682968103,5.409176925790644,-0.0036217571774592727,-0.06691098985180224,Decrease
BCF_vs_ACF,Gamma,1,AF7,BP,Gamma Band Power,RAW_AF7_BP_Gamma,723252.0341851456,676191.2262319411,-47060.807953204494,-6.506833818480126,Decrease
BCF_vs_ACF,Gamma,1,AF7,RP,Gamma Relative Power,RAW_AF7_RP_Gamma,0.3831137678673015,0.3788863138283516,-0.004227454038949918,-1.1034461284132642,Decrease
BCF_vs_ACF,Gamma,1,AF7,HJ,Hjorth Activity,RAW_AF7_HJ_Activity,1890338.981543269,1832535.529115008,-57803.45242826105,-3.0578352873552035,Decrease
BCF_vs_ACF,Gamma,1,AF7,HJ,Hjorth Complexity,RAW_AF7_HJ_Complexity,1.3264043750763,1.334524993908265,0.008120618831965132,0.6122279890322287,Increase
BCF_vs_ACF,Gamma,1,AF7,HJ,Hjorth Mobility,RAW_AF7_HJ_Mobility,0.6622206637514538,0.6608179916545807,-0.0014026720968731698,-0.21181339901522978,Decrease
BCF_vs_ACF,Gamma,1,AF8,EN,Entropy,RAW_AF8_EN,5.417019680556031,5.410144956500225,-0.006874724055806247,-0.12690971163502568,Decrease
BCF_vs_ACF,Gamma,1,AF8,BP,Gamma Band Power,RAW_AF8_BP_Gamma,659678.0523942964,714691.0882059039,55013.03581160749,8.339376399129561,Increase
BCF_vs_ACF,Gamma,1,AF8,RP,Gamma Relative Power,RAW_AF8_RP_Gamma,0.3823755091764046,0.3840090722702359,0.0016335630938312806,0.427214362486185,Increase
BCF_vs_ACF,Gamma,1,AF8,HJ,Hjorth Activity,RAW_AF8_HJ_Activity,1747678.2167943493,1911377.399355324,163699.18256097473,9.36666607089933,Increase
BCF_vs_ACF,Gamma,1,AF8,HJ,Hjorth Complexity,RAW_AF8_HJ_Complexity,1.329878027621703,1.3291108400666425,-0.0007671875550605556,-0.05768856535155792,Decrease
BCF_vs_ACF,Gamma,1,AF8,HJ,Hjorth Mobility,RAW_AF8_HJ_Mobility,0.6612778244212462,0.6623775343937741,0.0010997099725279513,0.16630074862867558,Increase
BCF_vs_ACF,Gamma,1,TP10,EN,Entropy,RAW_TP10_EN,5.403511703449143,5.3961810697218695,-0.0073306337272738276,-0.13566425187151113,Decrease
BCF_vs_ACF,Gamma,1,TP10,BP,Gamma Band Power,RAW_TP10_BP_Gamma,670591.6426995399,697553.9681053511,26962.325405811192,4.020677218295087,Increase
BCF_vs_ACF,Gamma,1,TP10,RP,Gamma Relative Power,RAW_TP10_RP_Gamma,0.3925931347095644,0.3774161542858375,-0.015176980423726893,-3.865829298047873,Decrease
BCF_vs_ACF,Gamma,1,TP10,HJ,Hjorth Activity,RAW_TP10_HJ_Activity,1714110.9476763215,1834664.3266106893,120553.37893436779,7.0329974321552555,Increase
BCF_vs_ACF,Gamma,1,TP10,HJ,Hjorth Complexity,RAW_TP10_HJ_Complexity,1.3179391140335228,1.333406239878593,0.015467125845070262,1.173584248344635,Increase
BCF_vs_ACF,Gamma,1,TP10,HJ,Hjorth Mobility,RAW_TP10_HJ_Mobility,0.6672621057552968,0.6577277513708661,-0.009534354384430621,-1.4288769438867444,Decrease
BCF_vs_ACF,Gamma,1,TP9,EN,Entropy,RAW_TP9_EN,5.405409143177643,5.4116327225152965,0.006223579337653717,0.11513613813135155,Increase
BCF_vs_ACF,Gamma,1,TP9,BP,Gamma Band Power,RAW_TP9_BP_Gamma,655063.2284515963,689322.3725200937,34259.14406849735,5.229898822053757,Increase
BCF_vs_ACF,Gamma,1,TP9,RP,Gamma Relative Power,RAW_TP9_RP_Gamma,0.3774490773335096,0.3803256074418976,0.002876530108388009,0.7620975334498806,Increase
BCF_vs_ACF,Gamma,1,TP9,HJ,Hjorth Activity,RAW_TP9_HJ_Activity,1731344.0356779806,1813921.4506708256,82577.41499284492,4.7695555182080405,Increase
BCF_vs_ACF,Gamma,1,TP9,HJ,Hjorth Complexity,RAW_TP9_HJ_Complexity,1.3383556584665897,1.3337232714037504,-0.004632387062839305,-0.34612526450157693,Decrease
BCF_vs_ACF,Gamma,1,TP9,HJ,Hjorth Mobility,RAW_TP9_HJ_Mobility,0.6580955631546617,0.6603935549313747,0.002297991776713082,0.34918815828166,Increase
BCF_vs_ACF,Gamma,2,AF7,EN,Entropy,RAW_AF7_EN,5.405962081831756,5.406527805469658,0.0005657236379015274,0.010464809581310224,Increase
BCF_vs_ACF,Gamma,2,AF7,BP,Gamma Band Power,RAW_AF7_BP_Gamma,762591.0027381346,758606.0783652362,-3984.9243728984147,-0.5225506672109,Decrease
BCF_vs_ACF,Gamma,2,AF7,RP,Gamma Relative Power,RAW_AF7_RP_Gamma,0.3857301930254525,0.3917719533799056,0.006041760354453141,1.5663177173311071,Increase
BCF_vs_ACF,Gamma,2,AF7,HJ,Hjorth Activity,RAW_AF7_HJ_Activity,1952198.9299499155,1997549.0052655693,45350.07531565381,2.3230253136557804,Increase
BCF_vs_ACF,Gamma,2,AF7,HJ,Hjorth Complexity,RAW_AF7_HJ_Complexity,1.3294098657147482,1.3217037941713468,-0.007706071543401416,-0.5796610768536985,Decrease
BCF_vs_ACF,Gamma,2,AF7,HJ,Hjorth Mobility,RAW_AF7_HJ_Mobility,0.6633556642750811,0.6649351319590393,0.0015794676839582245,0.23810269046006804,Increase
BCF_vs_ACF,Gamma,2,AF8,EN,Entropy,RAW_AF8_EN,5.411384185278304,5.40613424329809,-0.00524994198021389,-0.09701661904723716,Decrease
BCF_vs_ACF,Gamma,2,AF8,BP,Gamma Band Power,RAW_AF8_BP_Gamma,746975.8227295157,859693.4778228289,112717.6550933132,15.089866587841211,Increase
BCF_vs_ACF,Gamma,2,AF8,RP,Gamma Relative Power,RAW_AF8_RP_Gamma,0.3872152447200627,0.3844403051796174,-0.002774939540445276,-0.7166400544098978,Decrease
BCF_vs_ACF,Gamma,2,AF8,HJ,Hjorth Activity,RAW_AF8_HJ_Activity,1947059.7586160183,2242802.1195969125,295742.3609808942,15.189177408253233,Increase
BCF_vs_ACF,Gamma,2,AF8,HJ,Hjorth Complexity,RAW_AF8_HJ_Complexity,1.3208192721236185,1.3186100817365929,-0.0022091903870256058,-0.1672590969598483,Decrease
BCF_vs_ACF,Gamma,2,AF8,HJ,Hjorth Mobility,RAW_AF8_HJ_Mobility,0.6643269253250604,0.6686714100849078,0.004344484759847389,0.6539678875309168,Increase
BCF_vs_ACF,Gamma,2,TP10,EN,Entropy,RAW_TP10_EN,5.405942909755721,5.414365928464452,0.008423018708731078,0.15581035259419138,Increase
BCF_vs_ACF,Gamma,2,TP10,BP,Gamma Band Power,RAW_TP10_BP_Gamma,617532.3516445763,799550.6592787805,182018.30763420416,29.475104769728027,Increase
BCF_vs_ACF,Gamma,2,TP10,RP,Gamma Relative Power,RAW_TP10_RP_Gamma,0.3682884140753684,0.3799652308496181,0.011676816774249699,3.1705631586499208,Increase
BCF_vs_ACF,Gamma,2,TP10,HJ,Hjorth Activity,RAW_TP10_HJ_Activity,1722437.2170327832,2113028.8715173844,390591.6544846012,22.676684561975943,Increase
BCF_vs_ACF,Gamma,2,TP10,HJ,Hjorth Complexity,RAW_TP10_HJ_Complexity,1.357337643542842,1.3368101887867705,-0.020527454756071428,-1.5123322375773716,Decrease
BCF_vs_ACF,Gamma,2,TP10,HJ,Hjorth Mobility,RAW_TP10_HJ_Mobility,0.6492883124353307,0.6601236880546675,0.010835375619336785,1.6688080490307593,Increase
BCF_vs_ACF,Gamma,2,TP9,EN,Entropy,RAW_TP9_EN,5.408865132216425,5.4109620565156495,0.0020969242992245896,0.03876828591518827,Increase
BCF_vs_ACF,Gamma,2,TP9,BP,Gamma Band Power,RAW_TP9_BP_Gamma,692207.2768697791,680568.0209432291,-11639.255926550017,-1.6814697440315471,Decrease
BCF_vs_ACF,Gamma,2,TP9,RP,Gamma Relative Power,RAW_TP9_RP_Gamma,0.3777394365634445,0.3787996434893975,0.001060206925952989,0.2806714955680616,Increase
BCF_vs_ACF,Gamma,2,TP9,HJ,Hjorth Activity,RAW_TP9_HJ_Activity,1854816.0208358727,1839909.63025752,-14906.390578352846,-0.8036587139049662,Decrease
BCF_vs_ACF,Gamma,2,TP9,HJ,Hjorth Complexity,RAW_TP9_HJ_Complexity,1.3398906905937504,1.3367839337389351,-0.003106756854815318,-0.23186644079440616,Decrease
BCF_vs_ACF,Gamma,2,TP9,HJ,Hjorth Mobility,RAW_TP9_HJ_Mobility,0.6576952660600329,0.6569407700353729,-0.0007544960246600452,-0.11471817779378336,Decrease
BCF_vs_ACF,Gamma,9,AF7,EN,Entropy,RAW_AF7_EN,5.404745328276249,5.400095812715429,-0.004649515560820383,-0.08602654294357412,Decrease
BCF_vs_ACF,Gamma,9,AF7,BP,Gamma Band Power,RAW_AF7_BP_Gamma,677650.8611521558,848728.2959462123,171077.43479405646,25.24566035424011,Increase
BCF_vs_ACF,Gamma,9,AF7,RP,Gamma Relative Power,RAW_AF7_RP_Gamma,0.3998754339265253,0.3952077957838038,-0.004667638142721531,-1.167273042229241,Decrease
BCF_vs_ACF,Gamma,9,AF7,HJ,Hjorth Activity,RAW_AF7_HJ_Activity,1720488.066935424,2220071.963325673,499583.8963902488,29.03733574160267,Increase
BCF_vs_ACF,Gamma,9,AF7,HJ,Hjorth Complexity,RAW_AF7_HJ_Complexity,1.306816456983181,1.3144058646116337,0.007589407628452616,0.5807554372228335,Increase
BCF_vs_ACF,Gamma,9,AF7,HJ,Hjorth Mobility,RAW_AF7_HJ_Mobility,0.6719882425787339,0.6689304639022072,-0.003057778676526679,-0.45503455012732796,Decrease
BCF_vs_ACF,Gamma,9,AF8,EN,Entropy,RAW_AF8_EN,5.403844119382825,5.4026631278736845,-0.0011809915091403056,-0.021854655372168415,Decrease
BCF_vs_ACF,Gamma,9,AF8,BP,Gamma Band Power,RAW_AF8_BP_Gamma,693873.8023870781,832205.1930118093,138331.3906247312,19.936102234850324,Increase
BCF_vs_ACF,Gamma,9,AF8,RP,Gamma Relative Power,RAW_AF8_RP_Gamma,0.3925533472676497,0.3941672833902935,0.001613936122643822,0.41113803611090144,Increase
BCF_vs_ACF,Gamma,9,AF8,HJ,Hjorth Activity,RAW_AF8_HJ_Activity,1774992.8818411822,2226415.6901744,451422.80833321763,25.432372881685094,Increase
BCF_vs_ACF,Gamma,9,AF8,HJ,Hjorth Complexity,RAW_AF8_HJ_Complexity,1.3175060512999617,1.3127390275248874,-0.004767023775074319,-0.3618217745846993,Decrease
BCF_vs_ACF,Gamma,9,AF8,HJ,Hjorth Mobility,RAW_AF8_HJ_Mobility,0.6702189237852212,0.669232278908164,-0.0009866448770572411,-0.1472123275011289,Decrease
BCF_vs_ACF,Gamma,9,TP10,EN,Entropy,RAW_TP10_EN,5.406932313461794,5.41637295928545,0.009440645823656446,0.174602626338632,Increase
BCF_vs_ACF,Gamma,9,TP10,BP,Gamma Band Power,RAW_TP10_BP_Gamma,704700.0982921193,750718.6896706491,46018.59137852979,6.530237684095469,Increase
BCF_vs_ACF,Gamma,9,TP10,RP,Gamma Relative Power,RAW_TP10_RP_Gamma,0.3970201155532956,0.4000815302824415,0.003061414729145895,0.7710981406771904,Increase
BCF_vs_ACF,Gamma,9,TP10,HJ,Hjorth Activity,RAW_TP10_HJ_Activity,1815758.5369717807,1892224.8737590392,76466.33678725851,4.211261312023609,Increase
BCF_vs_ACF,Gamma,9,TP10,HJ,Hjorth Complexity,RAW_TP10_HJ_Complexity,1.319544701276932,1.318443974931734,-0.0011007263451978666,-0.08341713199505,Decrease
BCF_vs_ACF,Gamma,9,TP10,HJ,Hjorth Mobility,RAW_TP10_HJ_Mobility,0.6660436345395875,0.6710400408134113,0.004996406273823806,0.7501620036167218,Increase
BCF_vs_ACF,Gamma,9,TP9,EN,Entropy,RAW_TP9_EN,5.412682671933908,5.409945675372909,-0.0027369965609986835,-0.05056635917695091,Decrease
BCF_vs_ACF,Gamma,9,TP9,BP,Gamma Band Power,RAW_TP9_BP_Gamma,769444.1469898747,817931.9578138478,48487.81082397315,6.301667380752877,Increase
BCF_vs_ACF,Gamma,9,TP9,RP,Gamma Relative Power,RAW_TP9_RP_Gamma,0.3866086576488065,0.3922892927214631,0.005680635072656648,1.46935019696763,Increase
BCF_vs_ACF,Gamma,9,TP9,HJ,Hjorth Activity,RAW_TP9_HJ_Activity,1975212.537180921,2123858.0704727494,148645.53329182835,7.525546263693701,Increase
BCF_vs_ACF,Gamma,9,TP9,HJ,Hjorth Complexity,RAW_TP9_HJ_Complexity,1.331823034381703,1.3218545052368105,-0.009968529144892546,-0.7484875157997565,Decrease
BCF_vs_ACF,Gamma,9,TP9,HJ,Hjorth Mobility,RAW_TP9_HJ_Mobility,0.6610957722502662,0.6664077783710325,0.005312006120766322,0.8035153670224039,Increase
BCF_vs_ACF,Gamma,14,AF7,EN,Entropy,RAW_AF7_EN,5.408539521165073,5.40529359742801,-0.0032459237370634497,-0.06001479187424397,Decrease
BCF_vs_ACF,Gamma,14,AF7,BP,Gamma Band Power,RAW_AF7_BP_Gamma,728952.0781600279,723900.8556066377,-5051.222553390195,-0.6929430211846235,Decrease
BCF_vs_ACF,Gamma,14,AF7,RP,Gamma Relative Power,RAW_AF7_RP_Gamma,0.3906635555219327,0.4015228032946054,0.010859247772672664,2.7796930681605394,Increase
BCF_vs_ACF,Gamma,14,AF7,HJ,Hjorth Activity,RAW_AF7_HJ_Activity,1913614.370076304,1856351.2576581703,-57263.112418133765,-2.992406062243901,Decrease
BCF_vs_ACF,Gamma,14,AF7,HJ,Hjorth Complexity,RAW_AF7_HJ_Complexity,1.3200110456998548,1.3078289255015016,-0.012182120198353186,-0.9228801711954133,Decrease
BCF_vs_ACF,Gamma,14,AF7,HJ,Hjorth Mobility,RAW_AF7_HJ_Mobility,0.668303865298733,0.6737331361111947,0.005429270812461695,0.8123955425627833,Increase
BCF_vs_ACF,Gamma,14,AF8,EN,Entropy,RAW_AF8_EN,5.398012655524841,5.406190639880454,0.0081779843556129,0.15149991075405816,Increase
BCF_vs_ACF,Gamma,14,AF8,BP,Gamma Band Power,RAW_AF8_BP_Gamma,619192.0812648854,672310.3022047548,53118.22093986941,8.578633762783195,Increase
BCF_vs_ACF,Gamma,14,AF8,RP,Gamma Relative Power,RAW_AF8_RP_Gamma,0.4032522281296665,0.3954495645219538,-0.007802663607712701,-1.934933786702783,Decrease
BCF_vs_ACF,Gamma,14,AF8,HJ,Hjorth Activity,RAW_AF8_HJ_Activity,1570109.163351241,1694725.0882460475,124615.92489480646,7.93676820717524,Increase
BCF_vs_ACF,Gamma,14,AF8,HJ,Hjorth Complexity,RAW_AF8_HJ_Complexity,1.3021457110256085,1.311666248825841,0.009520537800232542,0.7311422769064674,Increase
BCF_vs_ACF,Gamma,14,AF8,HJ,Hjorth Mobility,RAW_AF8_HJ_Mobility,0.6760754912667348,0.6693661293158412,-0.006709361950893666,-0.9923983397656689,Decrease
BCF_vs_ACF,Gamma,14,TP10,EN,Entropy,RAW_TP10_EN,5.405282132354049,5.403195809519848,-0.002086322834201404,-0.03859785267661489,Decrease
BCF_vs_ACF,Gamma,14,TP10,BP,Gamma Band Power,RAW_TP10_BP_Gamma,866805.473571109,736420.3957981353,-130385.07777297369,-15.042022893072726,Decrease
BCF_vs_ACF,Gamma,14,TP10,RP,Gamma Relative Power,RAW_TP10_RP_Gamma,0.3880709902403501,0.3939045467014793,0.005833556461129208,1.5032188975311502,Increase
BCF_vs_ACF,Gamma,14,TP10,HJ,Hjorth Activity,RAW_TP10_HJ_Activity,2279028.242417916,1916597.110911314,-362431.1315066023,-15.90288021714395,Decrease
BCF_vs_ACF,Gamma,14,TP10,HJ,Hjorth Complexity,RAW_TP10_HJ_Complexity,1.3277870791344788,1.3152565826067772,-0.012530496527701551,-0.9437127928575406,Decrease
BCF_vs_ACF,Gamma,14,TP10,HJ,Hjorth Mobility,RAW_TP10_HJ_Mobility,0.663565185288086,0.6721272362758081,0.008562050987722114,1.2903104589498484,Increase
BCF_vs_ACF,Gamma,14,TP9,EN,Entropy,RAW_TP9_EN,5.400363273140924,5.405242937696734,0.004879664555810237,0.09035807979954946,Increase
BCF_vs_ACF,Gamma,14,TP9,BP,Gamma Band Power,RAW_TP9_BP_Gamma,813404.4590115864,780737.0684243395,-32667.39058724686,-4.016131240163454,Decrease
BCF_vs_ACF,Gamma,14,TP9,RP,Gamma Relative Power,RAW_TP9_RP_Gamma,0.3806813640432363,0.3917527193367234,0.011071355293487073,2.90829978538945,Increase
BCF_vs_ACF,Gamma,14,TP9,HJ,Hjorth Activity,RAW_TP9_HJ_Activity,2142081.562074115,2009503.712578652,-132577.84949546307,-6.189206416915882,Decrease
BCF_vs_ACF,Gamma,14,TP9,HJ,Hjorth Complexity,RAW_TP9_HJ_Complexity,1.3301070203508008,1.322445787267606,-0.007661233083194663,-0.5759862150922337,Decrease
BCF_vs_ACF,Gamma,14,TP9,HJ,Hjorth Mobility,RAW_TP9_HJ_Mobility,0.6608018354584807,0.665417026470378,0.004615191011897335,0.6984228499751671,Increase
BCF_vs_ACF,Gamma,16,AF7,EN,Entropy,RAW_AF7_EN,5.412696006329889,5.397641856595586,-0.015054149734303301,-0.2781266436670043,Decrease
BCF_vs_ACF,Gamma,16,AF7,BP,Gamma Band Power,RAW_AF7_BP_Gamma,801448.2555418339,993805.3613080068,192357.10576617287,24.001188403127323,Increase
BCF_vs_ACF,Gamma,16,AF7,RP,Gamma Relative Power,RAW_AF7_RP_Gamma,0.3737985022733442,0.3884777197133133,0.014679217439969083,3.927040196976163,Increase
BCF_vs_ACF,Gamma,16,AF7,HJ,Hjorth Activity,RAW_AF7_HJ_Activity,2224856.1294866386,2601587.38649485,376731.2570082112,16.932836780557935,Increase
BCF_vs_ACF,Gamma,16,AF7,HJ,Hjorth Complexity,RAW_AF7_HJ_Complexity,1.3417440415376538,1.3177179252898612,-0.024026116247792606,-1.7906631595887994,Decrease
BCF_vs_ACF,Gamma,16,AF7,HJ,Hjorth Mobility,RAW_AF7_HJ_Mobility,0.6524596480022055,0.6643645952926767,0.011904947290471202,1.824625833478511,Increase
BCF_vs_ACF,Gamma,16,AF8,EN,Entropy,RAW_AF8_EN,5.408392595416777,5.407587582922311,-0.0008050124944665171,-0.014884505521080461,Decrease
BCF_vs_ACF,Gamma,16,AF8,BP,Gamma Band Power,RAW_AF8_BP_Gamma,649967.9320891085,861776.1584368094,211808.22634770093,32.587488688390046,Increase
BCF_vs_ACF,Gamma,16,AF8,RP,Gamma Relative Power,RAW_AF8_RP_Gamma,0.377969100567598,0.3850072006202959,0.007038100052697893,1.8620834460088787,Increase
BCF_vs_ACF,Gamma,16,AF8,HJ,Hjorth Activity,RAW_AF8_HJ_Activity,1756107.486443845,2272171.818967208,516064.3325233627,29.386830618688602,Increase
BCF_vs_ACF,Gamma,16,AF8,HJ,Hjorth Complexity,RAW_AF8_HJ_Complexity,1.3444785593903164,1.3348634007971911,-0.009615158593125228,-0.7151589384575561,Decrease
BCF_vs_ACF,Gamma,16,AF8,HJ,Hjorth Mobility,RAW_AF8_HJ_Mobility,0.6563687720044836,0.6584079844186388,0.002039212414155167,0.31068090090995937,Increase
BCF_vs_ACF,Gamma,16,TP10,EN,Entropy,RAW_TP10_EN,5.40629910075178,5.411540287418813,0.005241186667032771,0.09694592491754574,Increase
BCF_vs_ACF,Gamma,16,TP10,BP,Gamma Band Power,RAW_TP10_BP_Gamma,662834.3952546035,740711.0492670666,77876.65401246317,11.749036346031758,Increase
BCF_vs_ACF,Gamma,16,TP10,RP,Gamma Relative Power,RAW_TP10_RP_Gamma,0.3730021170862108,0.3771331812728888,0.004131064186678024,1.1075176245509684,Increase
BCF_vs_ACF,Gamma,16,TP10,HJ,Hjorth Activity,RAW_TP10_HJ_Activity,1827067.51849412,1951121.50334336,124053.98484923993,6.789786561992299,Increase
BCF_vs_ACF,Gamma,16,TP10,HJ,Hjorth Complexity,RAW_TP10_HJ_Complexity,1.347452521510205,1.3432323173273784,-0.004220204182826537,-0.3131987298592602,Decrease
BCF_vs_ACF,Gamma,16,TP10,HJ,Hjorth Mobility,RAW_TP10_HJ_Mobility,0.6530001468312272,0.65689228149447,0.0038921346632427856,0.5960388649420529,Increase
BCF_vs_ACF,Gamma,16,TP9,EN,Entropy,RAW_TP9_EN,5.407225158281156,5.40834399556495,0.0011188372837942495,0.02069152386008473,Increase
BCF_vs_ACF,Gamma,16,TP9,BP,Gamma Band Power,RAW_TP9_BP_Gamma,736166.3394738751,800618.1242621482,64451.78478827304,8.755057292396115,Increase
BCF_vs_ACF,Gamma,16,TP9,RP,Gamma Relative Power,RAW_TP9_RP_Gamma,0.3916876729751433,0.3749755098197594,-0.016712163155383875,-4.266706436902455,Decrease
BCF_vs_ACF,Gamma,16,TP9,HJ,Hjorth Activity,RAW_TP9_HJ_Activity,1878677.606000882,2188247.1908356952,309569.58483481314,16.478057961940053,Increase
BCF_vs_ACF,Gamma,16,TP9,HJ,Hjorth Complexity,RAW_TP9_HJ_Complexity,1.3302893274570484,1.3415662457254136,0.011276918268365188,0.8477041825120777,Increase
BCF_vs_ACF,Gamma,16,TP9,HJ,Hjorth Mobility,RAW_TP9_HJ_Mobility,0.6653623785057172,0.6525001055505065,-0.012862272955210696,-1.9331229673816275,Decrease
BCF_vs_ACF,Gamma,22,AF7,EN,Entropy,RAW_AF7_EN,5.405084797294908,5.405766046874566,0.0006812495796584273,0.012603864790416858,Increase
BCF_vs_ACF,Gamma,22,AF7,BP,Gamma Band Power,RAW_AF7_BP_Gamma,669187.0762238908,703063.4407837562,33876.36455986544,5.062316019464097,Increase
BCF_vs_ACF,Gamma,22,AF7,RP,Gamma Relative Power,RAW_AF7_RP_Gamma,0.4024780475452119,0.4045303688985354,0.002052321353323505,0.5099213151725897,Increase
BCF_vs_ACF,Gamma,22,AF7,HJ,Hjorth Activity,RAW_AF7_HJ_Activity,1675846.5107154043,1752353.2093857308,76506.6986703265,4.565256912321073,Increase
BCF_vs_ACF,Gamma,22,AF7,HJ,Hjorth Complexity,RAW_AF7_HJ_Complexity,1.3096508172068455,1.3086574263862576,-0.0009933908205879138,-0.07585157872130875,Decrease
BCF_vs_ACF,Gamma,22,AF7,HJ,Hjorth Mobility,RAW_AF7_HJ_Mobility,0.6731702795565919,0.6742889153862793,0.0011186358296874088,0.16617427472054158,Increase
BCF_vs_ACF,Gamma,22,AF8,EN,Entropy,RAW_AF8_EN,5.405914463814855,5.402543900887834,-0.0033705629270208703,-0.062349542331499,Decrease
BCF_vs_ACF,Gamma,22,AF8,BP,Gamma Band Power,RAW_AF8_BP_Gamma,736263.1962524257,763864.1735161517,27600.97726372606,3.748792198797228,Increase
BCF_vs_ACF,Gamma,22,AF8,RP,Gamma Relative Power,RAW_AF8_RP_Gamma,0.4018581769713509,0.4011852789254991,-0.0006728980458517997,-0.16744664770122908,Decrease
BCF_vs_ACF,Gamma,22,AF8,HJ,Hjorth Activity,RAW_AF8_HJ_Activity,1855757.217309496,1935247.1331726504,79489.91586315446,4.283422158982634,Increase
BCF_vs_ACF,Gamma,22,AF8,HJ,Hjorth Complexity,RAW_AF8_HJ_Complexity,1.3040873851655348,1.3026952685636708,-0.0013921166018640019,-0.1067502544461231,Decrease
BCF_vs_ACF,Gamma,22,AF8,HJ,Hjorth Mobility,RAW_AF8_HJ_Mobility,0.6761048255294112,0.6742213622011664,-0.0018834633282448499,-0.2785756375529548,Decrease
BCF_vs_ACF,Gamma,22,TP10,EN,Entropy,RAW_TP10_EN,5.406011010188747,5.404352745428109,-0.0016582647606382395,-0.03067446140070555,Decrease
BCF_vs_ACF,Gamma,22,TP10,BP,Gamma Band Power,RAW_TP10_BP_Gamma,669481.4458669703,648210.6048183043,-21270.841048666043,-3.177211434309515,Decrease
BCF_vs_ACF,Gamma,22,TP10,RP,Gamma Relative Power,RAW_TP10_RP_Gamma,0.4000311986873178,0.3921914572855817,-0.0078397414017361,-1.9597824938309354,Decrease
BCF_vs_ACF,Gamma,22,TP10,HJ,Hjorth Activity,RAW_TP10_HJ_Activity,1674367.613298392,1665650.509735773,-8717.103562618839,-0.5206206506495148,Decrease
BCF_vs_ACF,Gamma,22,TP10,HJ,Hjorth Complexity,RAW_TP10_HJ_Complexity,1.307272197485073,1.315774524244092,0.008502326759018963,0.6503868724031399,Increase
BCF_vs_ACF,Gamma,22,TP10,HJ,Hjorth Mobility,RAW_TP10_HJ_Mobility,0.6737542887338601,0.6705214535400265,-0.003232835193833661,-0.47982406166332603,Decrease
BCF_vs_ACF,Gamma,22,TP9,EN,Entropy,RAW_TP9_EN,5.400342259335183,5.406839111833384,0.0064968524982012,0.12030445824004134,Increase
BCF_vs_ACF,Gamma,22,TP9,BP,Gamma Band Power,RAW_TP9_BP_Gamma,633473.3886816659,665963.1267467448,32489.73806507897,5.128824453493463,Increase
BCF_vs_ACF,Gamma,22,TP9,RP,Gamma Relative Power,RAW_TP9_RP_Gamma,0.398566164704797,0.4038549308102235,0.005288766105426501,1.3269480888684297,Increase
BCF_vs_ACF,Gamma,22,TP9,HJ,Hjorth Activity,RAW_TP9_HJ_Activity,1658241.486344054,1683459.50348071,25218.01713665598,1.5207686784060903,Increase
BCF_vs_ACF,Gamma,22,TP9,HJ,Hjorth Complexity,RAW_TP9_HJ_Complexity,1.3130316449515238,1.3050486951100948,-0.007982949841428999,-0.607978480345287,Decrease
BCF_vs_ACF,Gamma,22,TP9,HJ,Hjorth Mobility,RAW_TP9_HJ_Mobility,0.6710475195890016,0.674186401484562,0.0031388818955604414,0.4677585124646495,Increase
BCF_vs_ACF,Gamma,25,AF7,EN,Entropy,RAW_AF7_EN,5.41429445480983,5.405970866425951,-0.008323588383878366,-0.1537335742145321,Decrease
BCF_vs_ACF,Gamma,25,AF7,BP,Gamma Band Power,RAW_AF7_BP_Gamma,655507.7969687288,601514.0655029032,-53993.73146582558,-8.236931996157686,Decrease
BCF_vs_ACF,Gamma,25,AF7,RP,Gamma Relative Power,RAW_AF7_RP_Gamma,0.3998712888915053,0.4035316644395268,0.0036603755480215106,0.9153884386569845,Increase
BCF_vs_ACF,Gamma,25,AF7,HJ,Hjorth Activity,RAW_AF7_HJ_Activity,1664368.607323164,1513240.109547007,-151128.497776157,-9.080230011020207,Decrease
BCF_vs_ACF,Gamma,25,AF7,HJ,Hjorth Complexity,RAW_AF7_HJ_Complexity,1.3073534998232057,1.3079583268535198,0.000604827030314059,0.04626346511451189,Increase
BCF_vs_ACF,Gamma,25,AF7,HJ,Hjorth Mobility,RAW_AF7_HJ_Mobility,0.6773984959783012,0.6757472461903082,-0.0016512497879929144,-0.24376342696305725,Decrease
BCF_vs_ACF,Gamma,25,AF8,EN,Entropy,RAW_AF8_EN,5.413980311701489,5.399793056178493,-0.014187255522996267,-0.26204852449006305,Decrease
BCF_vs_ACF,Gamma,25,AF8,BP,Gamma Band Power,RAW_AF8_BP_Gamma,611843.5824926372,696912.7666499177,85069.18415728048,13.903747067299541,Increase
BCF_vs_ACF,Gamma,25,AF8,RP,Gamma Relative Power,RAW_AF8_RP_Gamma,0.401806732436221,0.4081890769721913,0.006382344535970308,1.5884115473309997,Increase
BCF_vs_ACF,Gamma,25,AF8,HJ,Hjorth Activity,RAW_AF8_HJ_Activity,1545302.4670591522,1750470.54454555,205168.0774863977,13.276887978885505,Increase
BCF_vs_ACF,Gamma,25,AF8,HJ,Hjorth Complexity,RAW_AF8_HJ_Complexity,1.3085659297932817,1.3033051364322124,-0.005260793361069327,-0.4020273829000264,Decrease
BCF_vs_ACF,Gamma,25,AF8,HJ,Hjorth Mobility,RAW_AF8_HJ_Mobility,0.67527404336803,0.6762998793378339,0.0010258359698038788,0.1519140236291875,Increase
BCF_vs_ACF,Gamma,25,TP10,EN,Entropy,RAW_TP10_EN,5.44644036942589,5.446184768401989,-0.0002556010239009865,-0.00469299224013958,Decrease
BCF_vs_ACF,Gamma,25,TP10,BP,Gamma Band Power,RAW_TP10_BP_Gamma,697898.5589464615,665665.7562556794,-32232.80269078212,-4.618551260435376,Decrease
BCF_vs_ACF,Gamma,25,TP10,RP,Gamma Relative Power,RAW_TP10_RP_Gamma,0.4072170299084132,0.409530207953616,0.0023131780452028128,0.5680455077537075,Increase
BCF_vs_ACF,Gamma,25,TP10,HJ,Hjorth Activity,RAW_TP10_HJ_Activity,1708028.5630855002,1630934.1049655871,-77094.458119913,-4.513651573873231,Decrease
BCF_vs_ACF,Gamma,25,TP10,HJ,Hjorth Complexity,RAW_TP10_HJ_Complexity,1.305519709778256,1.307162837127405,0.001643127349149065,0.12586001856901508,Increase
BCF_vs_ACF,Gamma,25,TP10,HJ,Hjorth Mobility,RAW_TP10_HJ_Mobility,0.6898334833263835,0.6860882053272197,-0.0037452779991637986,-0.5429249361895327,Decrease
BCF_vs_ACF,Gamma,25,TP9,EN,Entropy,RAW_TP9_EN,5.400798740101057,5.398086772785672,-0.002711967315384811,-0.050214189528085734,Decrease
BCF_vs_ACF,Gamma,25,TP9,BP,Gamma Band Power,RAW_TP9_BP_Gamma,871286.568491815,819178.1527192108,-52108.415772604174,-5.9806288375136,Decrease
BCF_vs_ACF,Gamma,25,TP9,RP,Gamma Relative Power,RAW_TP9_RP_Gamma,0.3994568629066312,0.3959937240215652,-0.003463138885065997,-0.8669619192086505,Decrease
BCF_vs_ACF,Gamma,25,TP9,HJ,Hjorth Activity,RAW_TP9_HJ_Activity,2203330.8561456264,2079057.8564460725,-124272.99969955394,-5.640233256522791,Decrease
BCF_vs_ACF,Gamma,25,TP9,HJ,Hjorth Complexity,RAW_TP9_HJ_Complexity,1.3136907700992888,1.3101806773595714,-0.003510092739717363,-0.26719322534724593,Decrease
BCF_vs_ACF,Gamma,25,TP9,HJ,Hjorth Mobility,RAW_TP9_HJ_Mobility,0.6723058226041658,0.6719067585165427,-0.0003990640876231355,-0.05935752364561817,Decrease
BCF_vs_ACF,Gamma,26,AF7,EN,Entropy,RAW_AF7_EN,5.417449905533458,5.4196992594311695,0.0022493538977110816,0.04152052971294779,Increase
BCF_vs_ACF,Gamma,26,AF7,BP,Gamma Band Power,RAW_AF7_BP_Gamma,664764.9767829832,609865.6796701803,-54899.29711280286,-8.258452089109545,Decrease
BCF_vs_ACF,Gamma,26,AF7,RP,Gamma Relative Power,RAW_AF7_RP_Gamma,0.3987075036052083,0.3955740473180196,-0.003133456287188696,-0.785903515448101,Decrease
BCF_vs_ACF,Gamma,26,AF7,HJ,Hjorth Activity,RAW_AF7_HJ_Activity,1678986.12150195,1563370.7195929636,-115615.4019089865,-6.886024871102678,Decrease
BCF_vs_ACF,Gamma,26,AF7,HJ,Hjorth Complexity,RAW_AF7_HJ_Complexity,1.3119786782367038,1.3167202313857034,0.0047415531489996,0.3614047413767605,Increase
BCF_vs_ACF,Gamma,26,AF7,HJ,Hjorth Mobility,RAW_AF7_HJ_Mobility,0.6739712636828601,0.6745711424824758,0.0005998787996157606,0.08900658409941288,Increase
BCF_vs_ACF,Gamma,26,AF8,EN,Entropy,RAW_AF8_EN,5.414071178826619,5.422896221259324,0.00882504243270521,0.16300196545657245,Increase
BCF_vs_ACF,Gamma,26,AF8,BP,Gamma Band Power,RAW_AF8_BP_Gamma,681761.0726097744,586518.659624273,-95242.41298550146,-13.970057372286524,Decrease
BCF_vs_ACF,Gamma,26,AF8,RP,Gamma Relative Power,RAW_AF8_RP_Gamma,0.4011271504375905,0.3905166474663024,-0.010610502971288127,-2.6451719759465564,Decrease
BCF_vs_ACF,Gamma,26,AF8,HJ,Hjorth Activity,RAW_AF8_HJ_Activity,1710873.3655102346,1510352.8904250609,-200520.47508517373,-11.720357516079071,Decrease
BCF_vs_ACF,Gamma,26,AF8,HJ,Hjorth Complexity,RAW_AF8_HJ_Complexity,1.3137070157250854,1.3234459076399787,0.0097388919148933,0.7413290633542085,Increase
BCF_vs_ACF,Gamma,26,AF8,HJ,Hjorth Mobility,RAW_AF8_HJ_Mobility,0.6757340889908265,0.6725341194747253,-0.003199969516101242,-0.4735545487841569,Decrease
BCF_vs_ACF,Gamma,26,TP10,EN,Entropy,RAW_TP10_EN,5.435503366972868,5.420463446716323,-0.015039920256544548,-0.2766978371852349,Decrease
BCF_vs_ACF,Gamma,26,TP10,BP,Gamma Band Power,RAW_TP10_BP_Gamma,671522.8601143023,662090.3934856813,-9432.466628620983,-1.4046382020435537,Decrease
BCF_vs_ACF,Gamma,26,TP10,RP,Gamma Relative Power,RAW_TP10_RP_Gamma,0.4122884835966036,0.4089787692388791,-0.0033097143577244803,-0.8027666280785112,Decrease
BCF_vs_ACF,Gamma,26,TP10,HJ,Hjorth Activity,RAW_TP10_HJ_Activity,1646240.684893397,1645560.3998300005,-680.2850633964408,-0.041323548229552656,Decrease
BCF_vs_ACF,Gamma,26,TP10,HJ,Hjorth Complexity,RAW_TP10_HJ_Complexity,1.3044318668992092,1.305538074724394,0.0011062078251848906,0.0848038025791626,Increase
BCF_vs_ACF,Gamma,26,TP10,HJ,Hjorth Mobility,RAW_TP10_HJ_Mobility,0.6860758922253751,0.6811727002828818,-0.0049031919424933346,-0.7146719478204084,Decrease
BCF_vs_ACF,Gamma,26,TP9,EN,Entropy,RAW_TP9_EN,5.421743686371578,5.412482662303665,-0.009261024067913404,-0.17081265001871027,Decrease
BCF_vs_ACF,Gamma,26,TP9,BP,Gamma Band Power,RAW_TP9_BP_Gamma,656846.0371791874,641810.9933786483,-15035.043800539104,-2.2889753381335463,Decrease
BCF_vs_ACF,Gamma,26,TP9,RP,Gamma Relative Power,RAW_TP9_RP_Gamma,0.4004601255668347,0.4073562237757225,0.006896098208887813,1.7220436614323769,Increase
BCF_vs_ACF,Gamma,26,TP9,HJ,Hjorth Activity,RAW_TP9_HJ_Activity,1638604.6349851035,1605618.2293139044,-32986.405671199085,-2.0130789921449823,Decrease
BCF_vs_ACF,Gamma,26,TP9,HJ,Hjorth Complexity,RAW_TP9_HJ_Complexity,1.3078583948302387,1.3063415531852598,-0.0015168416449788946,-0.11597904260696221,Decrease
BCF_vs_ACF,Gamma,26,TP9,HJ,Hjorth Mobility,RAW_TP9_HJ_Mobility,0.6782038103987345,0.6769576745607211,-0.0012461358380133625,-0.18374061291114324,Decrease
BCF_vs_ACF,Gamma,27,AF7,EN,Entropy,RAW_AF7_EN,5.350745170392136,5.388800977818869,0.03805580742673342,0.7112244409864964,Increase
BCF_vs_ACF,Gamma,27,AF7,BP,Gamma Band Power,RAW_AF7_BP_Gamma,672023.198279434,937895.8462857106,265872.6480062766,39.56301637904531,Increase
BCF_vs_ACF,Gamma,27,AF7,RP,Gamma Relative Power,RAW_AF7_RP_Gamma,0.4597006961970957,0.4012904140260483,-0.05841028217104738,-12.706154820788893,Decrease
BCF_vs_ACF,Gamma,27,AF7,HJ,Hjorth Activity,RAW_AF7_HJ_Activity,1499424.5601336309,2358487.0133930705,859062.4532594397,57.292809261632925,Increase
BCF_vs_ACF,Gamma,27,AF7,HJ,Hjorth Complexity,RAW_AF7_HJ_Complexity,1.2911433008758288,1.320597608562421,0.029454307686592074,2.2812578330083237,Increase
BCF_vs_ACF,Gamma,27,AF7,HJ,Hjorth Mobility,RAW_AF7_HJ_Mobility,0.713602575120914,0.6751407198114185,-0.03846185530949542,-5.389814534088303,Decrease
BCF_vs_ACF,Gamma,27,AF8,EN,Entropy,RAW_AF8_EN,5.413204015254409,5.4095784229115305,-0.003625592342878292,-0.06697682800539889,Decrease
BCF_vs_ACF,Gamma,27,AF8,BP,Gamma Band Power,RAW_AF8_BP_Gamma,650384.8015160662,719368.931888656,68984.1303725898,10.606663964438553,Increase
BCF_vs_ACF,Gamma,27,AF8,RP,Gamma Relative Power,RAW_AF8_RP_Gamma,0.4005878633143404,0.3984323367406209,-0.0021555265737194795,-0.5380908337774684,Decrease
BCF_vs_ACF,Gamma,27,AF8,HJ,Hjorth Activity,RAW_AF8_HJ_Activity,1656988.6623055383,1831042.248048636,174053.5857430976,10.504211024649921,Increase
BCF_vs_ACF,Gamma,27,AF8,HJ,Hjorth Complexity,RAW_AF8_HJ_Complexity,1.3063809439386718,1.3149175346113828,0.008536590672711064,0.6534533982847055,Increase
BCF_vs_ACF,Gamma,27,AF8,HJ,Hjorth Mobility,RAW_AF8_HJ_Mobility,0.6757630058728796,0.6726717716848954,-0.003091234187984182,-0.4574435358430506,Decrease
BCF_vs_ACF,Gamma,27,TP10,EN,Entropy,RAW_TP10_EN,4.5173102602625255,5.143098515915955,0.6257882556534291,13.853116558282652,Increase
BCF_vs_ACF,Gamma,27,TP10,BP,Gamma Band Power,RAW_TP10_BP_Gamma,1234359.1271041248,886684.4842872506,-347674.6428168742,-28.166409206414528,Decrease
BCF_vs_ACF,Gamma,27,TP10,RP,Gamma Relative Power,RAW_TP10_RP_Gamma,0.713759684842857,0.5039680387927632,-0.20979164605009382,-29.392476278102208,Decrease
BCF_vs_ACF,Gamma,27,TP10,HJ,Hjorth Activity,RAW_TP10_HJ_Activity,1756802.2568116894,1827131.4292793493,70329.17246765993,4.003249210033231,Increase
BCF_vs_ACF,Gamma,27,TP10,HJ,Hjorth Complexity,RAW_TP10_HJ_Complexity,1.129659699886157,1.2740255623612076,0.14436586247505057,12.779588622095595,Increase
BCF_vs_ACF,Gamma,27,TP10,HJ,Hjorth Mobility,RAW_TP10_HJ_Mobility,0.8463409770252891,0.7437064041140686,-0.10263457291122047,-12.126858523612958,Decrease
BCF_vs_ACF,Gamma,27,TP9,EN,Entropy,RAW_TP9_EN,4.84486557580335,4.478157025634492,-0.36670855016885806,-7.5690139268322705,Decrease
BCF_vs_ACF,Gamma,27,TP9,BP,Gamma Band Power,RAW_TP9_BP_Gamma,972907.1467844418,1351038.5506235156,378131.40383907384,38.86613487102413,Increase
BCF_vs_ACF,Gamma,27,TP9,RP,Gamma Relative Power,RAW_TP9_RP_Gamma,0.5950664139385505,0.7053642245072175,0.11029781056866694,18.535378234278372,Increase
BCF_vs_ACF,Gamma,27,TP9,HJ,Hjorth Activity,RAW_TP9_HJ_Activity,1779452.1386631068,1894259.6553894903,114807.51672638347,6.451846286387773,Increase
BCF_vs_ACF,Gamma,27,TP9,HJ,Hjorth Complexity,RAW_TP9_HJ_Complexity,1.1998634476734111,1.141205159290508,-0.05865828838290321,-4.888747006723495,Decrease
BCF_vs_ACF,Gamma,27,TP9,HJ,Hjorth Mobility,RAW_TP9_HJ_Mobility,0.7902984672892481,0.8471630042406683,0.05686453695142013,7.195324210417302,Increase
BCF_vs_ACF,Gamma,28,AF7,EN,Entropy,RAW_AF7_EN,5.323232844963012,5.334533951291419,0.011301106328406973,0.2122978020602722,Increase
BCF_vs_ACF,Gamma,28,AF7,BP,Gamma Band Power,RAW_AF7_BP_Gamma,956472.5999013603,952837.9747807514,-3634.625120608951,-0.38000305716899624,Decrease
BCF_vs_ACF,Gamma,28,AF7,RP,Gamma Relative Power,RAW_AF7_RP_Gamma,0.429184411136544,0.4312903809128751,0.002105969776331096,0.4906911159131282,Increase
BCF_vs_ACF,Gamma,28,AF7,HJ,Hjorth Activity,RAW_AF7_HJ_Activity,2206693.4482344827,2223912.555997407,17219.107762924396,0.7803126336692099,Increase
BCF_vs_ACF,Gamma,28,AF7,HJ,Hjorth Complexity,RAW_AF7_HJ_Complexity,1.3198726968813392,1.3217190385716464,0.0018463416903071739,0.1398878615089017,Increase
BCF_vs_ACF,Gamma,28,AF7,HJ,Hjorth Mobility,RAW_AF7_HJ_Mobility,0.6951685984063567,0.6928533403122286,-0.0023152580941281364,-0.3330498672459837,Decrease
BCF_vs_ACF,Gamma,28,AF8,EN,Entropy,RAW_AF8_EN,5.396376189072243,5.398017662917561,0.0016414738453178757,0.030418076646359257,Increase
BCF_vs_ACF,Gamma,28,AF8,BP,Gamma Band Power,RAW_AF8_BP_Gamma,785304.3297802868,791108.0283988726,5803.698618585826,0.7390381535537427,Increase
BCF_vs_ACF,Gamma,28,AF8,RP,Gamma Relative Power,RAW_AF8_RP_Gamma,0.3920835331222608,0.3915244626438844,-0.0005590704783763889,-0.14258963489855558,Decrease
BCF_vs_ACF,Gamma,28,AF8,HJ,Hjorth Activity,RAW_AF8_HJ_Activity,2070225.3427736545,2022068.323303376,-48157.01947027841,-2.3261728312995342,Decrease
BCF_vs_ACF,Gamma,28,AF8,HJ,Hjorth Complexity,RAW_AF8_HJ_Complexity,1.3195405435648004,1.3184268782247783,-0.0011136653400221075,-0.08439796302230233,Decrease
BCF_vs_ACF,Gamma,28,AF8,HJ,Hjorth Mobility,RAW_AF8_HJ_Mobility,0.667923607097625,0.6682759861401478,0.00035237904252283236,0.052757387039222885,Increase
BCF_vs_ACF,Gamma,28,TP10,EN,Entropy,RAW_TP10_EN,4.866254366824126,4.816300532739189,-0.049953834084937476,-1.0265356128010823,Decrease
BCF_vs_ACF,Gamma,28,TP10,BP,Gamma Band Power,RAW_TP10_BP_Gamma,1068185.576901898,1065661.5537482102,-2524.0231536878273,-0.23629069782128628,Decrease
BCF_vs_ACF,Gamma,28,TP10,RP,Gamma Relative Power,RAW_TP10_RP_Gamma,0.5604064978876041,0.5526211445123619,-0.007785353375242221,-1.3892332449013933,Decrease
BCF_vs_ACF,Gamma,28,TP10,HJ,Hjorth Activity,RAW_TP10_HJ_Activity,1938730.7328144573,1956980.3509749672,18249.61816050997,0.9413178349949083,Increase
BCF_vs_ACF,Gamma,28,TP10,HJ,Hjorth Complexity,RAW_TP10_HJ_Complexity,1.2179173192075536,1.223226080409973,0.00530876120241941,0.4358884727802042,Increase
BCF_vs_ACF,Gamma,28,TP10,HJ,Hjorth Mobility,RAW_TP10_HJ_Mobility,0.7767413411724319,0.7741246221707373,-0.0026167190016945785,-0.3368842191075913,Decrease
BCF_vs_ACF,Gamma,28,TP9,EN,Entropy,RAW_TP9_EN,4.866827531976487,4.808233938602132,-0.058593593374354214,-1.2039381504558584,Decrease
BCF_vs_ACF,Gamma,28,TP9,BP,Gamma Band Power,RAW_TP9_BP_Gamma,1226931.2562434103,1099065.7708522389,-127865.48539117142,-10.421568832036034,Decrease
BCF_vs_ACF,Gamma,28,TP9,RP,Gamma Relative Power,RAW_TP9_RP_Gamma,0.5735612134751049,0.5575914053701462,-0.015969808104958738,-2.7843249734758952,Decrease
BCF_vs_ACF,Gamma,28,TP9,HJ,Hjorth Activity,RAW_TP9_HJ_Activity,2232475.807076009,1962593.4972303244,-269882.30984568456,-12.088924278161098,Decrease
BCF_vs_ACF,Gamma,28,TP9,HJ,Hjorth Complexity,RAW_TP9_HJ_Complexity,1.2099192724816916,1.218653880164961,0.00873460768326928,0.7219165676527771,Increase
BCF_vs_ACF,Gamma,28,TP9,HJ,Hjorth Mobility,RAW_TP9_HJ_Mobility,0.7739870885595712,0.7768400104075485,0.0028529218479772522,0.3686007027955315,Increase
BCF_vs_ACF,Beta,1,AF7,BP,Beta Band Power,RAW_AF7_BP_Beta,715417.4275300209,657256.3556308826,-58161.07189913839,-8.129669429488114,Decrease
BCF_vs_ACF,Beta,1,AF7,RP,Beta Relative Power,RAW_AF7_RP_Beta,0.3822270451036301,0.3765955134061931,-0.0056315316974369645,-1.4733472603724662,Decrease
BCF_vs_ACF,Beta,1,AF7,EN,Entropy,RAW_AF7_EN,5.412798682968103,5.409176925790644,-0.0036217571774592727,-0.06691098985180224,Decrease
BCF_vs_ACF,Beta,1,AF7,HJ,Hjorth Activity,RAW_AF7_HJ_Activity,1890338.981543269,1832535.529115008,-57803.45242826105,-3.0578352873552035,Decrease
BCF_vs_ACF,Beta,1,AF7,HJ,Hjorth Complexity,RAW_AF7_HJ_Complexity,1.3264043750763,1.334524993908265,0.008120618831965132,0.6122279890322287,Increase
BCF_vs_ACF,Beta,1,AF7,HJ,Hjorth Mobility,RAW_AF7_HJ_Mobility,0.6622206637514538,0.6608179916545807,-0.0014026720968731698,-0.21181339901522978,Decrease
BCF_vs_ACF,Beta,1,AF8,BP,Beta Band Power,RAW_AF8_BP_Beta,662218.4311328287,709682.6444907833,47464.213357954635,7.167455801065464,Increase
BCF_vs_ACF,Beta,1,AF8,RP,Beta Relative Power,RAW_AF8_RP_Beta,0.3812825415589613,0.3792739325549158,-0.0020086090040454807,-0.5268032981087519,Decrease
BCF_vs_ACF,Beta,1,AF8,EN,Entropy,RAW_AF8_EN,5.417019680556031,5.410144956500225,-0.006874724055806247,-0.12690971163502568,Decrease
BCF_vs_ACF,Beta,1,AF8,HJ,Hjorth Activity,RAW_AF8_HJ_Activity,1747678.2167943493,1911377.399355324,163699.18256097473,9.36666607089933,Increase
BCF_vs_ACF,Beta,1,AF8,HJ,Hjorth Complexity,RAW_AF8_HJ_Complexity,1.329878027621703,1.3291108400666425,-0.0007671875550605556,-0.05768856535155792,Decrease
BCF_vs_ACF,Beta,1,AF8,HJ,Hjorth Mobility,RAW_AF8_HJ_Mobility,0.6612778244212462,0.6623775343937741,0.0010997099725279513,0.16630074862867558,Increase
BCF_vs_ACF,Beta,1,TP10,BP,Beta Band Power,RAW_TP10_BP_Beta,657132.7168909292,702897.191878094,45764.47498716484,6.964266701510286,Increase
BCF_vs_ACF,Beta,1,TP10,RP,Beta Relative Power,RAW_TP10_RP_Beta,0.381313608605043,0.3816062587803451,0.00029265017530211157,0.07674789692733804,Increase
BCF_vs_ACF,Beta,1,TP10,EN,Entropy,RAW_TP10_EN,5.403511703449143,5.3961810697218695,-0.0073306337272738276,-0.13566425187151113,Decrease
BCF_vs_ACF,Beta,1,TP10,HJ,Hjorth Activity,RAW_TP10_HJ_Activity,1714110.9476763215,1834664.3266106893,120553.37893436779,7.0329974321552555,Increase
BCF_vs_ACF,Beta,1,TP10,HJ,Hjorth Complexity,RAW_TP10_HJ_Complexity,1.3179391140335228,1.333406239878593,0.015467125845070262,1.173584248344635,Increase
BCF_vs_ACF,Beta,1,TP10,HJ,Hjorth Mobility,RAW_TP10_HJ_Mobility,0.6672621057552968,0.6577277513708661,-0.009534354384430621,-1.4288769438867444,Decrease
BCF_vs_ACF,Beta,1,TP9,BP,Beta Band Power,RAW_TP9_BP_Beta,649164.6704215263,690600.9780464649,41436.30762493855,6.383019519228063,Increase
BCF_vs_ACF,Beta,1,TP9,RP,Beta Relative Power,RAW_TP9_RP_Beta,0.383750985776424,0.3824610117790986,-0.0012899739973254443,-0.33614871235197086,Decrease
BCF_vs_ACF,Beta,1,TP9,EN,Entropy,RAW_TP9_EN,5.405409143177643,5.4116327225152965,0.006223579337653717,0.11513613813135155,Increase
BCF_vs_ACF,Beta,1,TP9,HJ,Hjorth Activity,RAW_TP9_HJ_Activity,1731344.0356779806,1813921.4506708256,82577.41499284492,4.7695555182080405,Increase
BCF_vs_ACF,Beta,1,TP9,HJ,Hjorth Complexity,RAW_TP9_HJ_Complexity,1.3383556584665897,1.3337232714037504,-0.004632387062839305,-0.34612526450157693,Decrease
BCF_vs_ACF,Beta,1,TP9,HJ,Hjorth Mobility,RAW_TP9_HJ_Mobility,0.6580955631546617,0.6603935549313747,0.002297991776713082,0.34918815828166,Increase
BCF_vs_ACF,Beta,2,AF7,BP,Beta Band Power,RAW_AF7_BP_Beta,736567.0685895073,750475.8654451458,13908.796855638502,1.8883272751079168,Increase
BCF_vs_ACF,Beta,2,AF7,RP,Beta Relative Power,RAW_AF7_RP_Beta,0.3806299327878522,0.3755491804053256,-0.005080752382526588,-1.3348273335503529,Decrease
BCF_vs_ACF,Beta,2,AF7,EN,Entropy,RAW_AF7_EN,5.405962081831756,5.406527805469658,0.0005657236379015274,0.010464809581310224,Increase
BCF_vs_ACF,Beta,2,AF7,HJ,Hjorth Activity,RAW_AF7_HJ_Activity,1952198.9299499155,1997549.0052655693,45350.07531565381,2.3230253136557804,Increase
BCF_vs_ACF,Beta,2,AF7,HJ,Hjorth Complexity,RAW_AF7_HJ_Complexity,1.3294098657147482,1.3217037941713468,-0.007706071543401416,-0.5796610768536985,Decrease
BCF_vs_ACF,Beta,2,AF7,HJ,Hjorth Mobility,RAW_AF7_HJ_Mobility,0.6633556642750811,0.6649351319590393,0.0015794676839582245,0.23810269046006804,Increase
BCF_vs_ACF,Beta,2,AF8,BP,Beta Band Power,RAW_AF8_BP_Beta,750863.2666054303,861169.081403562,110305.8147981317,14.690532844523355,Increase
BCF_vs_ACF,Beta,2,AF8,RP,Beta Relative Power,RAW_AF8_RP_Beta,0.3870383175852882,0.3892135803557711,0.0021752627704828553,0.5620277558186502,Increase
BCF_vs_ACF,Beta,2,AF8,EN,Entropy,RAW_AF8_EN,5.411384185278304,5.40613424329809,-0.00524994198021389,-0.09701661904723716,Decrease
BCF_vs_ACF,Beta,2,AF8,HJ,Hjorth Activity,RAW_AF8_HJ_Activity,1947059.7586160183,2242802.1195969125,295742.3609808942,15.189177408253233,Increase
BCF_vs_ACF,Beta,2,AF8,HJ,Hjorth Complexity,RAW_AF8_HJ_Complexity,1.3208192721236185,1.3186100817365929,-0.0022091903870256058,-0.1672590969598483,Decrease
BCF_vs_ACF,Beta,2,AF8,HJ,Hjorth Mobility,RAW_AF8_HJ_Mobility,0.6643269253250604,0.6686714100849078,0.004344484759847389,0.6539678875309168,Increase
BCF_vs_ACF,Beta,2,TP10,BP,Beta Band Power,RAW_TP10_BP_Beta,636635.623094968,789682.4190099484,153046.79591498035,24.039935932417986,Increase
BCF_vs_ACF,Beta,2,TP10,RP,Beta Relative Power,RAW_TP10_RP_Beta,0.3689006174719676,0.3790378132710786,0.010137195799110987,2.7479476365694353,Increase
BCF_vs_ACF,Beta,2,TP10,EN,Entropy,RAW_TP10_EN,5.405942909755721,5.414365928464452,0.008423018708731078,0.15581035259419138,Increase
BCF_vs_ACF,Beta,2,TP10,HJ,Hjorth Activity,RAW_TP10_HJ_Activity,1722437.2170327832,2113028.8715173844,390591.6544846012,22.676684561975943,Increase
BCF_vs_ACF,Beta,2,TP10,HJ,Hjorth Complexity,RAW_TP10_HJ_Complexity,1.357337643542842,1.3368101887867705,-0.020527454756071428,-1.5123322375773716,Decrease
BCF_vs_ACF,Beta,2,TP10,HJ,Hjorth Mobility,RAW_TP10_HJ_Mobility,0.6492883124353307,0.6601236880546675,0.010835375619336785,1.6688080490307593,Increase
BCF_vs_ACF,Beta,2,TP9,BP,Beta Band Power,RAW_TP9_BP_Beta,691169.647703817,680560.2086982741,-10609.439005542896,-1.5349978172203098,Decrease
BCF_vs_ACF,Beta,2,TP9,RP,Beta Relative Power,RAW_TP9_RP_Beta,0.3730274553556749,0.3767588621590715,0.0037314068033966197,1.0003035298940104,Increase
BCF_vs_ACF,Beta,2,TP9,EN,Entropy,RAW_TP9_EN,5.408865132216425,5.4109620565156495,0.0020969242992245896,0.03876828591518827,Increase
BCF_vs_ACF,Beta,2,TP9,HJ,Hjorth Activity,RAW_TP9_HJ_Activity,1854816.0208358727,1839909.63025752,-14906.390578352846,-0.8036587139049662,Decrease
BCF_vs_ACF,Beta,2,TP9,HJ,Hjorth Complexity,RAW_TP9_HJ_Complexity,1.3398906905937504,1.3367839337389351,-0.003106756854815318,-0.23186644079440616,Decrease
BCF_vs_ACF,Beta,2,TP9,HJ,Hjorth Mobility,RAW_TP9_HJ_Mobility,0.6576952660600329,0.6569407700353729,-0.0007544960246600452,-0.11471817779378336,Decrease
BCF_vs_ACF,Beta,9,AF7,BP,Beta Band Power,RAW_AF7_BP_Beta,650802.5603546092,820952.8906679234,170150.33031331422,26.144692826746525,Increase
BCF_vs_ACF,Beta,9,AF7,RP,Beta Relative Power,RAW_AF7_RP_Beta,0.3807418992127536,0.3891579309707446,0.008416031757990994,2.210429631042058,Increase
BCF_vs_ACF,Beta,9,AF7,EN,Entropy,RAW_AF7_EN,5.404745328276249,5.400095812715429,-0.004649515560820383,-0.08602654294357412,Decrease
BCF_vs_ACF,Beta,9,AF7,HJ,Hjorth Activity,RAW_AF7_HJ_Activity,1720488.066935424,2220071.963325673,499583.8963902488,29.03733574160267,Increase
BCF_vs_ACF,Beta,9,AF7,HJ,Hjorth Complexity,RAW_AF7_HJ_Complexity,1.306816456983181,1.3144058646116337,0.007589407628452616,0.5807554372228335,Increase
BCF_vs_ACF,Beta,9,AF7,HJ,Hjorth Mobility,RAW_AF7_HJ_Mobility,0.6719882425787339,0.6689304639022072,-0.003057778676526679,-0.45503455012732796,Decrease
BCF_vs_ACF,Beta,9,AF8,BP,Beta Band Power,RAW_AF8_BP_Beta,686063.8198441381,836954.6581154529,150890.83827131474,21.993702904431622,Increase
BCF_vs_ACF,Beta,9,AF8,RP,Beta Relative Power,RAW_AF8_RP_Beta,0.3815712691839334,0.3866943809773739,0.0051231117934404935,1.3426356246363345,Increase
BCF_vs_ACF,Beta,9,AF8,EN,Entropy,RAW_AF8_EN,5.403844119382825,5.4026631278736845,-0.0011809915091403056,-0.021854655372168415,Decrease
BCF_vs_ACF,Beta,9,AF8,HJ,Hjorth Activity,RAW_AF8_HJ_Activity,1774992.8818411822,2226415.6901744,451422.80833321763,25.432372881685094,Increase
BCF_vs_ACF,Beta,9,AF8,HJ,Hjorth Complexity,RAW_AF8_HJ_Complexity,1.3175060512999617,1.3127390275248874,-0.004767023775074319,-0.3618217745846993,Decrease
BCF_vs_ACF,Beta,9,AF8,HJ,Hjorth Mobility,RAW_AF8_HJ_Mobility,0.6702189237852212,0.669232278908164,-0.0009866448770572411,-0.1472123275011289,Decrease
BCF_vs_ACF,Beta,9,TP10,BP,Beta Band Power,RAW_TP10_BP_Beta,679600.5555875539,722357.2342576083,42756.67867005442,6.291442571451227,Increase
BCF_vs_ACF,Beta,9,TP10,RP,Beta Relative Power,RAW_TP10_RP_Beta,0.3780449714033229,0.382887643123975,0.004842671720652114,1.2809776843944944,Increase
BCF_vs_ACF,Beta,9,TP10,EN,Entropy,RAW_TP10_EN,5.406932313461794,5.41637295928545,0.009440645823656446,0.174602626338632,Increase
BCF_vs_ACF,Beta,9,TP10,HJ,Hjorth Activity,RAW_TP10_HJ_Activity,1815758.5369717807,1892224.8737590392,76466.33678725851,4.211261312023609,Increase
BCF_vs_ACF,Beta,9,TP10,HJ,Hjorth Complexity,RAW_TP10_HJ_Complexity,1.319544701276932,1.318443974931734,-0.0011007263451978666,-0.08341713199505,Decrease
BCF_vs_ACF,Beta,9,TP10,HJ,Hjorth Mobility,RAW_TP10_HJ_Mobility,0.6660436345395875,0.6710400408134113,0.004996406273823806,0.7501620036167218,Increase
BCF_vs_ACF,Beta,9,TP9,BP,Beta Band Power,RAW_TP9_BP_Beta,738474.3476980479,812668.7363015293,74194.38860348146,10.046982516692447,Increase
BCF_vs_ACF,Beta,9,TP9,RP,Beta Relative Power,RAW_TP9_RP_Beta,0.3763552989072641,0.3823043895041515,0.005949090596887419,1.5807112625118918,Increase
BCF_vs_ACF,Beta,9,TP9,EN,Entropy,RAW_TP9_EN,5.412682671933908,5.409945675372909,-0.0027369965609986835,-0.05056635917695091,Decrease
BCF_vs_ACF,Beta,9,TP9,HJ,Hjorth Activity,RAW_TP9_HJ_Activity,1975212.537180921,2123858.0704727494,148645.53329182835,7.525546263693701,Increase
BCF_vs_ACF,Beta,9,TP9,HJ,Hjorth Complexity,RAW_TP9_HJ_Complexity,1.331823034381703,1.3218545052368105,-0.009968529144892546,-0.7484875157997565,Decrease
BCF_vs_ACF,Beta,9,TP9,HJ,Hjorth Mobility,RAW_TP9_HJ_Mobility,0.6610957722502662,0.6664077783710325,0.005312006120766322,0.8035153670224039,Increase
BCF_vs_ACF,Beta,14,AF7,BP,Beta Band Power,RAW_AF7_BP_Beta,752087.8669181562,692777.0171088822,-59310.84980927396,-7.886159638808307,Decrease
BCF_vs_ACF,Beta,14,AF7,RP,Beta Relative Power,RAW_AF7_RP_Beta,0.394498917746684,0.3807710648230434,-0.013727852923640593,-3.4798201734118654,Decrease
BCF_vs_ACF,Beta,14,AF7,EN,Entropy,RAW_AF7_EN,5.408539521165073,5.40529359742801,-0.0032459237370634497,-0.06001479187424397,Decrease
BCF_vs_ACF,Beta,14,AF7,HJ,Hjorth Activity,RAW_AF7_HJ_Activity,1913614.370076304,1856351.2576581703,-57263.112418133765,-2.992406062243901,Decrease
BCF_vs_ACF,Beta,14,AF7,HJ,Hjorth Complexity,RAW_AF7_HJ_Complexity,1.3200110456998548,1.3078289255015016,-0.012182120198353186,-0.9228801711954133,Decrease
BCF_vs_ACF,Beta,14,AF7,HJ,Hjorth Mobility,RAW_AF7_HJ_Mobility,0.668303865298733,0.6737331361111947,0.005429270812461695,0.8123955425627833,Increase
BCF_vs_ACF,Beta,14,AF8,BP,Beta Band Power,RAW_AF8_BP_Beta,591590.9495321895,642588.9862441216,50998.03671193204,8.620489673187123,Increase
BCF_vs_ACF,Beta,14,AF8,RP,Beta Relative Power,RAW_AF8_RP_Beta,0.3829935566304583,0.3840686254058999,0.0010750687754416122,0.2807015305688083,Increase
BCF_vs_ACF,Beta,14,AF8,EN,Entropy,RAW_AF8_EN,5.398012655524841,5.406190639880454,0.0081779843556129,0.15149991075405816,Increase
BCF_vs_ACF,Beta,14,AF8,HJ,Hjorth Activity,RAW_AF8_HJ_Activity,1570109.163351241,1694725.0882460475,124615.92489480646,7.93676820717524,Increase
BCF_vs_ACF,Beta,14,AF8,HJ,Hjorth Complexity,RAW_AF8_HJ_Complexity,1.3021457110256085,1.311666248825841,0.009520537800232542,0.7311422769064674,Increase
BCF_vs_ACF,Beta,14,AF8,HJ,Hjorth Mobility,RAW_AF8_HJ_Mobility,0.6760754912667348,0.6693661293158412,-0.006709361950893666,-0.9923983397656689,Decrease
BCF_vs_ACF,Beta,14,TP10,BP,Beta Band Power,RAW_TP10_BP_Beta,870942.0101062887,706392.0686859012,-164549.94142038748,-18.893329235583206,Decrease
BCF_vs_ACF,Beta,14,TP10,RP,Beta Relative Power,RAW_TP10_RP_Beta,0.3837966261604106,0.3790967786475601,-0.004699847512850519,-1.224567177640114,Decrease
BCF_vs_ACF,Beta,14,TP10,EN,Entropy,RAW_TP10_EN,5.405282132354049,5.403195809519848,-0.002086322834201404,-0.03859785267661489,Decrease
BCF_vs_ACF,Beta,14,TP10,HJ,Hjorth Activity,RAW_TP10_HJ_Activity,2279028.242417916,1916597.110911314,-362431.1315066023,-15.90288021714395,Decrease
BCF_vs_ACF,Beta,14,TP10,HJ,Hjorth Complexity,RAW_TP10_HJ_Complexity,1.3277870791344788,1.3152565826067772,-0.012530496527701551,-0.9437127928575406,Decrease
BCF_vs_ACF,Beta,14,TP10,HJ,Hjorth Mobility,RAW_TP10_HJ_Mobility,0.663565185288086,0.6721272362758081,0.008562050987722114,1.2903104589498484,Increase
BCF_vs_ACF,Beta,14,TP9,BP,Beta Band Power,RAW_TP9_BP_Beta,821832.6425314146,735719.7143386609,-86112.9281927537,-10.478158658617897,Decrease
BCF_vs_ACF,Beta,14,TP9,RP,Beta Relative Power,RAW_TP9_RP_Beta,0.381725380761882,0.3714385181611867,-0.010286862600695279,-2.6948332804498953,Decrease
BCF_vs_ACF,Beta,14,TP9,EN,Entropy,RAW_TP9_EN,5.400363273140924,5.405242937696734,0.004879664555810237,0.09035807979954946,Increase
BCF_vs_ACF,Beta,14,TP9,HJ,Hjorth Activity,RAW_TP9_HJ_Activity,2142081.562074115,2009503.712578652,-132577.84949546307,-6.189206416915882,Decrease
BCF_vs_ACF,Beta,14,TP9,HJ,Hjorth Complexity,RAW_TP9_HJ_Complexity,1.3301070203508008,1.322445787267606,-0.007661233083194663,-0.5759862150922337,Decrease
BCF_vs_ACF,Beta,14,TP9,HJ,Hjorth Mobility,RAW_TP9_HJ_Mobility,0.6608018354584807,0.665417026470378,0.004615191011897335,0.6984228499751671,Increase
BCF_vs_ACF,Beta,16,AF7,BP,Beta Band Power,RAW_AF7_BP_Beta,791302.3473312961,960939.6510344608,169637.30370316468,21.43773543390518,Increase
BCF_vs_ACF,Beta,16,AF7,RP,Beta Relative Power,RAW_AF7_RP_Beta,0.3724989326344874,0.379888950672992,0.007390018038504587,1.9839031446986728,Increase
BCF_vs_ACF,Beta,16,AF7,EN,Entropy,RAW_AF7_EN,5.412696006329889,5.397641856595586,-0.015054149734303301,-0.2781266436670043,Decrease
BCF_vs_ACF,Beta,16,AF7,HJ,Hjorth Activity,RAW_AF7_HJ_Activity,2224856.1294866386,2601587.38649485,376731.2570082112,16.932836780557935,Increase
BCF_vs_ACF,Beta,16,AF7,HJ,Hjorth Complexity,RAW_AF7_HJ_Complexity,1.3417440415376538,1.3177179252898612,-0.024026116247792606,-1.7906631595887994,Decrease
BCF_vs_ACF,Beta,16,AF7,HJ,Hjorth Mobility,RAW_AF7_HJ_Mobility,0.6524596480022055,0.6643645952926767,0.011904947290471202,1.824625833478511,Increase
BCF_vs_ACF,Beta,16,AF8,BP,Beta Band Power,RAW_AF8_BP_Beta,640777.5562330711,830675.3890746239,189897.8328415528,29.635531237689122,Increase
BCF_vs_ACF,Beta,16,AF8,RP,Beta Relative Power,RAW_AF8_RP_Beta,0.3745783965989431,0.3770990707720822,0.0025206741731391147,0.6729363455089943,Increase
BCF_vs_ACF,Beta,16,AF8,EN,Entropy,RAW_AF8_EN,5.408392595416777,5.407587582922311,-0.0008050124944665171,-0.014884505521080461,Decrease
BCF_vs_ACF,Beta,16,AF8,HJ,Hjorth Activity,RAW_AF8_HJ_Activity,1756107.486443845,2272171.818967208,516064.3325233627,29.386830618688602,Increase
BCF_vs_ACF,Beta,16,AF8,HJ,Hjorth Complexity,RAW_AF8_HJ_Complexity,1.3444785593903164,1.3348634007971911,-0.009615158593125228,-0.7151589384575561,Decrease
BCF_vs_ACF,Beta,16,AF8,HJ,Hjorth Mobility,RAW_AF8_HJ_Mobility,0.6563687720044836,0.6584079844186388,0.002039212414155167,0.31068090090995937,Increase
BCF_vs_ACF,Beta,16,TP10,BP,Beta Band Power,RAW_TP10_BP_Beta,681495.2758113322,715813.3947502528,34318.11893892067,5.035709000046163,Increase
BCF_vs_ACF,Beta,16,TP10,RP,Beta Relative Power,RAW_TP10_RP_Beta,0.3743644989853323,0.3721014823341453,-0.002263016651187,-0.6044955270386536,Decrease
BCF_vs_ACF,Beta,16,TP10,EN,Entropy,RAW_TP10_EN,5.40629910075178,5.411540287418813,0.005241186667032771,0.09694592491754574,Increase
BCF_vs_ACF,Beta,16,TP10,HJ,Hjorth Activity,RAW_TP10_HJ_Activity,1827067.51849412,1951121.50334336,124053.98484923993,6.789786561992299,Increase
BCF_vs_ACF,Beta,16,TP10,HJ,Hjorth Complexity,RAW_TP10_HJ_Complexity,1.347452521510205,1.3432323173273784,-0.004220204182826537,-0.3131987298592602,Decrease
BCF_vs_ACF,Beta,16,TP10,HJ,Hjorth Mobility,RAW_TP10_HJ_Mobility,0.6530001468312272,0.65689228149447,0.0038921346632427856,0.5960388649420529,Increase
BCF_vs_ACF,Beta,16,TP9,BP,Beta Band Power,RAW_TP9_BP_Beta,691335.9599825826,796358.4560815359,105022.4960989533,15.191238728793916,Increase
BCF_vs_ACF,Beta,16,TP9,RP,Beta Relative Power,RAW_TP9_RP_Beta,0.3679331448108691,0.3805049810791878,0.012571836268318703,3.4168806060625716,Increase
BCF_vs_ACF,Beta,16,TP9,EN,Entropy,RAW_TP9_EN,5.407225158281156,5.40834399556495,0.0011188372837942495,0.02069152386008473,Increase
BCF_vs_ACF,Beta,16,TP9,HJ,Hjorth Activity,RAW_TP9_HJ_Activity,1878677.606000882,2188247.1908356952,309569.58483481314,16.478057961940053,Increase
BCF_vs_ACF,Beta,16,TP9,HJ,Hjorth Complexity,RAW_TP9_HJ_Complexity,1.3302893274570484,1.3415662457254136,0.011276918268365188,0.8477041825120777,Increase
BCF_vs_ACF,Beta,16,TP9,HJ,Hjorth Mobility,RAW_TP9_HJ_Mobility,0.6653623785057172,0.6525001055505065,-0.012862272955210696,-1.9331229673816275,Decrease
BCF_vs_ACF,Beta,22,AF7,BP,Beta Band Power,RAW_AF7_BP_Beta,618703.7235611464,653056.2903028592,34352.56674171274,5.552345239492919,Increase
BCF_vs_ACF,Beta,22,AF7,RP,Beta Relative Power,RAW_AF7_RP_Beta,0.3746678514661046,0.3794251577162787,0.00475730625017412,1.2697396458111923,Increase
BCF_vs_ACF,Beta,22,AF7,EN,Entropy,RAW_AF7_EN,5.405084797294908,5.405766046874566,0.0006812495796584273,0.012603864790416858,Increase
BCF_vs_ACF,Beta,22,AF7,HJ,Hjorth Activity,RAW_AF7_HJ_Activity,1675846.5107154043,1752353.2093857308,76506.6986703265,4.565256912321073,Increase
BCF_vs_ACF,Beta,22,AF7,HJ,Hjorth Complexity,RAW_AF7_HJ_Complexity,1.3096508172068455,1.3086574263862576,-0.0009933908205879138,-0.07585157872130875,Decrease
BCF_vs_ACF,Beta,22,AF7,HJ,Hjorth Mobility,RAW_AF7_HJ_Mobility,0.6731702795565919,0.6742889153862793,0.0011186358296874088,0.16617427472054158,Increase
BCF_vs_ACF,Beta,22,AF8,BP,Beta Band Power,RAW_AF8_BP_Beta,726728.2945720912,743934.3947517908,17206.1001796996,2.367611156495677,Increase
BCF_vs_ACF,Beta,22,AF8,RP,Beta Relative Power,RAW_AF8_RP_Beta,0.3910207631468554,0.39060872259573,-0.0004120405511254255,-0.10537561939407183,Decrease
BCF_vs_ACF,Beta,22,AF8,EN,Entropy,RAW_AF8_EN,5.405914463814855,5.402543900887834,-0.0033705629270208703,-0.062349542331499,Decrease
BCF_vs_ACF,Beta,22,AF8,HJ,Hjorth Activity,RAW_AF8_HJ_Activity,1855757.217309496,1935247.1331726504,79489.91586315446,4.283422158982634,Increase
BCF_vs_ACF,Beta,22,AF8,HJ,Hjorth Complexity,RAW_AF8_HJ_Complexity,1.3040873851655348,1.3026952685636708,-0.0013921166018640019,-0.1067502544461231,Decrease
BCF_vs_ACF,Beta,22,AF8,HJ,Hjorth Mobility,RAW_AF8_HJ_Mobility,0.6761048255294112,0.6742213622011664,-0.0018834633282448499,-0.2785756375529548,Decrease
BCF_vs_ACF,Beta,22,TP10,BP,Beta Band Power,RAW_TP10_BP_Beta,634483.2411064272,616836.9775526302,-17646.263553796918,-2.7812024669122763,Decrease
BCF_vs_ACF,Beta,22,TP10,RP,Beta Relative Power,RAW_TP10_RP_Beta,0.3847218337961314,0.3837375487394713,-0.0009842850566600947,-0.25584330552491563,Decrease
BCF_vs_ACF,Beta,22,TP10,EN,Entropy,RAW_TP10_EN,5.406011010188747,5.404352745428109,-0.0016582647606382395,-0.03067446140070555,Decrease
BCF_vs_ACF,Beta,22,TP10,HJ,Hjorth Activity,RAW_TP10_HJ_Activity,1674367.613298392,1665650.509735773,-8717.103562618839,-0.5206206506495148,Decrease
BCF_vs_ACF,Beta,22,TP10,HJ,Hjorth Complexity,RAW_TP10_HJ_Complexity,1.307272197485073,1.315774524244092,0.008502326759018963,0.6503868724031399,Increase
BCF_vs_ACF,Beta,22,TP10,HJ,Hjorth Mobility,RAW_TP10_HJ_Mobility,0.6737542887338601,0.6705214535400265,-0.003232835193833661,-0.47982406166332603,Decrease
BCF_vs_ACF,Beta,22,TP9,BP,Beta Band Power,RAW_TP9_BP_Beta,629591.455484534,646791.7657709328,17200.310286398744,2.731979625289129,Increase
BCF_vs_ACF,Beta,22,TP9,RP,Beta Relative Power,RAW_TP9_RP_Beta,0.3894085429236888,0.3892475854739168,-0.00016095744977201454,-0.04133382605413381,Decrease
BCF_vs_ACF,Beta,22,TP9,EN,Entropy,RAW_TP9_EN,5.400342259335183,5.406839111833384,0.0064968524982012,0.12030445824004134,Increase
BCF_vs_ACF,Beta,22,TP9,HJ,Hjorth Activity,RAW_TP9_HJ_Activity,1658241.486344054,1683459.50348071,25218.01713665598,1.5207686784060903,Increase
BCF_vs_ACF,Beta,22,TP9,HJ,Hjorth Complexity,RAW_TP9_HJ_Complexity,1.3130316449515238,1.3050486951100948,-0.007982949841428999,-0.607978480345287,Decrease
BCF_vs_ACF,Beta,22,TP9,HJ,Hjorth Mobility,RAW_TP9_HJ_Mobility,0.6710475195890016,0.674186401484562,0.0031388818955604414,0.4677585124646495,Increase
BCF_vs_ACF,Beta,25,AF7,BP,Beta Band Power,RAW_AF7_BP_Beta,639111.0761817488,573150.5548463928,-65960.52133535594,-10.320666280644815,Decrease
BCF_vs_ACF,Beta,25,AF7,RP,Beta Relative Power,RAW_AF7_RP_Beta,0.3912773587598613,0.3871283396349184,-0.004149019124942921,-1.0603780239401224,Decrease
BCF_vs_ACF,Beta,25,AF7,EN,Entropy,RAW_AF7_EN,5.41429445480983,5.405970866425951,-0.008323588383878366,-0.1537335742145321,Decrease
BCF_vs_ACF,Beta,25,AF7,HJ,Hjorth Activity,RAW_AF7_HJ_Activity,1664368.607323164,1513240.109547007,-151128.497776157,-9.080230011020207,Decrease
BCF_vs_ACF,Beta,25,AF7,HJ,Hjorth Complexity,RAW_AF7_HJ_Complexity,1.3073534998232057,1.3079583268535198,0.000604827030314059,0.04626346511451189,Increase
BCF_vs_ACF,Beta,25,AF7,HJ,Hjorth Mobility,RAW_AF7_HJ_Mobility,0.6773984959783012,0.6757472461903082,-0.0016512497879929144,-0.24376342696305725,Decrease
BCF_vs_ACF,Beta,25,AF8,BP,Beta Band Power,RAW_AF8_BP_Beta,593771.7134749157,681142.2022518093,87370.48877689359,14.714491578855688,Increase
BCF_vs_ACF,Beta,25,AF8,RP,Beta Relative Power,RAW_AF8_RP_Beta,0.3895894651622016,0.3938742557482623,0.004284790586060683,1.099821984220429,Increase
BCF_vs_ACF,Beta,25,AF8,EN,Entropy,RAW_AF8_EN,5.413980311701489,5.399793056178493,-0.014187255522996267,-0.26204852449006305,Decrease
BCF_vs_ACF,Beta,25,AF8,HJ,Hjorth Activity,RAW_AF8_HJ_Activity,1545302.4670591522,1750470.54454555,205168.0774863977,13.276887978885505,Increase
BCF_vs_ACF,Beta,25,AF8,HJ,Hjorth Complexity,RAW_AF8_HJ_Complexity,1.3085659297932817,1.3033051364322124,-0.005260793361069327,-0.4020273829000264,Decrease
BCF_vs_ACF,Beta,25,AF8,HJ,Hjorth Mobility,RAW_AF8_HJ_Mobility,0.67527404336803,0.6762998793378339,0.0010258359698038788,0.1519140236291875,Increase
BCF_vs_ACF,Beta,25,TP10,BP,Beta Band Power,RAW_TP10_BP_Beta,647057.6004996897,624697.2212117006,-22360.37928798911,-3.4557015126197923,Decrease
BCF_vs_ACF,Beta,25,TP10,RP,Beta Relative Power,RAW_TP10_RP_Beta,0.3809359779916485,0.3848635636120301,0.003927585620381591,1.0310356194467138,Increase
BCF_vs_ACF,Beta,25,TP10,EN,Entropy,RAW_TP10_EN,5.44644036942589,5.446184768401989,-0.0002556010239009865,-0.00469299224013958,Decrease
BCF_vs_ACF,Beta,25,TP10,HJ,Hjorth Activity,RAW_TP10_HJ_Activity,1708028.5630855002,1630934.1049655871,-77094.458119913,-4.513651573873231,Decrease
BCF_vs_ACF,Beta,25,TP10,HJ,Hjorth Complexity,RAW_TP10_HJ_Complexity,1.305519709778256,1.307162837127405,0.001643127349149065,0.12586001856901508,Increase
BCF_vs_ACF,Beta,25,TP10,HJ,Hjorth Mobility,RAW_TP10_HJ_Mobility,0.6898334833263835,0.6860882053272197,-0.0037452779991637986,-0.5429249361895327,Decrease
BCF_vs_ACF,Beta,25,TP9,BP,Beta Band Power,RAW_TP9_BP_Beta,845989.8027216624,794276.0130725427,-51713.78964911972,-6.1128147742147165,Decrease
BCF_vs_ACF,Beta,25,TP9,RP,Beta Relative Power,RAW_TP9_RP_Beta,0.3842074244132329,0.3834212809026395,-0.0007861435105934178,-0.20461434648068746,Decrease
BCF_vs_ACF,Beta,25,TP9,EN,Entropy,RAW_TP9_EN,5.400798740101057,5.398086772785672,-0.002711967315384811,-0.050214189528085734,Decrease
BCF_vs_ACF,Beta,25,TP9,HJ,Hjorth Activity,RAW_TP9_HJ_Activity,2203330.8561456264,2079057.8564460725,-124272.99969955394,-5.640233256522791,Decrease
BCF_vs_ACF,Beta,25,TP9,HJ,Hjorth Complexity,RAW_TP9_HJ_Complexity,1.3136907700992888,1.3101806773595714,-0.003510092739717363,-0.26719322534724593,Decrease
BCF_vs_ACF,Beta,25,TP9,HJ,Hjorth Mobility,RAW_TP9_HJ_Mobility,0.6723058226041658,0.6719067585165427,-0.0003990640876231355,-0.05935752364561817,Decrease
BCF_vs_ACF,Beta,26,AF7,BP,Beta Band Power,RAW_AF7_BP_Beta,648349.5079061383,580150.8480529011,-68198.65985323722,-10.518811076680935,Decrease
BCF_vs_ACF,Beta,26,AF7,RP,Beta Relative Power,RAW_AF7_RP_Beta,0.3815826188492852,0.3738405038644785,-0.007742114984806703,-2.0289485428225515,Decrease
BCF_vs_ACF,Beta,26,AF7,EN,Entropy,RAW_AF7_EN,5.417449905533458,5.4196992594311695,0.0022493538977110816,0.04152052971294779,Increase
BCF_vs_ACF,Beta,26,AF7,HJ,Hjorth Activity,RAW_AF7_HJ_Activity,1678986.12150195,1563370.7195929636,-115615.4019089865,-6.886024871102678,Decrease
BCF_vs_ACF,Beta,26,AF7,HJ,Hjorth Complexity,RAW_AF7_HJ_Complexity,1.3119786782367038,1.3167202313857034,0.0047415531489996,0.3614047413767605,Increase
BCF_vs_ACF,Beta,26,AF7,HJ,Hjorth Mobility,RAW_AF7_HJ_Mobility,0.6739712636828601,0.6745711424824758,0.0005998787996157606,0.08900658409941288,Increase
BCF_vs_ACF,Beta,26,AF8,BP,Beta Band Power,RAW_AF8_BP_Beta,648567.4673424169,564414.3593609341,-84153.10798148275,-12.975228055503651,Decrease
BCF_vs_ACF,Beta,26,AF8,RP,Beta Relative Power,RAW_AF8_RP_Beta,0.379057090478873,0.3794503342263884,0.000393243747515426,0.10374261750878493,Increase
BCF_vs_ACF,Beta,26,AF8,EN,Entropy,RAW_AF8_EN,5.414071178826619,5.422896221259324,0.00882504243270521,0.16300196545657245,Increase
BCF_vs_ACF,Beta,26,AF8,HJ,Hjorth Activity,RAW_AF8_HJ_Activity,1710873.3655102346,1510352.8904250609,-200520.47508517373,-11.720357516079071,Decrease
BCF_vs_ACF,Beta,26,AF8,HJ,Hjorth Complexity,RAW_AF8_HJ_Complexity,1.3137070157250854,1.3234459076399787,0.0097388919148933,0.7413290633542085,Increase
BCF_vs_ACF,Beta,26,AF8,HJ,Hjorth Mobility,RAW_AF8_HJ_Mobility,0.6757340889908265,0.6725341194747253,-0.003199969516101242,-0.4735545487841569,Decrease
BCF_vs_ACF,Beta,26,TP10,BP,Beta Band Power,RAW_TP10_BP_Beta,628113.4266831257,608453.3027625381,-19660.12392058759,-3.130027648733235,Decrease
BCF_vs_ACF,Beta,26,TP10,RP,Beta Relative Power,RAW_TP10_RP_Beta,0.3832773910061642,0.3777885921025352,-0.005488798903629022,-1.432069574785001,Decrease
BCF_vs_ACF,Beta,26,TP10,EN,Entropy,RAW_TP10_EN,5.435503366972868,5.420463446716323,-0.015039920256544548,-0.2766978371852349,Decrease
BCF_vs_ACF,Beta,26,TP10,HJ,Hjorth Activity,RAW_TP10_HJ_Activity,1646240.684893397,1645560.3998300005,-680.2850633964408,-0.041323548229552656,Decrease
BCF_vs_ACF,Beta,26,TP10,HJ,Hjorth Complexity,RAW_TP10_HJ_Complexity,1.3044318668992092,1.305538074724394,0.0011062078251848906,0.0848038025791626,Increase
BCF_vs_ACF,Beta,26,TP10,HJ,Hjorth Mobility,RAW_TP10_HJ_Mobility,0.6860758922253751,0.6811727002828818,-0.0049031919424933346,-0.7146719478204084,Decrease
BCF_vs_ACF,Beta,26,TP9,BP,Beta Band Power,RAW_TP9_BP_Beta,622450.0307787895,609218.8351271877,-13231.195651601884,-2.125663908321674,Decrease
BCF_vs_ACF,Beta,26,TP9,RP,Beta Relative Power,RAW_TP9_RP_Beta,0.3864325232131622,0.3878344211908633,0.0014018979777011276,0.36277950055663893,Increase
BCF_vs_ACF,Beta,26,TP9,EN,Entropy,RAW_TP9_EN,5.421743686371578,5.412482662303665,-0.009261024067913404,-0.17081265001871027,Decrease
BCF_vs_ACF,Beta,26,TP9,HJ,Hjorth Activity,RAW_TP9_HJ_Activity,1638604.6349851035,1605618.2293139044,-32986.405671199085,-2.0130789921449823,Decrease
BCF_vs_ACF,Beta,26,TP9,HJ,Hjorth Complexity,RAW_TP9_HJ_Complexity,1.3078583948302387,1.3063415531852598,-0.0015168416449788946,-0.11597904260696221,Decrease
BCF_vs_ACF,Beta,26,TP9,HJ,Hjorth Mobility,RAW_TP9_HJ_Mobility,0.6782038103987345,0.6769576745607211,-0.0012461358380133625,-0.18374061291114324,Decrease
BCF_vs_ACF,Beta,27,AF7,BP,Beta Band Power,RAW_AF7_BP_Beta,481533.7637124978,855619.7139700353,374085.95025753754,77.68633862212153,Increase
BCF_vs_ACF,Beta,27,AF7,RP,Beta Relative Power,RAW_AF7_RP_Beta,0.3195502836646638,0.3632567596966196,0.043706476031955765,13.67749561374865,Increase
BCF_vs_ACF,Beta,27,AF7,EN,Entropy,RAW_AF7_EN,5.350745170392136,5.388800977818869,0.03805580742673342,0.7112244409864964,Increase
BCF_vs_ACF,Beta,27,AF7,HJ,Hjorth Activity,RAW_AF7_HJ_Activity,1499424.5601336309,2358487.0133930705,859062.4532594397,57.292809261632925,Increase
BCF_vs_ACF,Beta,27,AF7,HJ,Hjorth Complexity,RAW_AF7_HJ_Complexity,1.2911433008758288,1.320597608562421,0.029454307686592074,2.2812578330083237,Increase
BCF_vs_ACF,Beta,27,AF7,HJ,Hjorth Mobility,RAW_AF7_HJ_Mobility,0.713602575120914,0.6751407198114185,-0.03846185530949542,-5.389814534088303,Decrease
BCF_vs_ACF,Beta,27,AF8,BP,Beta Band Power,RAW_AF8_BP_Beta,626400.0542985601,694155.6598980478,67755.60559948767,10.816666622955529,Increase
BCF_vs_ACF,Beta,27,AF8,RP,Beta Relative Power,RAW_AF8_RP_Beta,0.3850820344911785,0.3830798078566489,-0.0020022266345295914,-0.5199480773428444,Decrease
BCF_vs_ACF,Beta,27,AF8,EN,Entropy,RAW_AF8_EN,5.413204015254409,5.4095784229115305,-0.003625592342878292,-0.06697682800539889,Decrease
BCF_vs_ACF,Beta,27,AF8,HJ,Hjorth Activity,RAW_AF8_HJ_Activity,1656988.6623055383,1831042.248048636,174053.5857430976,10.504211024649921,Increase
BCF_vs_ACF,Beta,27,AF8,HJ,Hjorth Complexity,RAW_AF8_HJ_Complexity,1.3063809439386718,1.3149175346113828,0.008536590672711064,0.6534533982847055,Increase
BCF_vs_ACF,Beta,27,AF8,HJ,Hjorth Mobility,RAW_AF8_HJ_Mobility,0.6757630058728796,0.6726717716848954,-0.003091234187984182,-0.4574435358430506,Decrease
BCF_vs_ACF,Beta,27,TP10,BP,Beta Band Power,RAW_TP10_BP_Beta,303030.2580536908,471459.211468477,168428.9534147862,55.58156287645177,Increase
BCF_vs_ACF,Beta,27,TP10,RP,Beta Relative Power,RAW_TP10_RP_Beta,0.1900884740553759,0.268279737025188,0.07819126296981208,41.13414206641149,Increase
BCF_vs_ACF,Beta,27,TP10,EN,Entropy,RAW_TP10_EN,4.5173102602625255,5.143098515915955,0.6257882556534291,13.853116558282652,Increase
BCF_vs_ACF,Beta,27,TP10,HJ,Hjorth Activity,RAW_TP10_HJ_Activity,1756802.2568116894,1827131.4292793493,70329.17246765993,4.003249210033231,Increase
BCF_vs_ACF,Beta,27,TP10,HJ,Hjorth Complexity,RAW_TP10_HJ_Complexity,1.129659699886157,1.2740255623612076,0.14436586247505057,12.779588622095595,Increase
BCF_vs_ACF,Beta,27,TP10,HJ,Hjorth Mobility,RAW_TP10_HJ_Mobility,0.8463409770252891,0.7437064041140686,-0.10263457291122047,-12.126858523612958,Decrease
BCF_vs_ACF,Beta,27,TP9,BP,Beta Band Power,RAW_TP9_BP_Beta,441127.13693609386,349612.5094134575,-91514.62752263638,-20.745635409841974,Decrease
BCF_vs_ACF,Beta,27,TP9,RP,Beta Relative Power,RAW_TP9_RP_Beta,0.2524304889321909,0.1936506936651158,-0.05877979526707508,-23.28553714558022,Decrease
BCF_vs_ACF,Beta,27,TP9,EN,Entropy,RAW_TP9_EN,4.84486557580335,4.478157025634492,-0.36670855016885806,-7.5690139268322705,Decrease
BCF_vs_ACF,Beta,27,TP9,HJ,Hjorth Activity,RAW_TP9_HJ_Activity,1779452.1386631068,1894259.6553894903,114807.51672638347,6.451846286387773,Increase
BCF_vs_ACF,Beta,27,TP9,HJ,Hjorth Complexity,RAW_TP9_HJ_Complexity,1.1998634476734111,1.141205159290508,-0.05865828838290321,-4.888747006723495,Decrease
BCF_vs_ACF,Beta,27,TP9,HJ,Hjorth Mobility,RAW_TP9_HJ_Mobility,0.7902984672892481,0.8471630042406683,0.05686453695142013,7.195324210417302,Increase
BCF_vs_ACF,Beta,28,AF7,BP,Beta Band Power,RAW_AF7_BP_Beta,677928.7430020834,676336.9528581585,-1591.7901439248817,-0.23480198477437764,Decrease
BCF_vs_ACF,Beta,28,AF7,RP,Beta Relative Power,RAW_AF7_RP_Beta,0.3094455293361497,0.3127647536936911,0.003319224357541395,1.0726360676989235,Increase
BCF_vs_ACF,Beta,28,AF7,EN,Entropy,RAW_AF7_EN,5.323232844963012,5.334533951291419,0.011301106328406973,0.2122978020602722,Increase
BCF_vs_ACF,Beta,28,AF7,HJ,Hjorth Activity,RAW_AF7_HJ_Activity,2206693.4482344827,2223912.555997407,17219.107762924396,0.7803126336692099,Increase
BCF_vs_ACF,Beta,28,AF7,HJ,Hjorth Complexity,RAW_AF7_HJ_Complexity,1.3198726968813392,1.3217190385716464,0.0018463416903071739,0.1398878615089017,Increase
BCF_vs_ACF,Beta,28,AF7,HJ,Hjorth Mobility,RAW_AF7_HJ_Mobility,0.6951685984063567,0.6928533403122286,-0.0023152580941281364,-0.3330498672459837,Decrease
BCF_vs_ACF,Beta,28,AF8,BP,Beta Band Power,RAW_AF8_BP_Beta,781892.4736020417,761410.9123272431,-20481.561274798587,-2.6194856666727615,Decrease
BCF_vs_ACF,Beta,28,AF8,RP,Beta Relative Power,RAW_AF8_RP_Beta,0.3785973662403302,0.3797730304098832,0.0011756641695530035,0.31053152356234365,Increase
BCF_vs_ACF,Beta,28,AF8,EN,Entropy,RAW_AF8_EN,5.396376189072243,5.398017662917561,0.0016414738453178757,0.030418076646359257,Increase
BCF_vs_ACF,Beta,28,AF8,HJ,Hjorth Activity,RAW_AF8_HJ_Activity,2070225.3427736545,2022068.323303376,-48157.01947027841,-2.3261728312995342,Decrease
BCF_vs_ACF,Beta,28,AF8,HJ,Hjorth Complexity,RAW_AF8_HJ_Complexity,1.3195405435648004,1.3184268782247783,-0.0011136653400221075,-0.08439796302230233,Decrease
BCF_vs_ACF,Beta,28,AF8,HJ,Hjorth Mobility,RAW_AF8_HJ_Mobility,0.667923607097625,0.6682759861401478,0.00035237904252283236,0.052757387039222885,Increase
BCF_vs_ACF,Beta,28,TP10,BP,Beta Band Power,RAW_TP10_BP_Beta,543572.6784443351,546256.219465317,2683.541020981851,0.4936857806507029,Increase
BCF_vs_ACF,Beta,28,TP10,RP,Beta Relative Power,RAW_TP10_RP_Beta,0.2876375990102394,0.2816300888159869,-0.006007510194252497,-2.0885691630455585,Decrease
BCF_vs_ACF,Beta,28,TP10,EN,Entropy,RAW_TP10_EN,4.866254366824126,4.816300532739189,-0.049953834084937476,-1.0265356128010823,Decrease
BCF_vs_ACF,Beta,28,TP10,HJ,Hjorth Activity,RAW_TP10_HJ_Activity,1938730.7328144573,1956980.3509749672,18249.61816050997,0.9413178349949083,Increase
BCF_vs_ACF,Beta,28,TP10,HJ,Hjorth Complexity,RAW_TP10_HJ_Complexity,1.2179173192075536,1.223226080409973,0.00530876120241941,0.4358884727802042,Increase
BCF_vs_ACF,Beta,28,TP10,HJ,Hjorth Mobility,RAW_TP10_HJ_Mobility,0.7767413411724319,0.7741246221707373,-0.0026167190016945785,-0.3368842191075913,Decrease
BCF_vs_ACF,Beta,28,TP9,BP,Beta Band Power,RAW_TP9_BP_Beta,542727.7246734572,544579.8851529055,1852.16047944827,0.34126881588049673,Increase
BCF_vs_ACF,Beta,28,TP9,RP,Beta Relative Power,RAW_TP9_RP_Beta,0.2471609729219446,0.277591671461807,0.03043069853986241,12.312096922143393,Increase
BCF_vs_ACF,Beta,28,TP9,EN,Entropy,RAW_TP9_EN,4.866827531976487,4.808233938602132,-0.058593593374354214,-1.2039381504558584,Decrease
BCF_vs_ACF,Beta,28,TP9,HJ,Hjorth Activity,RAW_TP9_HJ_Activity,2232475.807076009,1962593.4972303244,-269882.30984568456,-12.088924278161098,Decrease
BCF_vs_ACF,Beta,28,TP9,HJ,Hjorth Complexity,RAW_TP9_HJ_Complexity,1.2099192724816916,1.218653880164961,0.00873460768326928,0.7219165676527771,Increase
BCF_vs_ACF,Beta,28,TP9,HJ,Hjorth Mobility,RAW_TP9_HJ_Mobility,0.7739870885595712,0.7768400104075485,0.0028529218479772522,0.3686007027955315,Increase
BCF_vs_ACF,Alpha,1,AF7,BP,Alpha Band Power,RAW_AF7_BP_Alpha,243355.24922867212,238775.7580218875,-4579.491206784616,-1.8818132016052935,Decrease
BCF_vs_ACF,Alpha,1,AF7,RP,Alpha Relative Power,RAW_AF7_RP_Alpha,0.1276147652979078,0.1302945814207895,0.0026798161228817063,2.0999263812661972,Increase
BCF_vs_ACF,Alpha,1,AF7,EN,Entropy,RAW_AF7_EN,5.412798682968103,5.409176925790644,-0.0036217571774592727,-0.06691098985180224,Decrease
BCF_vs_ACF,Alpha,1,AF7,HJ,Hjorth Activity,RAW_AF7_HJ_Activity,1890338.981543269,1832535.529115008,-57803.45242826105,-3.0578352873552035,Decrease
BCF_vs_ACF,Alpha,1,AF7,HJ,Hjorth Complexity,RAW_AF7_HJ_Complexity,1.3264043750763,1.334524993908265,0.008120618831965132,0.6122279890322287,Increase
BCF_vs_ACF,Alpha,1,AF7,HJ,Hjorth Mobility,RAW_AF7_HJ_Mobility,0.6622206637514538,0.6608179916545807,-0.0014026720968731698,-0.21181339901522978,Decrease
BCF_vs_ACF,Alpha,1,AF8,BP,Alpha Band Power,RAW_AF8_BP_Alpha,219184.223753484,240494.77338307348,21310.549629589485,9.722665830893657,Increase
BCF_vs_ACF,Alpha,1,AF8,RP,Alpha Relative Power,RAW_AF8_RP_Alpha,0.1256658153726785,0.1283259388127823,0.0026601234401037732,2.116823443364313,Increase
BCF_vs_ACF,Alpha,1,AF8,EN,Entropy,RAW_AF8_EN,5.417019680556031,5.410144956500225,-0.006874724055806247,-0.12690971163502568,Decrease
BCF_vs_ACF,Alpha,1,AF8,HJ,Hjorth Activity,RAW_AF8_HJ_Activity,1747678.2167943493,1911377.399355324,163699.18256097473,9.36666607089933,Increase
BCF_vs_ACF,Alpha,1,AF8,HJ,Hjorth Complexity,RAW_AF8_HJ_Complexity,1.329878027621703,1.3291108400666425,-0.0007671875550605556,-0.05768856535155792,Decrease
BCF_vs_ACF,Alpha,1,AF8,HJ,Hjorth Mobility,RAW_AF8_HJ_Mobility,0.6612778244212462,0.6623775343937741,0.0010997099725279513,0.16630074862867558,Increase
BCF_vs_ACF,Alpha,1,TP10,BP,Alpha Band Power,RAW_TP10_BP_Alpha,205201.0902410604,247170.8903757667,41969.80013470631,20.453010305843016,Increase
BCF_vs_ACF,Alpha,1,TP10,RP,Alpha Relative Power,RAW_TP10_RP_Alpha,0.1250484997846936,0.1328093157650457,0.007760815980352109,6.2062447720001055,Increase
BCF_vs_ACF,Alpha,1,TP10,EN,Entropy,RAW_TP10_EN,5.403511703449143,5.3961810697218695,-0.0073306337272738276,-0.13566425187151113,Decrease
BCF_vs_ACF,Alpha,1,TP10,HJ,Hjorth Activity,RAW_TP10_HJ_Activity,1714110.9476763215,1834664.3266106893,120553.37893436779,7.0329974321552555,Increase
BCF_vs_ACF,Alpha,1,TP10,HJ,Hjorth Complexity,RAW_TP10_HJ_Complexity,1.3179391140335228,1.333406239878593,0.015467125845070262,1.173584248344635,Increase
BCF_vs_ACF,Alpha,1,TP10,HJ,Hjorth Mobility,RAW_TP10_HJ_Mobility,0.6672621057552968,0.6577277513708661,-0.009534354384430621,-1.4288769438867444,Decrease
BCF_vs_ACF,Alpha,1,TP9,BP,Alpha Band Power,RAW_TP9_BP_Alpha,225599.14517761988,236819.5272523867,11220.382074766821,4.973592460172104,Increase
BCF_vs_ACF,Alpha,1,TP9,RP,Alpha Relative Power,RAW_TP9_RP_Alpha,0.1311868766154862,0.1317645687812125,0.0005776921657263123,0.4403581978855632,Increase
BCF_vs_ACF,Alpha,1,TP9,EN,Entropy,RAW_TP9_EN,5.405409143177643,5.4116327225152965,0.006223579337653717,0.11513613813135155,Increase
BCF_vs_ACF,Alpha,1,TP9,HJ,Hjorth Activity,RAW_TP9_HJ_Activity,1731344.0356779806,1813921.4506708256,82577.41499284492,4.7695555182080405,Increase
BCF_vs_ACF,Alpha,1,TP9,HJ,Hjorth Complexity,RAW_TP9_HJ_Complexity,1.3383556584665897,1.3337232714037504,-0.004632387062839305,-0.34612526450157693,Decrease
BCF_vs_ACF,Alpha,1,TP9,HJ,Hjorth Mobility,RAW_TP9_HJ_Mobility,0.6580955631546617,0.6603935549313747,0.002297991776713082,0.34918815828166,Increase
BCF_vs_ACF,Alpha,2,AF7,BP,Alpha Band Power,RAW_AF7_BP_Alpha,245230.42211746084,255077.5781904173,9847.156072956452,4.015470832668488,Increase
BCF_vs_ACF,Alpha,2,AF7,RP,Alpha Relative Power,RAW_AF7_RP_Alpha,0.1264261965186807,0.1278946754853021,0.0014684789666213893,1.161530606043667,Increase
BCF_vs_ACF,Alpha,2,AF7,EN,Entropy,RAW_AF7_EN,5.405962081831756,5.406527805469658,0.0005657236379015274,0.010464809581310224,Increase
BCF_vs_ACF,Alpha,2,AF7,HJ,Hjorth Activity,RAW_AF7_HJ_Activity,1952198.9299499155,1997549.0052655693,45350.07531565381,2.3230253136557804,Increase
BCF_vs_ACF,Alpha,2,AF7,HJ,Hjorth Complexity,RAW_AF7_HJ_Complexity,1.3294098657147482,1.3217037941713468,-0.007706071543401416,-0.5796610768536985,Decrease
BCF_vs_ACF,Alpha,2,AF7,HJ,Hjorth Mobility,RAW_AF7_HJ_Mobility,0.6633556642750811,0.6649351319590393,0.0015794676839582245,0.23810269046006804,Increase
BCF_vs_ACF,Alpha,2,AF8,BP,Alpha Band Power,RAW_AF8_BP_Alpha,231034.96191844452,281937.5469114552,50902.58499301071,22.032416466465087,Increase
BCF_vs_ACF,Alpha,2,AF8,RP,Alpha Relative Power,RAW_AF8_RP_Alpha,0.1242596153890481,0.1263960836133684,0.002136468224320301,1.7193584718825736,Increase
BCF_vs_ACF,Alpha,2,AF8,EN,Entropy,RAW_AF8_EN,5.411384185278304,5.40613424329809,-0.00524994198021389,-0.09701661904723716,Decrease
BCF_vs_ACF,Alpha,2,AF8,HJ,Hjorth Activity,RAW_AF8_HJ_Activity,1947059.7586160183,2242802.1195969125,295742.3609808942,15.189177408253233,Increase
BCF_vs_ACF,Alpha,2,AF8,HJ,Hjorth Complexity,RAW_AF8_HJ_Complexity,1.3208192721236185,1.3186100817365929,-0.0022091903870256058,-0.1672590969598483,Decrease
BCF_vs_ACF,Alpha,2,AF8,HJ,Hjorth Mobility,RAW_AF8_HJ_Mobility,0.6643269253250604,0.6686714100849078,0.004344484759847389,0.6539678875309168,Increase
BCF_vs_ACF,Alpha,2,TP10,BP,Alpha Band Power,RAW_TP10_BP_Alpha,220091.3523512978,265331.3149461445,45239.96259484673,20.555084110091325,Increase
BCF_vs_ACF,Alpha,2,TP10,RP,Alpha Relative Power,RAW_TP10_RP_Alpha,0.1304743663446038,0.1259389879636225,-0.004535378380981309,-3.4760685244507297,Decrease
BCF_vs_ACF,Alpha,2,TP10,EN,Entropy,RAW_TP10_EN,5.405942909755721,5.414365928464452,0.008423018708731078,0.15581035259419138,Increase
BCF_vs_ACF,Alpha,2,TP10,HJ,Hjorth Activity,RAW_TP10_HJ_Activity,1722437.2170327832,2113028.8715173844,390591.6544846012,22.676684561975943,Increase
BCF_vs_ACF,Alpha,2,TP10,HJ,Hjorth Complexity,RAW_TP10_HJ_Complexity,1.357337643542842,1.3368101887867705,-0.020527454756071428,-1.5123322375773716,Decrease
BCF_vs_ACF,Alpha,2,TP10,HJ,Hjorth Mobility,RAW_TP10_HJ_Mobility,0.6492883124353307,0.6601236880546675,0.010835375619336785,1.6688080490307593,Increase
BCF_vs_ACF,Alpha,2,TP9,BP,Alpha Band Power,RAW_TP9_BP_Alpha,238132.9994003957,241579.60384422075,3446.6044438250537,1.4473443212420758,Increase
BCF_vs_ACF,Alpha,2,TP9,RP,Alpha Relative Power,RAW_TP9_RP_Alpha,0.1270239740386434,0.1304129854309356,0.003389011392292196,2.6680092619848175,Increase
BCF_vs_ACF,Alpha,2,TP9,EN,Entropy,RAW_TP9_EN,5.408865132216425,5.4109620565156495,0.0020969242992245896,0.03876828591518827,Increase
BCF_vs_ACF,Alpha,2,TP9,HJ,Hjorth Activity,RAW_TP9_HJ_Activity,1854816.0208358727,1839909.63025752,-14906.390578352846,-0.8036587139049662,Decrease
BCF_vs_ACF,Alpha,2,TP9,HJ,Hjorth Complexity,RAW_TP9_HJ_Complexity,1.3398906905937504,1.3367839337389351,-0.003106756854815318,-0.23186644079440616,Decrease
BCF_vs_ACF,Alpha,2,TP9,HJ,Hjorth Mobility,RAW_TP9_HJ_Mobility,0.6576952660600329,0.6569407700353729,-0.0007544960246600452,-0.11471817779378336,Decrease
BCF_vs_ACF,Alpha,9,AF7,BP,Alpha Band Power,RAW_AF7_BP_Alpha,213233.6657565492,268773.16231150815,55539.496554958954,26.046307630601305,Increase
BCF_vs_ACF,Alpha,9,AF7,RP,Alpha Relative Power,RAW_AF7_RP_Alpha,0.1238293234479701,0.1254198662402295,0.0015905427922593973,1.2844637667165344,Increase
BCF_vs_ACF,Alpha,9,AF7,EN,Entropy,RAW_AF7_EN,5.404745328276249,5.400095812715429,-0.004649515560820383,-0.08602654294357412,Decrease
BCF_vs_ACF,Alpha,9,AF7,HJ,Hjorth Activity,RAW_AF7_HJ_Activity,1720488.066935424,2220071.963325673,499583.8963902488,29.03733574160267,Increase
BCF_vs_ACF,Alpha,9,AF7,HJ,Hjorth Complexity,RAW_AF7_HJ_Complexity,1.306816456983181,1.3144058646116337,0.007589407628452616,0.5807554372228335,Increase
BCF_vs_ACF,Alpha,9,AF7,HJ,Hjorth Mobility,RAW_AF7_HJ_Mobility,0.6719882425787339,0.6689304639022072,-0.003057778676526679,-0.45503455012732796,Decrease
BCF_vs_ACF,Alpha,9,AF8,BP,Alpha Band Power,RAW_AF8_BP_Alpha,221176.98820318212,268201.3107043135,47024.32250113139,21.26094711893488,Increase
BCF_vs_ACF,Alpha,9,AF8,RP,Alpha Relative Power,RAW_AF8_RP_Alpha,0.1263097655721593,0.1268958536997592,0.0005860881275998875,0.4640085625565207,Increase
BCF_vs_ACF,Alpha,9,AF8,EN,Entropy,RAW_AF8_EN,5.403844119382825,5.4026631278736845,-0.0011809915091403056,-0.021854655372168415,Decrease
BCF_vs_ACF,Alpha,9,AF8,HJ,Hjorth Activity,RAW_AF8_HJ_Activity,1774992.8818411822,2226415.6901744,451422.80833321763,25.432372881685094,Increase
BCF_vs_ACF,Alpha,9,AF8,HJ,Hjorth Complexity,RAW_AF8_HJ_Complexity,1.3175060512999617,1.3127390275248874,-0.004767023775074319,-0.3618217745846993,Decrease
BCF_vs_ACF,Alpha,9,AF8,HJ,Hjorth Mobility,RAW_AF8_HJ_Mobility,0.6702189237852212,0.669232278908164,-0.0009866448770572411,-0.1472123275011289,Decrease
BCF_vs_ACF,Alpha,9,TP10,BP,Alpha Band Power,RAW_TP10_BP_Alpha,227940.509734385,232779.6966499421,4839.186915557104,2.1230043405606676,Increase
BCF_vs_ACF,Alpha,9,TP10,RP,Alpha Relative Power,RAW_TP10_RP_Alpha,0.1263876726125477,0.1246327210137298,-0.0017549515988179165,-1.3885464955097888,Decrease
BCF_vs_ACF,Alpha,9,TP10,EN,Entropy,RAW_TP10_EN,5.406932313461794,5.41637295928545,0.009440645823656446,0.174602626338632,Increase
BCF_vs_ACF,Alpha,9,TP10,HJ,Hjorth Activity,RAW_TP10_HJ_Activity,1815758.5369717807,1892224.8737590392,76466.33678725851,4.211261312023609,Increase
BCF_vs_ACF,Alpha,9,TP10,HJ,Hjorth Complexity,RAW_TP10_HJ_Complexity,1.319544701276932,1.318443974931734,-0.0011007263451978666,-0.08341713199505,Decrease
BCF_vs_ACF,Alpha,9,TP10,HJ,Hjorth Mobility,RAW_TP10_HJ_Mobility,0.6660436345395875,0.6710400408134113,0.004996406273823806,0.7501620036167218,Increase
BCF_vs_ACF,Alpha,9,TP9,BP,Alpha Band Power,RAW_TP9_BP_Alpha,248796.4992348248,274514.0143130248,25717.515078200027,10.336767260509857,Increase
BCF_vs_ACF,Alpha,9,TP9,RP,Alpha Relative Power,RAW_TP9_RP_Alpha,0.1291512798532057,0.1278390399513421,-0.0013122399018636044,-1.016048701457009,Decrease
BCF_vs_ACF,Alpha,9,TP9,EN,Entropy,RAW_TP9_EN,5.412682671933908,5.409945675372909,-0.0027369965609986835,-0.05056635917695091,Decrease
BCF_vs_ACF,Alpha,9,TP9,HJ,Hjorth Activity,RAW_TP9_HJ_Activity,1975212.537180921,2123858.0704727494,148645.53329182835,7.525546263693701,Increase
BCF_vs_ACF,Alpha,9,TP9,HJ,Hjorth Complexity,RAW_TP9_HJ_Complexity,1.331823034381703,1.3218545052368105,-0.009968529144892546,-0.7484875157997565,Decrease
BCF_vs_ACF,Alpha,9,TP9,HJ,Hjorth Mobility,RAW_TP9_HJ_Mobility,0.6610957722502662,0.6664077783710325,0.005312006120766322,0.8035153670224039,Increase
BCF_vs_ACF,Alpha,14,AF7,BP,Alpha Band Power,RAW_AF7_BP_Alpha,233930.3182197401,224588.7450887152,-9341.573131024896,-3.9933144203437463,Decrease
BCF_vs_ACF,Alpha,14,AF7,RP,Alpha Relative Power,RAW_AF7_RP_Alpha,0.1218838006990922,0.1234564516617325,0.0015726509626402957,1.2902871042911357,Increase
BCF_vs_ACF,Alpha,14,AF7,EN,Entropy,RAW_AF7_EN,5.408539521165073,5.40529359742801,-0.0032459237370634497,-0.06001479187424397,Decrease
BCF_vs_ACF,Alpha,14,AF7,HJ,Hjorth Activity,RAW_AF7_HJ_Activity,1913614.370076304,1856351.2576581703,-57263.112418133765,-2.992406062243901,Decrease
BCF_vs_ACF,Alpha,14,AF7,HJ,Hjorth Complexity,RAW_AF7_HJ_Complexity,1.3200110456998548,1.3078289255015016,-0.012182120198353186,-0.9228801711954133,Decrease
BCF_vs_ACF,Alpha,14,AF7,HJ,Hjorth Mobility,RAW_AF7_HJ_Mobility,0.668303865298733,0.6737331361111947,0.005429270812461695,0.8123955425627833,Increase
BCF_vs_ACF,Alpha,14,AF8,BP,Alpha Band Power,RAW_AF8_BP_Alpha,189808.8711899864,212856.5848761313,23047.71368614488,12.142590355050164,Increase
BCF_vs_ACF,Alpha,14,AF8,RP,Alpha Relative Power,RAW_AF8_RP_Alpha,0.1225444644908495,0.1254284081788728,0.002883943688023291,2.3533855241895787,Increase
BCF_vs_ACF,Alpha,14,AF8,EN,Entropy,RAW_AF8_EN,5.398012655524841,5.406190639880454,0.0081779843556129,0.15149991075405816,Increase
BCF_vs_ACF,Alpha,14,AF8,HJ,Hjorth Activity,RAW_AF8_HJ_Activity,1570109.163351241,1694725.0882460475,124615.92489480646,7.93676820717524,Increase
BCF_vs_ACF,Alpha,14,AF8,HJ,Hjorth Complexity,RAW_AF8_HJ_Complexity,1.3021457110256085,1.311666248825841,0.009520537800232542,0.7311422769064674,Increase
BCF_vs_ACF,Alpha,14,AF8,HJ,Hjorth Mobility,RAW_AF8_HJ_Mobility,0.6760754912667348,0.6693661293158412,-0.006709361950893666,-0.9923983397656689,Decrease
BCF_vs_ACF,Alpha,14,TP10,BP,Alpha Band Power,RAW_TP10_BP_Alpha,286658.6102849465,234941.8393409108,-51716.7709440357,-18.041241075098988,Decrease
BCF_vs_ACF,Alpha,14,TP10,RP,Alpha Relative Power,RAW_TP10_RP_Alpha,0.1285134886200541,0.1249489829247559,-0.0035645056952982035,-2.7736432444352572,Decrease
BCF_vs_ACF,Alpha,14,TP10,EN,Entropy,RAW_TP10_EN,5.405282132354049,5.403195809519848,-0.002086322834201404,-0.03859785267661489,Decrease
BCF_vs_ACF,Alpha,14,TP10,HJ,Hjorth Activity,RAW_TP10_HJ_Activity,2279028.242417916,1916597.110911314,-362431.1315066023,-15.90288021714395,Decrease
BCF_vs_ACF,Alpha,14,TP10,HJ,Hjorth Complexity,RAW_TP10_HJ_Complexity,1.3277870791344788,1.3152565826067772,-0.012530496527701551,-0.9437127928575406,Decrease
BCF_vs_ACF,Alpha,14,TP10,HJ,Hjorth Mobility,RAW_TP10_HJ_Mobility,0.663565185288086,0.6721272362758081,0.008562050987722114,1.2903104589498484,Increase
BCF_vs_ACF,Alpha,14,TP9,BP,Alpha Band Power,RAW_TP9_BP_Alpha,273515.1763084162,252419.3119448333,-21095.864363582892,-7.712867946967286,Decrease
BCF_vs_ACF,Alpha,14,TP9,RP,Alpha Relative Power,RAW_TP9_RP_Alpha,0.1260614795601427,0.1273498102326829,0.0012883306725402222,1.0219860000338743,Increase
BCF_vs_ACF,Alpha,14,TP9,EN,Entropy,RAW_TP9_EN,5.400363273140924,5.405242937696734,0.004879664555810237,0.09035807979954946,Increase
BCF_vs_ACF,Alpha,14,TP9,HJ,Hjorth Activity,RAW_TP9_HJ_Activity,2142081.562074115,2009503.712578652,-132577.84949546307,-6.189206416915882,Decrease
BCF_vs_ACF,Alpha,14,TP9,HJ,Hjorth Complexity,RAW_TP9_HJ_Complexity,1.3301070203508008,1.322445787267606,-0.007661233083194663,-0.5759862150922337,Decrease
BCF_vs_ACF,Alpha,14,TP9,HJ,Hjorth Mobility,RAW_TP9_HJ_Mobility,0.6608018354584807,0.665417026470378,0.004615191011897335,0.6984228499751671,Increase
BCF_vs_ACF,Alpha,16,AF7,BP,Alpha Band Power,RAW_AF7_BP_Alpha,280256.18676376133,333969.86258511373,53713.6758213524,19.1659197399377,Increase
BCF_vs_ACF,Alpha,16,AF7,RP,Alpha Relative Power,RAW_AF7_RP_Alpha,0.136465671843864,0.1301104013641282,-0.006355270479735803,-4.657047002272579,Decrease
BCF_vs_ACF,Alpha,16,AF7,EN,Entropy,RAW_AF7_EN,5.412696006329889,5.397641856595586,-0.015054149734303301,-0.2781266436670043,Decrease
BCF_vs_ACF,Alpha,16,AF7,HJ,Hjorth Activity,RAW_AF7_HJ_Activity,2224856.1294866386,2601587.38649485,376731.2570082112,16.932836780557935,Increase
BCF_vs_ACF,Alpha,16,AF7,HJ,Hjorth Complexity,RAW_AF7_HJ_Complexity,1.3417440415376538,1.3177179252898612,-0.024026116247792606,-1.7906631595887994,Decrease
BCF_vs_ACF,Alpha,16,AF7,HJ,Hjorth Mobility,RAW_AF7_HJ_Mobility,0.6524596480022055,0.6643645952926767,0.011904947290471202,1.824625833478511,Increase
BCF_vs_ACF,Alpha,16,AF8,BP,Alpha Band Power,RAW_AF8_BP_Alpha,225829.4085964701,285858.2627053975,60028.85410892739,26.581504367392515,Increase
BCF_vs_ACF,Alpha,16,AF8,RP,Alpha Relative Power,RAW_AF8_RP_Alpha,0.1288745673802304,0.131172390597299,0.0022978232170685897,1.7829919927405944,Increase
BCF_vs_ACF,Alpha,16,AF8,EN,Entropy,RAW_AF8_EN,5.408392595416777,5.407587582922311,-0.0008050124944665171,-0.014884505521080461,Decrease
BCF_vs_ACF,Alpha,16,AF8,HJ,Hjorth Activity,RAW_AF8_HJ_Activity,1756107.486443845,2272171.818967208,516064.3325233627,29.386830618688602,Increase
BCF_vs_ACF,Alpha,16,AF8,HJ,Hjorth Complexity,RAW_AF8_HJ_Complexity,1.3444785593903164,1.3348634007971911,-0.009615158593125228,-0.7151589384575561,Decrease
BCF_vs_ACF,Alpha,16,AF8,HJ,Hjorth Mobility,RAW_AF8_HJ_Mobility,0.6563687720044836,0.6584079844186388,0.002039212414155167,0.31068090090995937,Increase
BCF_vs_ACF,Alpha,16,TP10,BP,Alpha Band Power,RAW_TP10_BP_Alpha,242542.0646846572,262769.816213372,20227.751528714783,8.339894176712827,Increase
BCF_vs_ACF,Alpha,16,TP10,RP,Alpha Relative Power,RAW_TP10_RP_Alpha,0.1330264317014506,0.1327709919857659,-0.00025543971568470214,-0.1920217752348511,Decrease
BCF_vs_ACF,Alpha,16,TP10,EN,Entropy,RAW_TP10_EN,5.40629910075178,5.411540287418813,0.005241186667032771,0.09694592491754574,Increase
BCF_vs_ACF,Alpha,16,TP10,HJ,Hjorth Activity,RAW_TP10_HJ_Activity,1827067.51849412,1951121.50334336,124053.98484923993,6.789786561992299,Increase
BCF_vs_ACF,Alpha,16,TP10,HJ,Hjorth Complexity,RAW_TP10_HJ_Complexity,1.347452521510205,1.3432323173273784,-0.004220204182826537,-0.3131987298592602,Decrease
BCF_vs_ACF,Alpha,16,TP10,HJ,Hjorth Mobility,RAW_TP10_HJ_Mobility,0.6530001468312272,0.65689228149447,0.0038921346632427856,0.5960388649420529,Increase
BCF_vs_ACF,Alpha,16,TP9,BP,Alpha Band Power,RAW_TP9_BP_Alpha,243427.8884965029,286601.3402568572,43173.451760354306,17.735622663043614,Increase
BCF_vs_ACF,Alpha,16,TP9,RP,Alpha Relative Power,RAW_TP9_RP_Alpha,0.129121776540359,0.1329075379391439,0.0037857613987848926,2.931931003599222,Increase
BCF_vs_ACF,Alpha,16,TP9,EN,Entropy,RAW_TP9_EN,5.407225158281156,5.40834399556495,0.0011188372837942495,0.02069152386008473,Increase
BCF_vs_ACF,Alpha,16,TP9,HJ,Hjorth Activity,RAW_TP9_HJ_Activity,1878677.606000882,2188247.1908356952,309569.58483481314,16.478057961940053,Increase
BCF_vs_ACF,Alpha,16,TP9,HJ,Hjorth Complexity,RAW_TP9_HJ_Complexity,1.3302893274570484,1.3415662457254136,0.011276918268365188,0.8477041825120777,Increase
BCF_vs_ACF,Alpha,16,TP9,HJ,Hjorth Mobility,RAW_TP9_HJ_Mobility,0.6653623785057172,0.6525001055505065,-0.012862272955210696,-1.9331229673816275,Decrease
BCF_vs_ACF,Alpha,22,AF7,BP,Alpha Band Power,RAW_AF7_BP_Alpha,206806.8881266116,211301.71095473823,4494.822828126635,2.1734396125987874,Increase
BCF_vs_ACF,Alpha,22,AF7,RP,Alpha Relative Power,RAW_AF7_RP_Alpha,0.1300934811070507,0.1230288182716088,-0.007064662835441909,-5.430451068972912,Decrease
BCF_vs_ACF,Alpha,22,AF7,EN,Entropy,RAW_AF7_EN,5.405084797294908,5.405766046874566,0.0006812495796584273,0.012603864790416858,Increase
BCF_vs_ACF,Alpha,22,AF7,HJ,Hjorth Activity,RAW_AF7_HJ_Activity,1675846.5107154043,1752353.2093857308,76506.6986703265,4.565256912321073,Increase
BCF_vs_ACF,Alpha,22,AF7,HJ,Hjorth Complexity,RAW_AF7_HJ_Complexity,1.3096508172068455,1.3086574263862576,-0.0009933908205879138,-0.07585157872130875,Decrease
BCF_vs_ACF,Alpha,22,AF7,HJ,Hjorth Mobility,RAW_AF7_HJ_Mobility,0.6731702795565919,0.6742889153862793,0.0011186358296874088,0.16617427472054158,Increase
BCF_vs_ACF,Alpha,22,AF8,BP,Alpha Band Power,RAW_AF8_BP_Alpha,231460.4638727252,232473.95935278185,1013.4954800566484,0.4378698042417932,Increase
BCF_vs_ACF,Alpha,22,AF8,RP,Alpha Relative Power,RAW_AF8_RP_Alpha,0.125361296528602,0.1227252679340394,-0.002636028594562606,-2.102745159436971,Decrease
BCF_vs_ACF,Alpha,22,AF8,EN,Entropy,RAW_AF8_EN,5.405914463814855,5.402543900887834,-0.0033705629270208703,-0.062349542331499,Decrease
BCF_vs_ACF,Alpha,22,AF8,HJ,Hjorth Activity,RAW_AF8_HJ_Activity,1855757.217309496,1935247.1331726504,79489.91586315446,4.283422158982634,Increase
BCF_vs_ACF,Alpha,22,AF8,HJ,Hjorth Complexity,RAW_AF8_HJ_Complexity,1.3040873851655348,1.3026952685636708,-0.0013921166018640019,-0.1067502544461231,Decrease
BCF_vs_ACF,Alpha,22,AF8,HJ,Hjorth Mobility,RAW_AF8_HJ_Mobility,0.6761048255294112,0.6742213622011664,-0.0018834633282448499,-0.2785756375529548,Decrease
BCF_vs_ACF,Alpha,22,TP10,BP,Alpha Band Power,RAW_TP10_BP_Alpha,205156.9922326188,213052.2107099516,7895.218477332819,3.8483789372290884,Increase
BCF_vs_ACF,Alpha,22,TP10,RP,Alpha Relative Power,RAW_TP10_RP_Alpha,0.12477866023577,0.1301812079803,0.005402547744530001,4.329704882487002,Increase
BCF_vs_ACF,Alpha,22,TP10,EN,Entropy,RAW_TP10_EN,5.406011010188747,5.404352745428109,-0.0016582647606382395,-0.03067446140070555,Decrease
BCF_vs_ACF,Alpha,22,TP10,HJ,Hjorth Activity,RAW_TP10_HJ_Activity,1674367.613298392,1665650.509735773,-8717.103562618839,-0.5206206506495148,Decrease
BCF_vs_ACF,Alpha,22,TP10,HJ,Hjorth Complexity,RAW_TP10_HJ_Complexity,1.307272197485073,1.315774524244092,0.008502326759018963,0.6503868724031399,Increase
BCF_vs_ACF,Alpha,22,TP10,HJ,Hjorth Mobility,RAW_TP10_HJ_Mobility,0.6737542887338601,0.6705214535400265,-0.003232835193833661,-0.47982406166332603,Decrease
BCF_vs_ACF,Alpha,22,TP9,BP,Alpha Band Power,RAW_TP9_BP_Alpha,202924.2570696961,205444.967298822,2520.7102291259216,1.2421926612056842,Increase
BCF_vs_ACF,Alpha,22,TP9,RP,Alpha Relative Power,RAW_TP9_RP_Alpha,0.1262332984138281,0.1233681614452038,-0.00286513696862431,-2.2697156809066246,Decrease
BCF_vs_ACF,Alpha,22,TP9,EN,Entropy,RAW_TP9_EN,5.400342259335183,5.406839111833384,0.0064968524982012,0.12030445824004134,Increase
BCF_vs_ACF,Alpha,22,TP9,HJ,Hjorth Activity,RAW_TP9_HJ_Activity,1658241.486344054,1683459.50348071,25218.01713665598,1.5207686784060903,Increase
BCF_vs_ACF,Alpha,22,TP9,HJ,Hjorth Complexity,RAW_TP9_HJ_Complexity,1.3130316449515238,1.3050486951100948,-0.007982949841428999,-0.607978480345287,Decrease
BCF_vs_ACF,Alpha,22,TP9,HJ,Hjorth Mobility,RAW_TP9_HJ_Mobility,0.6710475195890016,0.674186401484562,0.0031388818955604414,0.4677585124646495,Increase
BCF_vs_ACF,Alpha,25,AF7,BP,Alpha Band Power,RAW_AF7_BP_Alpha,201380.6667304473,189969.74650774823,-11410.92022269906,-5.666343451912811,Decrease
BCF_vs_ACF,Alpha,25,AF7,RP,Alpha Relative Power,RAW_AF7_RP_Alpha,0.1209122938619296,0.1247137585406069,0.0038014646786772993,3.14398524522098,Increase
BCF_vs_ACF,Alpha,25,AF7,EN,Entropy,RAW_AF7_EN,5.41429445480983,5.405970866425951,-0.008323588383878366,-0.1537335742145321,Decrease
BCF_vs_ACF,Alpha,25,AF7,HJ,Hjorth Activity,RAW_AF7_HJ_Activity,1664368.607323164,1513240.109547007,-151128.497776157,-9.080230011020207,Decrease
BCF_vs_ACF,Alpha,25,AF7,HJ,Hjorth Complexity,RAW_AF7_HJ_Complexity,1.3073534998232057,1.3079583268535198,0.000604827030314059,0.04626346511451189,Increase
BCF_vs_ACF,Alpha,25,AF7,HJ,Hjorth Mobility,RAW_AF7_HJ_Mobility,0.6773984959783012,0.6757472461903082,-0.0016512497879929144,-0.24376342696305725,Decrease
BCF_vs_ACF,Alpha,25,AF8,BP,Alpha Band Power,RAW_AF8_BP_Alpha,191294.39175314945,211452.44911805977,20158.057364910317,10.537714765272744,Increase
BCF_vs_ACF,Alpha,25,AF8,RP,Alpha Relative Power,RAW_AF8_RP_Alpha,0.1230471362608136,0.1230757421776834,2.8605916869803294e-05,0.023247933872406035,Increase
BCF_vs_ACF,Alpha,25,AF8,EN,Entropy,RAW_AF8_EN,5.413980311701489,5.399793056178493,-0.014187255522996267,-0.26204852449006305,Decrease
BCF_vs_ACF,Alpha,25,AF8,HJ,Hjorth Activity,RAW_AF8_HJ_Activity,1545302.4670591522,1750470.54454555,205168.0774863977,13.276887978885505,Increase
BCF_vs_ACF,Alpha,25,AF8,HJ,Hjorth Complexity,RAW_AF8_HJ_Complexity,1.3085659297932817,1.3033051364322124,-0.005260793361069327,-0.4020273829000264,Decrease
BCF_vs_ACF,Alpha,25,AF8,HJ,Hjorth Mobility,RAW_AF8_HJ_Mobility,0.67527404336803,0.6762998793378339,0.0010258359698038788,0.1519140236291875,Increase
BCF_vs_ACF,Alpha,25,TP10,BP,Alpha Band Power,RAW_TP10_BP_Alpha,210666.6053290473,189893.0931214424,-20773.512207604916,-9.860847273424312,Decrease
BCF_vs_ACF,Alpha,25,TP10,RP,Alpha Relative Power,RAW_TP10_RP_Alpha,0.1228204597059126,0.1186908682974262,-0.004129591408486399,-3.362299260542175,Decrease
BCF_vs_ACF,Alpha,25,TP10,EN,Entropy,RAW_TP10_EN,5.44644036942589,5.446184768401989,-0.0002556010239009865,-0.00469299224013958,Decrease
BCF_vs_ACF,Alpha,25,TP10,HJ,Hjorth Activity,RAW_TP10_HJ_Activity,1708028.5630855002,1630934.1049655871,-77094.458119913,-4.513651573873231,Decrease
BCF_vs_ACF,Alpha,25,TP10,HJ,Hjorth Complexity,RAW_TP10_HJ_Complexity,1.305519709778256,1.307162837127405,0.001643127349149065,0.12586001856901508,Increase
BCF_vs_ACF,Alpha,25,TP10,HJ,Hjorth Mobility,RAW_TP10_HJ_Mobility,0.6898334833263835,0.6860882053272197,-0.0037452779991637986,-0.5429249361895327,Decrease
BCF_vs_ACF,Alpha,25,TP9,BP,Alpha Band Power,RAW_TP9_BP_Alpha,285826.86045301746,253562.83292132648,-32264.027531690983,-11.287962048267453,Decrease
BCF_vs_ACF,Alpha,25,TP9,RP,Alpha Relative Power,RAW_TP9_RP_Alpha,0.1303877791399646,0.127550161708033,-0.002837617431931616,-2.1762909458604853,Decrease
BCF_vs_ACF,Alpha,25,TP9,EN,Entropy,RAW_TP9_EN,5.400798740101057,5.398086772785672,-0.002711967315384811,-0.050214189528085734,Decrease
BCF_vs_ACF,Alpha,25,TP9,HJ,Hjorth Activity,RAW_TP9_HJ_Activity,2203330.8561456264,2079057.8564460725,-124272.99969955394,-5.640233256522791,Decrease
BCF_vs_ACF,Alpha,25,TP9,HJ,Hjorth Complexity,RAW_TP9_HJ_Complexity,1.3136907700992888,1.3101806773595714,-0.003510092739717363,-0.26719322534724593,Decrease
BCF_vs_ACF,Alpha,25,TP9,HJ,Hjorth Mobility,RAW_TP9_HJ_Mobility,0.6723058226041658,0.6719067585165427,-0.0003990640876231355,-0.05935752364561817,Decrease
BCF_vs_ACF,Alpha,26,AF7,BP,Alpha Band Power,RAW_AF7_BP_Alpha,201819.8364752256,184930.8493438117,-16888.987131413916,-8.368348437090882,Decrease
BCF_vs_ACF,Alpha,26,AF7,RP,Alpha Relative Power,RAW_AF7_RP_Alpha,0.1220577189411871,0.1219372173282633,-0.00012050161292379014,-0.09872510642432474,Decrease
BCF_vs_ACF,Alpha,26,AF7,EN,Entropy,RAW_AF7_EN,5.417449905533458,5.4196992594311695,0.0022493538977110816,0.04152052971294779,Increase
BCF_vs_ACF,Alpha,26,AF7,HJ,Hjorth Activity,RAW_AF7_HJ_Activity,1678986.12150195,1563370.7195929636,-115615.4019089865,-6.886024871102678,Decrease
BCF_vs_ACF,Alpha,26,AF7,HJ,Hjorth Complexity,RAW_AF7_HJ_Complexity,1.3119786782367038,1.3167202313857034,0.0047415531489996,0.3614047413767605,Increase
BCF_vs_ACF,Alpha,26,AF7,HJ,Hjorth Mobility,RAW_AF7_HJ_Mobility,0.6739712636828601,0.6745711424824758,0.0005998787996157606,0.08900658409941288,Increase
BCF_vs_ACF,Alpha,26,AF8,BP,Alpha Band Power,RAW_AF8_BP_Alpha,209809.02978379265,187505.5213183911,-22303.508465401537,-10.630385397799708,Decrease
BCF_vs_ACF,Alpha,26,AF8,RP,Alpha Relative Power,RAW_AF8_RP_Alpha,0.1217084485792645,0.1238276492886871,0.0021192007094226056,1.741210847858638,Increase
BCF_vs_ACF,Alpha,26,AF8,EN,Entropy,RAW_AF8_EN,5.414071178826619,5.422896221259324,0.00882504243270521,0.16300196545657245,Increase
BCF_vs_ACF,Alpha,26,AF8,HJ,Hjorth Activity,RAW_AF8_HJ_Activity,1710873.3655102346,1510352.8904250609,-200520.47508517373,-11.720357516079071,Decrease
BCF_vs_ACF,Alpha,26,AF8,HJ,Hjorth Complexity,RAW_AF8_HJ_Complexity,1.3137070157250854,1.3234459076399787,0.0097388919148933,0.7413290633542085,Increase
BCF_vs_ACF,Alpha,26,AF8,HJ,Hjorth Mobility,RAW_AF8_HJ_Mobility,0.6757340889908265,0.6725341194747253,-0.003199969516101242,-0.4735545487841569,Decrease
BCF_vs_ACF,Alpha,26,TP10,BP,Alpha Band Power,RAW_TP10_BP_Alpha,199675.55251334084,202052.44502631424,2376.892512973398,1.1903773311530423,Increase
BCF_vs_ACF,Alpha,26,TP10,RP,Alpha Relative Power,RAW_TP10_RP_Alpha,0.1228664135280731,0.124622534430288,0.0017561209022149,1.429292881421702,Increase
BCF_vs_ACF,Alpha,26,TP10,EN,Entropy,RAW_TP10_EN,5.435503366972868,5.420463446716323,-0.015039920256544548,-0.2766978371852349,Decrease
BCF_vs_ACF,Alpha,26,TP10,HJ,Hjorth Activity,RAW_TP10_HJ_Activity,1646240.684893397,1645560.3998300005,-680.2850633964408,-0.041323548229552656,Decrease
BCF_vs_ACF,Alpha,26,TP10,HJ,Hjorth Complexity,RAW_TP10_HJ_Complexity,1.3044318668992092,1.305538074724394,0.0011062078251848906,0.0848038025791626,Increase
BCF_vs_ACF,Alpha,26,TP10,HJ,Hjorth Mobility,RAW_TP10_HJ_Mobility,0.6860758922253751,0.6811727002828818,-0.0049031919424933346,-0.7146719478204084,Decrease
BCF_vs_ACF,Alpha,26,TP9,BP,Alpha Band Power,RAW_TP9_BP_Alpha,197553.45804961323,195527.55812408245,-2025.8999255307717,-1.0254945398232365,Decrease
BCF_vs_ACF,Alpha,26,TP9,RP,Alpha Relative Power,RAW_TP9_RP_Alpha,0.1211916245542052,0.1230544924107847,0.001862867856579506,1.5371259057149647,Increase
BCF_vs_ACF,Alpha,26,TP9,EN,Entropy,RAW_TP9_EN,5.421743686371578,5.412482662303665,-0.009261024067913404,-0.17081265001871027,Decrease
BCF_vs_ACF,Alpha,26,TP9,HJ,Hjorth Activity,RAW_TP9_HJ_Activity,1638604.6349851035,1605618.2293139044,-32986.405671199085,-2.0130789921449823,Decrease
BCF_vs_ACF,Alpha,26,TP9,HJ,Hjorth Complexity,RAW_TP9_HJ_Complexity,1.3078583948302387,1.3063415531852598,-0.0015168416449788946,-0.11597904260696221,Decrease
BCF_vs_ACF,Alpha,26,TP9,HJ,Hjorth Mobility,RAW_TP9_HJ_Mobility,0.6782038103987345,0.6769576745607211,-0.0012461358380133625,-0.18374061291114324,Decrease
BCF_vs_ACF,Alpha,27,AF7,BP,Alpha Band Power,RAW_AF7_BP_Alpha,170413.20001279292,270298.5120173269,99885.31200453397,58.61360035316254,Increase
BCF_vs_ACF,Alpha,27,AF7,RP,Alpha Relative Power,RAW_AF7_RP_Alpha,0.1097617691970355,0.1153144935497246,0.005552724352689109,5.0588874371378845,Increase
BCF_vs_ACF,Alpha,27,AF7,EN,Entropy,RAW_AF7_EN,5.350745170392136,5.388800977818869,0.03805580742673342,0.7112244409864964,Increase
BCF_vs_ACF,Alpha,27,AF7,HJ,Hjorth Activity,RAW_AF7_HJ_Activity,1499424.5601336309,2358487.0133930705,859062.4532594397,57.292809261632925,Increase
BCF_vs_ACF,Alpha,27,AF7,HJ,Hjorth Complexity,RAW_AF7_HJ_Complexity,1.2911433008758288,1.320597608562421,0.029454307686592074,2.2812578330083237,Increase
BCF_vs_ACF,Alpha,27,AF7,HJ,Hjorth Mobility,RAW_AF7_HJ_Mobility,0.713602575120914,0.6751407198114185,-0.03846185530949542,-5.389814534088303,Decrease
BCF_vs_ACF,Alpha,27,AF8,BP,Alpha Band Power,RAW_AF8_BP_Alpha,201922.14279153585,224055.1979018821,22133.055110346235,10.96118276300008,Increase
BCF_vs_ACF,Alpha,27,AF8,RP,Alpha Relative Power,RAW_AF8_RP_Alpha,0.1256095861482545,0.1235658350872341,-0.0020437510610203935,-1.6270661529034853,Decrease
BCF_vs_ACF,Alpha,27,AF8,EN,Entropy,RAW_AF8_EN,5.413204015254409,5.4095784229115305,-0.003625592342878292,-0.06697682800539889,Decrease
BCF_vs_ACF,Alpha,27,AF8,HJ,Hjorth Activity,RAW_AF8_HJ_Activity,1656988.6623055383,1831042.248048636,174053.5857430976,10.504211024649921,Increase
BCF_vs_ACF,Alpha,27,AF8,HJ,Hjorth Complexity,RAW_AF8_HJ_Complexity,1.3063809439386718,1.3149175346113828,0.008536590672711064,0.6534533982847055,Increase
BCF_vs_ACF,Alpha,27,AF8,HJ,Hjorth Mobility,RAW_AF8_HJ_Mobility,0.6757630058728796,0.6726717716848954,-0.003091234187984182,-0.4574435358430506,Decrease
BCF_vs_ACF,Alpha,27,TP10,BP,Alpha Band Power,RAW_TP10_BP_Alpha,103582.9088908951,203883.6611466675,100300.7522557724,96.83137240470836,Increase
BCF_vs_ACF,Alpha,27,TP10,RP,Alpha Relative Power,RAW_TP10_RP_Alpha,0.0613390214936595,0.1176812915605933,0.0563422700669338,91.85387815936677,Increase
BCF_vs_ACF,Alpha,27,TP10,EN,Entropy,RAW_TP10_EN,4.5173102602625255,5.143098515915955,0.6257882556534291,13.853116558282652,Increase
BCF_vs_ACF,Alpha,27,TP10,HJ,Hjorth Activity,RAW_TP10_HJ_Activity,1756802.2568116894,1827131.4292793493,70329.17246765993,4.003249210033231,Increase
BCF_vs_ACF,Alpha,27,TP10,HJ,Hjorth Complexity,RAW_TP10_HJ_Complexity,1.129659699886157,1.2740255623612076,0.14436586247505057,12.779588622095595,Increase
BCF_vs_ACF,Alpha,27,TP10,HJ,Hjorth Mobility,RAW_TP10_HJ_Mobility,0.8463409770252891,0.7437064041140686,-0.10263457291122047,-12.126858523612958,Decrease
BCF_vs_ACF,Alpha,27,TP9,BP,Alpha Band Power,RAW_TP9_BP_Alpha,162573.07705961796,123135.0934941181,-39437.98356549986,-24.258619126116045,Decrease
BCF_vs_ACF,Alpha,27,TP9,RP,Alpha Relative Power,RAW_TP9_RP_Alpha,0.0932811190025143,0.0666268332221441,-0.0266542857803702,-28.574148836756297,Decrease
BCF_vs_ACF,Alpha,27,TP9,EN,Entropy,RAW_TP9_EN,4.84486557580335,4.478157025634492,-0.36670855016885806,-7.5690139268322705,Decrease
BCF_vs_ACF,Alpha,27,TP9,HJ,Hjorth Activity,RAW_TP9_HJ_Activity,1779452.1386631068,1894259.6553894903,114807.51672638347,6.451846286387773,Increase
BCF_vs_ACF,Alpha,27,TP9,HJ,Hjorth Complexity,RAW_TP9_HJ_Complexity,1.1998634476734111,1.141205159290508,-0.05865828838290321,-4.888747006723495,Decrease
BCF_vs_ACF,Alpha,27,TP9,HJ,Hjorth Mobility,RAW_TP9_HJ_Mobility,0.7902984672892481,0.8471630042406683,0.05686453695142013,7.195324210417302,Increase
BCF_vs_ACF,Alpha,28,AF7,BP,Alpha Band Power,RAW_AF7_BP_Alpha,250379.24412202212,256718.38196157943,6339.137839557312,2.531814432856079,Increase
BCF_vs_ACF,Alpha,28,AF7,RP,Alpha Relative Power,RAW_AF7_RP_Alpha,0.1128042037748413,0.117904313967708,0.0051001101928667,4.521205790385781,Increase
BCF_vs_ACF,Alpha,28,AF7,EN,Entropy,RAW_AF7_EN,5.323232844963012,5.334533951291419,0.011301106328406973,0.2122978020602722,Increase
BCF_vs_ACF,Alpha,28,AF7,HJ,Hjorth Activity,RAW_AF7_HJ_Activity,2206693.4482344827,2223912.555997407,17219.107762924396,0.7803126336692099,Increase
BCF_vs_ACF,Alpha,28,AF7,HJ,Hjorth Complexity,RAW_AF7_HJ_Complexity,1.3198726968813392,1.3217190385716464,0.0018463416903071739,0.1398878615089017,Increase
BCF_vs_ACF,Alpha,28,AF7,HJ,Hjorth Mobility,RAW_AF7_HJ_Mobility,0.6951685984063567,0.6928533403122286,-0.0023152580941281364,-0.3330498672459837,Decrease
BCF_vs_ACF,Alpha,28,AF8,BP,Alpha Band Power,RAW_AF8_BP_Alpha,257651.2412724908,246747.7921917461,-10903.4490807447,-4.231863594716107,Decrease
BCF_vs_ACF,Alpha,28,AF8,RP,Alpha Relative Power,RAW_AF8_RP_Alpha,0.1244505931696211,0.1255455930145769,0.001094999844955813,0.8798671159914624,Increase
BCF_vs_ACF,Alpha,28,AF8,EN,Entropy,RAW_AF8_EN,5.396376189072243,5.398017662917561,0.0016414738453178757,0.030418076646359257,Increase
BCF_vs_ACF,Alpha,28,AF8,HJ,Hjorth Activity,RAW_AF8_HJ_Activity,2070225.3427736545,2022068.323303376,-48157.01947027841,-2.3261728312995342,Decrease
BCF_vs_ACF,Alpha,28,AF8,HJ,Hjorth Complexity,RAW_AF8_HJ_Complexity,1.3195405435648004,1.3184268782247783,-0.0011136653400221075,-0.08439796302230233,Decrease
BCF_vs_ACF,Alpha,28,AF8,HJ,Hjorth Mobility,RAW_AF8_HJ_Mobility,0.667923607097625,0.6682759861401478,0.00035237904252283236,0.052757387039222885,Increase
BCF_vs_ACF,Alpha,28,TP10,BP,Alpha Band Power,RAW_TP10_BP_Alpha,187822.7931184106,198814.6355746213,10991.842456210696,5.852240973373781,Increase
BCF_vs_ACF,Alpha,28,TP10,RP,Alpha Relative Power,RAW_TP10_RP_Alpha,0.0971287411686239,0.1010436107766863,0.003914869608062407,4.030598524144214,Increase
BCF_vs_ACF,Alpha,28,TP10,EN,Entropy,RAW_TP10_EN,4.866254366824126,4.816300532739189,-0.049953834084937476,-1.0265356128010823,Decrease
BCF_vs_ACF,Alpha,28,TP10,HJ,Hjorth Activity,RAW_TP10_HJ_Activity,1938730.7328144573,1956980.3509749672,18249.61816050997,0.9413178349949083,Increase
BCF_vs_ACF,Alpha,28,TP10,HJ,Hjorth Complexity,RAW_TP10_HJ_Complexity,1.2179173192075536,1.223226080409973,0.00530876120241941,0.4358884727802042,Increase
BCF_vs_ACF,Alpha,28,TP10,HJ,Hjorth Mobility,RAW_TP10_HJ_Mobility,0.7767413411724319,0.7741246221707373,-0.0026167190016945785,-0.3368842191075913,Decrease
BCF_vs_ACF,Alpha,28,TP9,BP,Alpha Band Power,RAW_TP9_BP_Alpha,234473.02184259665,187748.94384670447,-46724.07799589218,-19.92727249758327,Decrease
BCF_vs_ACF,Alpha,28,TP9,RP,Alpha Relative Power,RAW_TP9_RP_Alpha,0.1018725390295389,0.0973332720513371,-0.0045392669782017975,-4.455829825627095,Decrease
BCF_vs_ACF,Alpha,28,TP9,EN,Entropy,RAW_TP9_EN,4.866827531976487,4.808233938602132,-0.058593593374354214,-1.2039381504558584,Decrease
BCF_vs_ACF,Alpha,28,TP9,HJ,Hjorth Activity,RAW_TP9_HJ_Activity,2232475.807076009,1962593.4972303244,-269882.30984568456,-12.088924278161098,Decrease
BCF_vs_ACF,Alpha,28,TP9,HJ,Hjorth Complexity,RAW_TP9_HJ_Complexity,1.2099192724816916,1.218653880164961,0.00873460768326928,0.7219165676527771,Increase
BCF_vs_ACF,Alpha,28,TP9,HJ,Hjorth Mobility,RAW_TP9_HJ_Mobility,0.7739870885595712,0.7768400104075485,0.0028529218479772522,0.3686007027955315,Increase
BCF_vs_ACF,Theta,1,AF7,EN,Entropy,RAW_AF7_EN,5.412798682968103,5.409176925790644,-0.0036217571774592727,-0.06691098985180224,Decrease
BCF_vs_ACF,Theta,1,AF7,HJ,Hjorth Activity,RAW_AF7_HJ_Activity,1890338.981543269,1832535.529115008,-57803.45242826105,-3.0578352873552035,Decrease
BCF_vs_ACF,Theta,1,AF7,HJ,Hjorth Complexity,RAW_AF7_HJ_Complexity,1.3264043750763,1.334524993908265,0.008120618831965132,0.6122279890322287,Increase
BCF_vs_ACF,Theta,1,AF7,HJ,Hjorth Mobility,RAW_AF7_HJ_Mobility,0.6622206637514538,0.6608179916545807,-0.0014026720968731698,-0.21181339901522978,Decrease
BCF_vs_ACF,Theta,1,AF7,BP,Theta Band Power,RAW_AF7_BP_Theta,198830.17171146144,209790.7200211697,10960.548309708247,5.512517650296045,Increase
BCF_vs_ACF,Theta,1,AF7,RP,Theta Relative Power,RAW_AF7_RP_Theta,0.1082046839413601,0.1124698809596419,0.004265197018281805,3.9417859402401327,Increase
BCF_vs_ACF,Theta,1,AF8,EN,Entropy,RAW_AF8_EN,5.417019680556031,5.410144956500225,-0.006874724055806247,-0.12690971163502568,Decrease
BCF_vs_ACF,Theta,1,AF8,HJ,Hjorth Activity,RAW_AF8_HJ_Activity,1747678.2167943493,1911377.399355324,163699.18256097473,9.36666607089933,Increase
BCF_vs_ACF,Theta,1,AF8,HJ,Hjorth Complexity,RAW_AF8_HJ_Complexity,1.329878027621703,1.3291108400666425,-0.0007671875550605556,-0.05768856535155792,Decrease
BCF_vs_ACF,Theta,1,AF8,HJ,Hjorth Mobility,RAW_AF8_HJ_Mobility,0.6612778244212462,0.6623775343937741,0.0010997099725279513,0.16630074862867558,Increase
BCF_vs_ACF,Theta,1,AF8,BP,Theta Band Power,RAW_AF8_BP_Theta,183772.30507172176,199022.1784847335,15249.873413011752,8.29824352862098,Increase
BCF_vs_ACF,Theta,1,AF8,RP,Theta Relative Power,RAW_AF8_RP_Theta,0.1075091516316929,0.1071447216262739,-0.0003644300054189975,-0.3389757986998813,Decrease
BCF_vs_ACF,Theta,1,TP10,EN,Entropy,RAW_TP10_EN,5.403511703449143,5.3961810697218695,-0.0073306337272738276,-0.13566425187151113,Decrease
BCF_vs_ACF,Theta,1,TP10,HJ,Hjorth Activity,RAW_TP10_HJ_Activity,1714110.9476763215,1834664.3266106893,120553.37893436779,7.0329974321552555,Increase
BCF_vs_ACF,Theta,1,TP10,HJ,Hjorth Complexity,RAW_TP10_HJ_Complexity,1.3179391140335228,1.333406239878593,0.015467125845070262,1.173584248344635,Increase
BCF_vs_ACF,Theta,1,TP10,HJ,Hjorth Mobility,RAW_TP10_HJ_Mobility,0.6672621057552968,0.6577277513708661,-0.009534354384430621,-1.4288769438867444,Decrease
BCF_vs_ACF,Theta,1,TP10,BP,Theta Band Power,RAW_TP10_BP_Theta,174168.14188374567,191506.22336460525,17338.081480859575,9.954795000587682,Increase
BCF_vs_ACF,Theta,1,TP10,RP,Theta Relative Power,RAW_TP10_RP_Theta,0.1041779934856433,0.1066928972480426,0.0025149037623992954,2.4140451147639665,Increase
BCF_vs_ACF,Theta,1,TP9,EN,Entropy,RAW_TP9_EN,5.405409143177643,5.4116327225152965,0.006223579337653717,0.11513613813135155,Increase
BCF_vs_ACF,Theta,1,TP9,HJ,Hjorth Activity,RAW_TP9_HJ_Activity,1731344.0356779806,1813921.4506708256,82577.41499284492,4.7695555182080405,Increase
BCF_vs_ACF,Theta,1,TP9,HJ,Hjorth Complexity,RAW_TP9_HJ_Complexity,1.3383556584665897,1.3337232714037504,-0.004632387062839305,-0.34612526450157693,Decrease
BCF_vs_ACF,Theta,1,TP9,HJ,Hjorth Mobility,RAW_TP9_HJ_Mobility,0.6580955631546617,0.6603935549313747,0.002297991776713082,0.34918815828166,Increase
BCF_vs_ACF,Theta,1,TP9,BP,Theta Band Power,RAW_TP9_BP_Theta,194136.61050083023,194126.9556485513,-9.654852278938051,-0.004973225943334765,Decrease
BCF_vs_ACF,Theta,1,TP9,RP,Theta Relative Power,RAW_TP9_RP_Theta,0.1116925649140017,0.1084065673876802,-0.003285997526321499,-2.9420020292770346,Decrease
BCF_vs_ACF,Theta,2,AF7,EN,Entropy,RAW_AF7_EN,5.405962081831756,5.406527805469658,0.0005657236379015274,0.010464809581310224,Increase
BCF_vs_ACF,Theta,2,AF7,HJ,Hjorth Activity,RAW_AF7_HJ_Activity,1952198.9299499155,1997549.0052655693,45350.07531565381,2.3230253136557804,Increase
BCF_vs_ACF,Theta,2,AF7,HJ,Hjorth Complexity,RAW_AF7_HJ_Complexity,1.3294098657147482,1.3217037941713468,-0.007706071543401416,-0.5796610768536985,Decrease
BCF_vs_ACF,Theta,2,AF7,HJ,Hjorth Mobility,RAW_AF7_HJ_Mobility,0.6633556642750811,0.6649351319590393,0.0015794676839582245,0.23810269046006804,Increase
BCF_vs_ACF,Theta,2,AF7,BP,Theta Band Power,RAW_AF7_BP_Theta,214678.78458079783,208921.33777765845,-5757.446803139377,-2.681889043848424,Decrease
BCF_vs_ACF,Theta,2,AF7,RP,Theta Relative Power,RAW_AF7_RP_Theta,0.1105087929129426,0.1091334751488682,-0.0013753177640744019,-1.2445324284356807,Decrease
BCF_vs_ACF,Theta,2,AF8,EN,Entropy,RAW_AF8_EN,5.411384185278304,5.40613424329809,-0.00524994198021389,-0.09701661904723716,Decrease
BCF_vs_ACF,Theta,2,AF8,HJ,Hjorth Activity,RAW_AF8_HJ_Activity,1947059.7586160183,2242802.1195969125,295742.3609808942,15.189177408253233,Increase
BCF_vs_ACF,Theta,2,AF8,HJ,Hjorth Complexity,RAW_AF8_HJ_Complexity,1.3208192721236185,1.3186100817365929,-0.0022091903870256058,-0.1672590969598483,Decrease
BCF_vs_ACF,Theta,2,AF8,HJ,Hjorth Mobility,RAW_AF8_HJ_Mobility,0.6643269253250604,0.6686714100849078,0.004344484759847389,0.6539678875309168,Increase
BCF_vs_ACF,Theta,2,AF8,BP,Theta Band Power,RAW_AF8_BP_Theta,195128.2240722184,226880.5086304009,31752.284558182495,16.272522700985963,Increase
BCF_vs_ACF,Theta,2,AF8,RP,Theta Relative Power,RAW_AF8_RP_Theta,0.1065389467028085,0.1033086098774749,-0.0032303368253336073,-3.0320712990946546,Decrease
BCF_vs_ACF,Theta,2,TP10,EN,Entropy,RAW_TP10_EN,5.405942909755721,5.414365928464452,0.008423018708731078,0.15581035259419138,Increase
BCF_vs_ACF,Theta,2,TP10,HJ,Hjorth Activity,RAW_TP10_HJ_Activity,1722437.2170327832,2113028.8715173844,390591.6544846012,22.676684561975943,Increase
BCF_vs_ACF,Theta,2,TP10,HJ,Hjorth Complexity,RAW_TP10_HJ_Complexity,1.357337643542842,1.3368101887867705,-0.020527454756071428,-1.5123322375773716,Decrease
BCF_vs_ACF,Theta,2,TP10,HJ,Hjorth Mobility,RAW_TP10_HJ_Mobility,0.6492883124353307,0.6601236880546675,0.010835375619336785,1.6688080490307593,Increase
BCF_vs_ACF,Theta,2,TP10,BP,Theta Band Power,RAW_TP10_BP_Theta,205239.96734343,230531.5630483339,25291.595704903884,12.322938866279985,Increase
BCF_vs_ACF,Theta,2,TP10,RP,Theta Relative Power,RAW_TP10_RP_Theta,0.1198096831147573,0.1101101465704896,-0.009699536544267695,-8.09578682799552,Decrease
BCF_vs_ACF,Theta,2,TP9,EN,Entropy,RAW_TP9_EN,5.408865132216425,5.4109620565156495,0.0020969242992245896,0.03876828591518827,Increase
BCF_vs_ACF,Theta,2,TP9,HJ,Hjorth Activity,RAW_TP9_HJ_Activity,1854816.0208358727,1839909.63025752,-14906.390578352846,-0.8036587139049662,Decrease
BCF_vs_ACF,Theta,2,TP9,HJ,Hjorth Complexity,RAW_TP9_HJ_Complexity,1.3398906905937504,1.3367839337389351,-0.003106756854815318,-0.23186644079440616,Decrease
BCF_vs_ACF,Theta,2,TP9,HJ,Hjorth Mobility,RAW_TP9_HJ_Mobility,0.6576952660600329,0.6569407700353729,-0.0007544960246600452,-0.11471817779378336,Decrease
BCF_vs_ACF,Theta,2,TP9,BP,Theta Band Power,RAW_TP9_BP_Theta,213407.7818777098,200289.4200027937,-13118.361874916096,-6.147086933518377,Decrease
BCF_vs_ACF,Theta,2,TP9,RP,Theta Relative Power,RAW_TP9_RP_Theta,0.1145415708119548,0.1141175164497561,-0.0004240543621987086,-0.3702187417133358,Decrease
BCF_vs_ACF,Theta,9,AF7,EN,Entropy,RAW_AF7_EN,5.404745328276249,5.400095812715429,-0.004649515560820383,-0.08602654294357412,Decrease
BCF_vs_ACF,Theta,9,AF7,HJ,Hjorth Activity,RAW_AF7_HJ_Activity,1720488.066935424,2220071.963325673,499583.8963902488,29.03733574160267,Increase
BCF_vs_ACF,Theta,9,AF7,HJ,Hjorth Complexity,RAW_AF7_HJ_Complexity,1.306816456983181,1.3144058646116337,0.007589407628452616,0.5807554372228335,Increase
BCF_vs_ACF,Theta,9,AF7,HJ,Hjorth Mobility,RAW_AF7_HJ_Mobility,0.6719882425787339,0.6689304639022072,-0.003057778676526679,-0.45503455012732796,Decrease
BCF_vs_ACF,Theta,9,AF7,BP,Theta Band Power,RAW_AF7_BP_Theta,164165.96942783013,219092.57958185987,54926.61015402974,33.45797569707425,Increase
BCF_vs_ACF,Theta,9,AF7,RP,Theta Relative Power,RAW_AF7_RP_Theta,0.0987663560594043,0.1037655005263392,0.0049991444669349044,5.061586421117029,Increase
BCF_vs_ACF,Theta,9,AF8,EN,Entropy,RAW_AF8_EN,5.403844119382825,5.4026631278736845,-0.0011809915091403056,-0.021854655372168415,Decrease
BCF_vs_ACF,Theta,9,AF8,HJ,Hjorth Activity,RAW_AF8_HJ_Activity,1774992.8818411822,2226415.6901744,451422.80833321763,25.432372881685094,Increase
BCF_vs_ACF,Theta,9,AF8,HJ,Hjorth Complexity,RAW_AF8_HJ_Complexity,1.3175060512999617,1.3127390275248874,-0.004767023775074319,-0.3618217745846993,Decrease
BCF_vs_ACF,Theta,9,AF8,HJ,Hjorth Mobility,RAW_AF8_HJ_Mobility,0.6702189237852212,0.669232278908164,-0.0009866448770572411,-0.1472123275011289,Decrease
BCF_vs_ACF,Theta,9,AF8,BP,Theta Band Power,RAW_AF8_BP_Theta,184450.7763970856,221355.05401472337,36904.27761763777,20.007656426552657,Increase
BCF_vs_ACF,Theta,9,AF8,RP,Theta Relative Power,RAW_AF8_RP_Theta,0.1075100886864069,0.1009357645211993,-0.00657432416520759,-6.115076497038383,Decrease
BCF_vs_ACF,Theta,9,TP10,EN,Entropy,RAW_TP10_EN,5.406932313461794,5.41637295928545,0.009440645823656446,0.174602626338632,Increase
BCF_vs_ACF,Theta,9,TP10,HJ,Hjorth Activity,RAW_TP10_HJ_Activity,1815758.5369717807,1892224.8737590392,76466.33678725851,4.211261312023609,Increase
BCF_vs_ACF,Theta,9,TP10,HJ,Hjorth Complexity,RAW_TP10_HJ_Complexity,1.319544701276932,1.318443974931734,-0.0011007263451978666,-0.08341713199505,Decrease
BCF_vs_ACF,Theta,9,TP10,HJ,Hjorth Mobility,RAW_TP10_HJ_Mobility,0.6660436345395875,0.6710400408134113,0.004996406273823806,0.7501620036167218,Increase
BCF_vs_ACF,Theta,9,TP10,BP,Theta Band Power,RAW_TP10_BP_Theta,191192.81701529984,195992.96932921512,4800.152313915285,2.5106342324205424,Increase
BCF_vs_ACF,Theta,9,TP10,RP,Theta Relative Power,RAW_TP10_RP_Theta,0.1052488910191796,0.1050734472408268,-0.00017544377835279623,-0.16669418238414024,Decrease
BCF_vs_ACF,Theta,9,TP9,EN,Entropy,RAW_TP9_EN,5.412682671933908,5.409945675372909,-0.0027369965609986835,-0.05056635917695091,Decrease
BCF_vs_ACF,Theta,9,TP9,HJ,Hjorth Activity,RAW_TP9_HJ_Activity,1975212.537180921,2123858.0704727494,148645.53329182835,7.525546263693701,Increase
BCF_vs_ACF,Theta,9,TP9,HJ,Hjorth Complexity,RAW_TP9_HJ_Complexity,1.331823034381703,1.3218545052368105,-0.009968529144892546,-0.7484875157997565,Decrease
BCF_vs_ACF,Theta,9,TP9,HJ,Hjorth Mobility,RAW_TP9_HJ_Mobility,0.6610957722502662,0.6664077783710325,0.005312006120766322,0.8035153670224039,Increase
BCF_vs_ACF,Theta,9,TP9,BP,Theta Band Power,RAW_TP9_BP_Theta,211771.0252330152,216834.7055434496,5063.6803104344,2.391111014768308,Increase
BCF_vs_ACF,Theta,9,TP9,RP,Theta Relative Power,RAW_TP9_RP_Theta,0.109622958123673,0.1031560035716997,-0.006466954551973297,-5.899270246545886,Decrease
BCF_vs_ACF,Theta,14,AF7,EN,Entropy,RAW_AF7_EN,5.408539521165073,5.40529359742801,-0.0032459237370634497,-0.06001479187424397,Decrease
BCF_vs_ACF,Theta,14,AF7,HJ,Hjorth Activity,RAW_AF7_HJ_Activity,1913614.370076304,1856351.2576581703,-57263.112418133765,-2.992406062243901,Decrease
BCF_vs_ACF,Theta,14,AF7,HJ,Hjorth Complexity,RAW_AF7_HJ_Complexity,1.3200110456998548,1.3078289255015016,-0.012182120198353186,-0.9228801711954133,Decrease
BCF_vs_ACF,Theta,14,AF7,HJ,Hjorth Mobility,RAW_AF7_HJ_Mobility,0.668303865298733,0.6737331361111947,0.005429270812461695,0.8123955425627833,Increase
BCF_vs_ACF,Theta,14,AF7,BP,Theta Band Power,RAW_AF7_BP_Theta,193311.0269333472,188616.02976701083,-4694.9971663363685,-2.4287270316737715,Decrease
BCF_vs_ACF,Theta,14,AF7,RP,Theta Relative Power,RAW_AF7_RP_Theta,0.1011630327615399,0.1030385923387988,0.0018755595772589062,1.8539969849262519,Increase
BCF_vs_ACF,Theta,14,AF8,EN,Entropy,RAW_AF8_EN,5.398012655524841,5.406190639880454,0.0081779843556129,0.15149991075405816,Increase
BCF_vs_ACF,Theta,14,AF8,HJ,Hjorth Activity,RAW_AF8_HJ_Activity,1570109.163351241,1694725.0882460475,124615.92489480646,7.93676820717524,Increase
BCF_vs_ACF,Theta,14,AF8,HJ,Hjorth Complexity,RAW_AF8_HJ_Complexity,1.3021457110256085,1.311666248825841,0.009520537800232542,0.7311422769064674,Increase
BCF_vs_ACF,Theta,14,AF8,HJ,Hjorth Mobility,RAW_AF8_HJ_Mobility,0.6760754912667348,0.6693661293158412,-0.006709361950893666,-0.9923983397656689,Decrease
BCF_vs_ACF,Theta,14,AF8,BP,Theta Band Power,RAW_AF8_BP_Theta,154725.6274407202,169216.62728329215,14490.999842571939,9.365610650455338,Increase
BCF_vs_ACF,Theta,14,AF8,RP,Theta Relative Power,RAW_AF8_RP_Theta,0.0988317207563319,0.101960734898694,0.0031290141423621076,3.1660018852415255,Increase
BCF_vs_ACF,Theta,14,TP10,EN,Entropy,RAW_TP10_EN,5.405282132354049,5.403195809519848,-0.002086322834201404,-0.03859785267661489,Decrease
BCF_vs_ACF,Theta,14,TP10,HJ,Hjorth Activity,RAW_TP10_HJ_Activity,2279028.242417916,1916597.110911314,-362431.1315066023,-15.90288021714395,Decrease
BCF_vs_ACF,Theta,14,TP10,HJ,Hjorth Complexity,RAW_TP10_HJ_Complexity,1.3277870791344788,1.3152565826067772,-0.012530496527701551,-0.9437127928575406,Decrease
BCF_vs_ACF,Theta,14,TP10,HJ,Hjorth Mobility,RAW_TP10_HJ_Mobility,0.663565185288086,0.6721272362758081,0.008562050987722114,1.2903104589498484,Increase
BCF_vs_ACF,Theta,14,TP10,BP,Theta Band Power,RAW_TP10_BP_Theta,244081.49752671272,191058.5560411848,-53022.9414855279,-21.723457952696712,Decrease
BCF_vs_ACF,Theta,14,TP10,RP,Theta Relative Power,RAW_TP10_RP_Theta,0.1074500546258173,0.1052079650827723,-0.0022420895430450005,-2.086634158403013,Decrease
BCF_vs_ACF,Theta,14,TP9,EN,Entropy,RAW_TP9_EN,5.400363273140924,5.405242937696734,0.004879664555810237,0.09035807979954946,Increase
BCF_vs_ACF,Theta,14,TP9,HJ,Hjorth Activity,RAW_TP9_HJ_Activity,2142081.562074115,2009503.712578652,-132577.84949546307,-6.189206416915882,Decrease
BCF_vs_ACF,Theta,14,TP9,HJ,Hjorth Complexity,RAW_TP9_HJ_Complexity,1.3301070203508008,1.322445787267606,-0.007661233083194663,-0.5759862150922337,Decrease
BCF_vs_ACF,Theta,14,TP9,HJ,Hjorth Mobility,RAW_TP9_HJ_Mobility,0.6608018354584807,0.665417026470378,0.004615191011897335,0.6984228499751671,Increase
BCF_vs_ACF,Theta,14,TP9,BP,Theta Band Power,RAW_TP9_BP_Theta,234236.1878087372,215238.4883522245,-18997.699456512695,-8.110488662847025,Decrease
BCF_vs_ACF,Theta,14,TP9,RP,Theta Relative Power,RAW_TP9_RP_Theta,0.1109717933375886,0.109279541813725,-0.0016922515238635971,-1.5249384307195784,Decrease
BCF_vs_ACF,Theta,16,AF7,EN,Entropy,RAW_AF7_EN,5.412696006329889,5.397641856595586,-0.015054149734303301,-0.2781266436670043,Decrease
BCF_vs_ACF,Theta,16,AF7,HJ,Hjorth Activity,RAW_AF7_HJ_Activity,2224856.1294866386,2601587.38649485,376731.2570082112,16.932836780557935,Increase
BCF_vs_ACF,Theta,16,AF7,HJ,Hjorth Complexity,RAW_AF7_HJ_Complexity,1.3417440415376538,1.3177179252898612,-0.024026116247792606,-1.7906631595887994,Decrease
BCF_vs_ACF,Theta,16,AF7,HJ,Hjorth Mobility,RAW_AF7_HJ_Mobility,0.6524596480022055,0.6643645952926767,0.011904947290471202,1.824625833478511,Increase
BCF_vs_ACF,Theta,16,AF7,BP,Theta Band Power,RAW_AF7_BP_Theta,242311.26925618268,281663.5053331338,39352.236076951114,16.24036562465698,Increase
BCF_vs_ACF,Theta,16,AF7,RP,Theta Relative Power,RAW_AF7_RP_Theta,0.1152140993998539,0.1104446222201614,-0.004769477179692505,-4.1396645068064934,Decrease
BCF_vs_ACF,Theta,16,AF8,EN,Entropy,RAW_AF8_EN,5.408392595416777,5.407587582922311,-0.0008050124944665171,-0.014884505521080461,Decrease
BCF_vs_ACF,Theta,16,AF8,HJ,Hjorth Activity,RAW_AF8_HJ_Activity,1756107.486443845,2272171.818967208,516064.3325233627,29.386830618688602,Increase
BCF_vs_ACF,Theta,16,AF8,HJ,Hjorth Complexity,RAW_AF8_HJ_Complexity,1.3444785593903164,1.3348634007971911,-0.009615158593125228,-0.7151589384575561,Decrease
BCF_vs_ACF,Theta,16,AF8,HJ,Hjorth Mobility,RAW_AF8_HJ_Mobility,0.6563687720044836,0.6584079844186388,0.002039212414155167,0.31068090090995937,Increase
BCF_vs_ACF,Theta,16,AF8,BP,Theta Band Power,RAW_AF8_BP_Theta,191556.4592755478,246991.6346298304,55435.175354282605,28.939340163173977,Increase
BCF_vs_ACF,Theta,16,AF8,RP,Theta Relative Power,RAW_AF8_RP_Theta,0.1115596254012847,0.1125076400061121,0.0009480146048274074,0.8497828864316807,Increase
BCF_vs_ACF,Theta,16,TP10,EN,Entropy,RAW_TP10_EN,5.40629910075178,5.411540287418813,0.005241186667032771,0.09694592491754574,Increase
BCF_vs_ACF,Theta,16,TP10,HJ,Hjorth Activity,RAW_TP10_HJ_Activity,1827067.51849412,1951121.50334336,124053.98484923993,6.789786561992299,Increase
BCF_vs_ACF,Theta,16,TP10,HJ,Hjorth Complexity,RAW_TP10_HJ_Complexity,1.347452521510205,1.3432323173273784,-0.004220204182826537,-0.3131987298592602,Decrease
BCF_vs_ACF,Theta,16,TP10,HJ,Hjorth Mobility,RAW_TP10_HJ_Mobility,0.6530001468312272,0.65689228149447,0.0038921346632427856,0.5960388649420529,Increase
BCF_vs_ACF,Theta,16,TP10,BP,Theta Band Power,RAW_TP10_BP_Theta,208189.8958885985,220932.0061116246,12742.110223026102,6.12042681929403,Increase
BCF_vs_ACF,Theta,16,TP10,RP,Theta Relative Power,RAW_TP10_RP_Theta,0.1186602115139329,0.1157098457485774,-0.0029503657653554977,-2.486398538914681,Decrease
BCF_vs_ACF,Theta,16,TP9,EN,Entropy,RAW_TP9_EN,5.407225158281156,5.40834399556495,0.0011188372837942495,0.02069152386008473,Increase
BCF_vs_ACF,Theta,16,TP9,HJ,Hjorth Activity,RAW_TP9_HJ_Activity,1878677.606000882,2188247.1908356952,309569.58483481314,16.478057961940053,Increase
BCF_vs_ACF,Theta,16,TP9,HJ,Hjorth Complexity,RAW_TP9_HJ_Complexity,1.3302893274570484,1.3415662457254136,0.011276918268365188,0.8477041825120777,Increase
BCF_vs_ACF,Theta,16,TP9,HJ,Hjorth Mobility,RAW_TP9_HJ_Mobility,0.6653623785057172,0.6525001055505065,-0.012862272955210696,-1.9331229673816275,Decrease
BCF_vs_ACF,Theta,16,TP9,BP,Theta Band Power,RAW_TP9_BP_Theta,197093.90380622933,246308.45949503445,49214.55568880512,24.97010548697126,Increase
BCF_vs_ACF,Theta,16,TP9,RP,Theta Relative Power,RAW_TP9_RP_Theta,0.1074748893667272,0.1155085894683232,0.008033700101596,7.474955451392283,Increase
BCF_vs_ACF,Theta,22,AF7,EN,Entropy,RAW_AF7_EN,5.405084797294908,5.405766046874566,0.0006812495796584273,0.012603864790416858,Increase
BCF_vs_ACF,Theta,22,AF7,HJ,Hjorth Activity,RAW_AF7_HJ_Activity,1675846.5107154043,1752353.2093857308,76506.6986703265,4.565256912321073,Increase
BCF_vs_ACF,Theta,22,AF7,HJ,Hjorth Complexity,RAW_AF7_HJ_Complexity,1.3096508172068455,1.3086574263862576,-0.0009933908205879138,-0.07585157872130875,Decrease
BCF_vs_ACF,Theta,22,AF7,HJ,Hjorth Mobility,RAW_AF7_HJ_Mobility,0.6731702795565919,0.6742889153862793,0.0011186358296874088,0.16617427472054158,Increase
BCF_vs_ACF,Theta,22,AF7,BP,Theta Band Power,RAW_AF7_BP_Theta,176665.95792730546,177054.54453735249,388.58661004703026,0.21995556733512064,Increase
BCF_vs_ACF,Theta,22,AF7,RP,Theta Relative Power,RAW_AF7_RP_Theta,0.1049921860199644,0.1000184041604276,-0.004973781859536813,-4.737287647855091,Decrease
BCF_vs_ACF,Theta,22,AF8,EN,Entropy,RAW_AF8_EN,5.405914463814855,5.402543900887834,-0.0033705629270208703,-0.062349542331499,Decrease
BCF_vs_ACF,Theta,22,AF8,HJ,Hjorth Activity,RAW_AF8_HJ_Activity,1855757.217309496,1935247.1331726504,79489.91586315446,4.283422158982634,Increase
BCF_vs_ACF,Theta,22,AF8,HJ,Hjorth Complexity,RAW_AF8_HJ_Complexity,1.3040873851655348,1.3026952685636708,-0.0013921166018640019,-0.1067502544461231,Decrease
BCF_vs_ACF,Theta,22,AF8,HJ,Hjorth Mobility,RAW_AF8_HJ_Mobility,0.6761048255294112,0.6742213622011664,-0.0018834633282448499,-0.2785756375529548,Decrease
BCF_vs_ACF,Theta,22,AF8,BP,Theta Band Power,RAW_AF8_BP_Theta,177859.29252026585,193896.2408371816,16036.948316915747,9.016649110469416,Increase
BCF_vs_ACF,Theta,22,AF8,RP,Theta Relative Power,RAW_AF8_RP_Theta,0.0995035945115912,0.1017634144203026,0.002259819908711394,2.271093742697051,Increase
BCF_vs_ACF,Theta,22,TP10,EN,Entropy,RAW_TP10_EN,5.406011010188747,5.404352745428109,-0.0016582647606382395,-0.03067446140070555,Decrease
BCF_vs_ACF,Theta,22,TP10,HJ,Hjorth Activity,RAW_TP10_HJ_Activity,1674367.613298392,1665650.509735773,-8717.103562618839,-0.5206206506495148,Decrease
BCF_vs_ACF,Theta,22,TP10,HJ,Hjorth Complexity,RAW_TP10_HJ_Complexity,1.307272197485073,1.315774524244092,0.008502326759018963,0.6503868724031399,Increase
BCF_vs_ACF,Theta,22,TP10,HJ,Hjorth Mobility,RAW_TP10_HJ_Mobility,0.6737542887338601,0.6705214535400265,-0.003232835193833661,-0.47982406166332603,Decrease
BCF_vs_ACF,Theta,22,TP10,BP,Theta Band Power,RAW_TP10_BP_Theta,164523.78690926588,175163.20825185569,10639.421342589805,6.466798231709435,Increase
BCF_vs_ACF,Theta,22,TP10,RP,Theta Relative Power,RAW_TP10_RP_Theta,0.09970378848636,0.1072760082152689,0.0075722197289089105,7.594716152581133,Increase
BCF_vs_ACF,Theta,22,TP9,EN,Entropy,RAW_TP9_EN,5.400342259335183,5.406839111833384,0.0064968524982012,0.12030445824004134,Increase
BCF_vs_ACF,Theta,22,TP9,HJ,Hjorth Activity,RAW_TP9_HJ_Activity,1658241.486344054,1683459.50348071,25218.01713665598,1.5207686784060903,Increase
BCF_vs_ACF,Theta,22,TP9,HJ,Hjorth Complexity,RAW_TP9_HJ_Complexity,1.3130316449515238,1.3050486951100948,-0.007982949841428999,-0.607978480345287,Decrease
BCF_vs_ACF,Theta,22,TP9,HJ,Hjorth Mobility,RAW_TP9_HJ_Mobility,0.6710475195890016,0.674186401484562,0.0031388818955604414,0.4677585124646495,Increase
BCF_vs_ACF,Theta,22,TP9,BP,Theta Band Power,RAW_TP9_BP_Theta,167265.49856821474,161921.25646322785,-5344.242104986886,-3.1950654203845756,Decrease
BCF_vs_ACF,Theta,22,TP9,RP,Theta Relative Power,RAW_TP9_RP_Theta,0.104032455528999,0.0993180853838285,-0.004714370145170496,-4.531634018632165,Decrease
BCF_vs_ACF,Theta,25,AF7,EN,Entropy,RAW_AF7_EN,5.41429445480983,5.405970866425951,-0.008323588383878366,-0.1537335742145321,Decrease
BCF_vs_ACF,Theta,25,AF7,HJ,Hjorth Activity,RAW_AF7_HJ_Activity,1664368.607323164,1513240.109547007,-151128.497776157,-9.080230011020207,Decrease
BCF_vs_ACF,Theta,25,AF7,HJ,Hjorth Complexity,RAW_AF7_HJ_Complexity,1.3073534998232057,1.3079583268535198,0.000604827030314059,0.04626346511451189,Increase
BCF_vs_ACF,Theta,25,AF7,HJ,Hjorth Mobility,RAW_AF7_HJ_Mobility,0.6773984959783012,0.6757472461903082,-0.0016512497879929144,-0.24376342696305725,Decrease
BCF_vs_ACF,Theta,25,AF7,BP,Theta Band Power,RAW_AF7_BP_Theta,169500.30864497245,157775.47142841195,-11724.837216560496,-6.917295496563844,Decrease
BCF_vs_ACF,Theta,25,AF7,RP,Theta Relative Power,RAW_AF7_RP_Theta,0.1010420001771354,0.1066583182250666,0.00561631804793121,5.558399515137583,Increase
BCF_vs_ACF,Theta,25,AF8,EN,Entropy,RAW_AF8_EN,5.413980311701489,5.399793056178493,-0.014187255522996267,-0.26204852449006305,Decrease
BCF_vs_ACF,Theta,25,AF8,HJ,Hjorth Activity,RAW_AF8_HJ_Activity,1545302.4670591522,1750470.54454555,205168.0774863977,13.276887978885505,Increase
BCF_vs_ACF,Theta,25,AF8,HJ,Hjorth Complexity,RAW_AF8_HJ_Complexity,1.3085659297932817,1.3033051364322124,-0.005260793361069327,-0.4020273829000264,Decrease
BCF_vs_ACF,Theta,25,AF8,HJ,Hjorth Mobility,RAW_AF8_HJ_Mobility,0.67527404336803,0.6762998793378339,0.0010258359698038788,0.1519140236291875,Increase
BCF_vs_ACF,Theta,25,AF8,BP,Theta Band Power,RAW_AF8_BP_Theta,154831.77883146328,175252.08798830718,20420.309156843898,13.188706679571066,Increase
BCF_vs_ACF,Theta,25,AF8,RP,Theta Relative Power,RAW_AF8_RP_Theta,0.1020549466054775,0.0992369957648351,-0.0028179508406423887,-2.7612094605624375,Decrease
BCF_vs_ACF,Theta,25,TP10,EN,Entropy,RAW_TP10_EN,5.44644036942589,5.446184768401989,-0.0002556010239009865,-0.00469299224013958,Decrease
BCF_vs_ACF,Theta,25,TP10,HJ,Hjorth Activity,RAW_TP10_HJ_Activity,1708028.5630855002,1630934.1049655871,-77094.458119913,-4.513651573873231,Decrease
BCF_vs_ACF,Theta,25,TP10,HJ,Hjorth Complexity,RAW_TP10_HJ_Complexity,1.305519709778256,1.307162837127405,0.001643127349149065,0.12586001856901508,Increase
BCF_vs_ACF,Theta,25,TP10,HJ,Hjorth Mobility,RAW_TP10_HJ_Mobility,0.6898334833263835,0.6860882053272197,-0.0037452779991637986,-0.5429249361895327,Decrease
BCF_vs_ACF,Theta,25,TP10,BP,Theta Band Power,RAW_TP10_BP_Theta,159223.28640597852,159672.26052586193,448.974119883409,0.2819776742571688,Increase
BCF_vs_ACF,Theta,25,TP10,RP,Theta Relative Power,RAW_TP10_RP_Theta,0.0942387458062966,0.0985921436986662,0.004353397892369604,4.619541415924414,Increase
BCF_vs_ACF,Theta,25,TP9,EN,Entropy,RAW_TP9_EN,5.400798740101057,5.398086772785672,-0.002711967315384811,-0.050214189528085734,Decrease
BCF_vs_ACF,Theta,25,TP9,HJ,Hjorth Activity,RAW_TP9_HJ_Activity,2203330.8561456264,2079057.8564460725,-124272.99969955394,-5.640233256522791,Decrease
BCF_vs_ACF,Theta,25,TP9,HJ,Hjorth Complexity,RAW_TP9_HJ_Complexity,1.3136907700992888,1.3101806773595714,-0.003510092739717363,-0.26719322534724593,Decrease
BCF_vs_ACF,Theta,25,TP9,HJ,Hjorth Mobility,RAW_TP9_HJ_Mobility,0.6723058226041658,0.6719067585165427,-0.0003990640876231355,-0.05935752364561817,Decrease
BCF_vs_ACF,Theta,25,TP9,BP,Theta Band Power,RAW_TP9_BP_Theta,232131.1143291017,213272.57909515503,-18858.535233946663,-8.124087668493313,Decrease
BCF_vs_ACF,Theta,25,TP9,RP,Theta Relative Power,RAW_TP9_RP_Theta,0.1044214537160077,0.1028694019828766,-0.0015520517331310962,-1.4863341563431696,Decrease
BCF_vs_ACF,Theta,26,AF7,EN,Entropy,RAW_AF7_EN,5.417449905533458,5.4196992594311695,0.0022493538977110816,0.04152052971294779,Increase
BCF_vs_ACF,Theta,26,AF7,HJ,Hjorth Activity,RAW_AF7_HJ_Activity,1678986.12150195,1563370.7195929636,-115615.4019089865,-6.886024871102678,Decrease
BCF_vs_ACF,Theta,26,AF7,HJ,Hjorth Complexity,RAW_AF7_HJ_Complexity,1.3119786782367038,1.3167202313857034,0.0047415531489996,0.3614047413767605,Increase
BCF_vs_ACF,Theta,26,AF7,HJ,Hjorth Mobility,RAW_AF7_HJ_Mobility,0.6739712636828601,0.6745711424824758,0.0005998787996157606,0.08900658409941288,Increase
BCF_vs_ACF,Theta,26,AF7,BP,Theta Band Power,RAW_AF7_BP_Theta,179820.53019623726,172603.10784046428,-7217.422355772986,-4.013680945049293,Decrease
BCF_vs_ACF,Theta,26,AF7,RP,Theta Relative Power,RAW_AF7_RP_Theta,0.108587388409777,0.1137351743228394,0.005147785913062405,4.740684888410954,Increase
BCF_vs_ACF,Theta,26,AF8,EN,Entropy,RAW_AF8_EN,5.414071178826619,5.422896221259324,0.00882504243270521,0.16300196545657245,Increase
BCF_vs_ACF,Theta,26,AF8,HJ,Hjorth Activity,RAW_AF8_HJ_Activity,1710873.3655102346,1510352.8904250609,-200520.47508517373,-11.720357516079071,Decrease
BCF_vs_ACF,Theta,26,AF8,HJ,Hjorth Complexity,RAW_AF8_HJ_Complexity,1.3137070157250854,1.3234459076399787,0.0097388919148933,0.7413290633542085,Increase
BCF_vs_ACF,Theta,26,AF8,HJ,Hjorth Mobility,RAW_AF8_HJ_Mobility,0.6757340889908265,0.6725341194747253,-0.003199969516101242,-0.4735545487841569,Decrease
BCF_vs_ACF,Theta,26,AF8,BP,Theta Band Power,RAW_AF8_BP_Theta,188020.8336443377,172379.53347558272,-15641.30016875497,-8.318918635549839,Decrease
BCF_vs_ACF,Theta,26,AF8,RP,Theta Relative Power,RAW_AF8_RP_Theta,0.1114605190735881,0.1143273804488964,0.0028668613753082967,2.5720868690872924,Increase
BCF_vs_ACF,Theta,26,TP10,EN,Entropy,RAW_TP10_EN,5.435503366972868,5.420463446716323,-0.015039920256544548,-0.2766978371852349,Decrease
BCF_vs_ACF,Theta,26,TP10,HJ,Hjorth Activity,RAW_TP10_HJ_Activity,1646240.684893397,1645560.3998300005,-680.2850633964408,-0.041323548229552656,Decrease
BCF_vs_ACF,Theta,26,TP10,HJ,Hjorth Complexity,RAW_TP10_HJ_Complexity,1.3044318668992092,1.305538074724394,0.0011062078251848906,0.0848038025791626,Increase
BCF_vs_ACF,Theta,26,TP10,HJ,Hjorth Mobility,RAW_TP10_HJ_Mobility,0.6860758922253751,0.6811727002828818,-0.0049031919424933346,-0.7146719478204084,Decrease
BCF_vs_ACF,Theta,26,TP10,BP,Theta Band Power,RAW_TP10_BP_Theta,164547.356462827,163417.16611141388,-1130.1903514131263,-0.6868480756592698,Decrease
BCF_vs_ACF,Theta,26,TP10,RP,Theta Relative Power,RAW_TP10_RP_Theta,0.1016913860253946,0.1008115401365609,-0.0008798458888336913,-0.8652118170697115,Decrease
BCF_vs_ACF,Theta,26,TP9,EN,Entropy,RAW_TP9_EN,5.421743686371578,5.412482662303665,-0.009261024067913404,-0.17081265001871027,Decrease
BCF_vs_ACF,Theta,26,TP9,HJ,Hjorth Activity,RAW_TP9_HJ_Activity,1638604.6349851035,1605618.2293139044,-32986.405671199085,-2.0130789921449823,Decrease
BCF_vs_ACF,Theta,26,TP9,HJ,Hjorth Complexity,RAW_TP9_HJ_Complexity,1.3078583948302387,1.3063415531852598,-0.0015168416449788946,-0.11597904260696221,Decrease
BCF_vs_ACF,Theta,26,TP9,HJ,Hjorth Mobility,RAW_TP9_HJ_Mobility,0.6782038103987345,0.6769576745607211,-0.0012461358380133625,-0.18374061291114324,Decrease
BCF_vs_ACF,Theta,26,TP9,BP,Theta Band Power,RAW_TP9_BP_Theta,173854.73683766695,152986.40964248189,-20868.327195185062,-12.003312405960157,Decrease
BCF_vs_ACF,Theta,26,TP9,RP,Theta Relative Power,RAW_TP9_RP_Theta,0.1035655514730595,0.0985530399046431,-0.0050125115684163946,-4.8399409814568495,Decrease
BCF_vs_ACF,Theta,27,AF7,EN,Entropy,RAW_AF7_EN,5.350745170392136,5.388800977818869,0.03805580742673342,0.7112244409864964,Increase
BCF_vs_ACF,Theta,27,AF7,HJ,Hjorth Activity,RAW_AF7_HJ_Activity,1499424.5601336309,2358487.0133930705,859062.4532594397,57.292809261632925,Increase
BCF_vs_ACF,Theta,27,AF7,HJ,Hjorth Complexity,RAW_AF7_HJ_Complexity,1.2911433008758288,1.320597608562421,0.029454307686592074,2.2812578330083237,Increase
BCF_vs_ACF,Theta,27,AF7,HJ,Hjorth Mobility,RAW_AF7_HJ_Mobility,0.713602575120914,0.6751407198114185,-0.03846185530949542,-5.389814534088303,Decrease
BCF_vs_ACF,Theta,27,AF7,BP,Theta Band Power,RAW_AF7_BP_Theta,181707.9565966484,288864.77722403256,107156.82062738415,58.97200245625383,Increase
BCF_vs_ACF,Theta,27,AF7,RP,Theta Relative Power,RAW_AF7_RP_Theta,0.1200103286939431,0.1277820463017479,0.00777171760780479,6.4758739455040155,Increase
BCF_vs_ACF,Theta,27,AF8,EN,Entropy,RAW_AF8_EN,5.413204015254409,5.4095784229115305,-0.003625592342878292,-0.06697682800539889,Decrease
BCF_vs_ACF,Theta,27,AF8,HJ,Hjorth Activity,RAW_AF8_HJ_Activity,1656988.6623055383,1831042.248048636,174053.5857430976,10.504211024649921,Increase
BCF_vs_ACF,Theta,27,AF8,HJ,Hjorth Complexity,RAW_AF8_HJ_Complexity,1.3063809439386718,1.3149175346113828,0.008536590672711064,0.6534533982847055,Increase
BCF_vs_ACF,Theta,27,AF8,HJ,Hjorth Mobility,RAW_AF8_HJ_Mobility,0.6757630058728796,0.6726717716848954,-0.003091234187984182,-0.4574435358430506,Decrease
BCF_vs_ACF,Theta,27,AF8,BP,Theta Band Power,RAW_AF8_BP_Theta,163420.0159920177,184769.2256745508,21349.20968253311,13.064011500020852,Increase
BCF_vs_ACF,Theta,27,AF8,RP,Theta Relative Power,RAW_AF8_RP_Theta,0.1028006168568764,0.1050556234077074,0.0022550065508309958,2.1935729762891563,Increase
BCF_vs_ACF,Theta,27,TP10,EN,Entropy,RAW_TP10_EN,4.5173102602625255,5.143098515915955,0.6257882556534291,13.853116558282652,Increase
BCF_vs_ACF,Theta,27,TP10,HJ,Hjorth Activity,RAW_TP10_HJ_Activity,1756802.2568116894,1827131.4292793493,70329.17246765993,4.003249210033231,Increase
BCF_vs_ACF,Theta,27,TP10,HJ,Hjorth Complexity,RAW_TP10_HJ_Complexity,1.129659699886157,1.2740255623612076,0.14436586247505057,12.779588622095595,Increase
BCF_vs_ACF,Theta,27,TP10,HJ,Hjorth Mobility,RAW_TP10_HJ_Mobility,0.8463409770252891,0.7437064041140686,-0.10263457291122047,-12.126858523612958,Decrease
BCF_vs_ACF,Theta,27,TP10,BP,Theta Band Power,RAW_TP10_BP_Theta,96468.23248252404,211965.56225635865,115497.32977383462,119.7257654687079,Increase
BCF_vs_ACF,Theta,27,TP10,RP,Theta Relative Power,RAW_TP10_RP_Theta,0.0566096561301695,0.1209550758279393,0.0643454196977698,113.66509549150503,Increase
BCF_vs_ACF,Theta,27,TP9,EN,Entropy,RAW_TP9_EN,4.84486557580335,4.478157025634492,-0.36670855016885806,-7.5690139268322705,Decrease
BCF_vs_ACF,Theta,27,TP9,HJ,Hjorth Activity,RAW_TP9_HJ_Activity,1779452.1386631068,1894259.6553894903,114807.51672638347,6.451846286387773,Increase
BCF_vs_ACF,Theta,27,TP9,HJ,Hjorth Complexity,RAW_TP9_HJ_Complexity,1.1998634476734111,1.141205159290508,-0.05865828838290321,-4.888747006723495,Decrease
BCF_vs_ACF,Theta,27,TP9,HJ,Hjorth Mobility,RAW_TP9_HJ_Mobility,0.7902984672892481,0.8471630042406683,0.05686453695142013,7.195324210417302,Increase
BCF_vs_ACF,Theta,27,TP9,BP,Theta Band Power,RAW_TP9_BP_Theta,137291.8366332787,102504.99340072356,-34786.84323255514,-25.337881760205853,Decrease
BCF_vs_ACF,Theta,27,TP9,RP,Theta Relative Power,RAW_TP9_RP_Theta,0.0766282210668396,0.0542315137548951,-0.0223967073119445,-29.227753169956515,Decrease
BCF_vs_ACF,Theta,28,AF7,EN,Entropy,RAW_AF7_EN,5.323232844963012,5.334533951291419,0.011301106328406973,0.2122978020602722,Increase
BCF_vs_ACF,Theta,28,AF7,HJ,Hjorth Activity,RAW_AF7_HJ_Activity,2206693.4482344827,2223912.555997407,17219.107762924396,0.7803126336692099,Increase
BCF_vs_ACF,Theta,28,AF7,HJ,Hjorth Complexity,RAW_AF7_HJ_Complexity,1.3198726968813392,1.3217190385716464,0.0018463416903071739,0.1398878615089017,Increase
BCF_vs_ACF,Theta,28,AF7,HJ,Hjorth Mobility,RAW_AF7_HJ_Mobility,0.6951685984063567,0.6928533403122286,-0.0023152580941281364,-0.3330498672459837,Decrease
BCF_vs_ACF,Theta,28,AF7,BP,Theta Band Power,RAW_AF7_BP_Theta,342919.9648062555,305177.93052317406,-37742.03428308142,-11.006076681596854,Decrease
BCF_vs_ACF,Theta,28,AF7,RP,Theta Relative Power,RAW_AF7_RP_Theta,0.1535633831547225,0.1368588024807053,-0.0167045806740172,-10.877971252552134,Decrease
BCF_vs_ACF,Theta,28,AF8,EN,Entropy,RAW_AF8_EN,5.396376189072243,5.398017662917561,0.0016414738453178757,0.030418076646359257,Increase
BCF_vs_ACF,Theta,28,AF8,HJ,Hjorth Activity,RAW_AF8_HJ_Activity,2070225.3427736545,2022068.323303376,-48157.01947027841,-2.3261728312995342,Decrease
BCF_vs_ACF,Theta,28,AF8,HJ,Hjorth Complexity,RAW_AF8_HJ_Complexity,1.3195405435648004,1.3184268782247783,-0.0011136653400221075,-0.08439796302230233,Decrease
BCF_vs_ACF,Theta,28,AF8,HJ,Hjorth Mobility,RAW_AF8_HJ_Mobility,0.667923607097625,0.6682759861401478,0.00035237904252283236,0.052757387039222885,Increase
BCF_vs_ACF,Theta,28,AF8,BP,Theta Band Power,RAW_AF8_BP_Theta,218394.52043851983,217077.1733575928,-1317.347080927022,-0.6031960317877426,Decrease
BCF_vs_ACF,Theta,28,AF8,RP,Theta Relative Power,RAW_AF8_RP_Theta,0.1044221392605223,0.1084863360883653,0.0040641968278430085,3.892083476381635,Increase
BCF_vs_ACF,Theta,28,TP10,EN,Entropy,RAW_TP10_EN,4.866254366824126,4.816300532739189,-0.049953834084937476,-1.0265356128010823,Decrease
BCF_vs_ACF,Theta,28,TP10,HJ,Hjorth Activity,RAW_TP10_HJ_Activity,1938730.7328144573,1956980.3509749672,18249.61816050997,0.9413178349949083,Increase
BCF_vs_ACF,Theta,28,TP10,HJ,Hjorth Complexity,RAW_TP10_HJ_Complexity,1.2179173192075536,1.223226080409973,0.00530876120241941,0.4358884727802042,Increase
BCF_vs_ACF,Theta,28,TP10,HJ,Hjorth Mobility,RAW_TP10_HJ_Mobility,0.7767413411724319,0.7741246221707373,-0.0026167190016945785,-0.3368842191075913,Decrease
BCF_vs_ACF,Theta,28,TP10,BP,Theta Band Power,RAW_TP10_BP_Theta,159474.47526598693,168275.94741082864,8801.472144841711,5.51904756555039,Increase
BCF_vs_ACF,Theta,28,TP10,RP,Theta Relative Power,RAW_TP10_RP_Theta,0.0849761819587538,0.088943196831434,0.003967014872680197,4.668384459313232,Increase
BCF_vs_ACF,Theta,28,TP9,EN,Entropy,RAW_TP9_EN,4.866827531976487,4.808233938602132,-0.058593593374354214,-1.2039381504558584,Decrease
BCF_vs_ACF,Theta,28,TP9,HJ,Hjorth Activity,RAW_TP9_HJ_Activity,2232475.807076009,1962593.4972303244,-269882.30984568456,-12.088924278161098,Decrease
BCF_vs_ACF,Theta,28,TP9,HJ,Hjorth Complexity,RAW_TP9_HJ_Complexity,1.2099192724816916,1.218653880164961,0.00873460768326928,0.7219165676527771,Increase
BCF_vs_ACF,Theta,28,TP9,HJ,Hjorth Mobility,RAW_TP9_HJ_Mobility,0.7739870885595712,0.7768400104075485,0.0028529218479772522,0.3686007027955315,Increase
BCF_vs_ACF,Theta,28,TP9,BP,Theta Band Power,RAW_TP9_BP_Theta,202813.11353321705,172569.4216843992,-30243.691848817864,-14.912098789837131,Decrease
BCF_vs_ACF,Theta,28,TP9,RP,Theta Relative Power,RAW_TP9_RP_Theta,0.0934415265931272,0.0890796692602343,-0.004361857332892891,-4.668007353824326,Decrease
BCF_vs_ACF,Delta,1,AF7,BP,Delta Band Power,RAW_AF7_BP_Delta,122889.14931084595,126806.50391726477,3917.354606418812,3.1877139913385943,Increase
BCF_vs_ACF,Delta,1,AF7,RP,Delta Relative Power,RAW_AF7_RP_Delta,0.0648964511203152,0.0704431078290805,0.005546656708765307,8.54693378915597,Increase
BCF_vs_ACF,Delta,1,AF7,EN,Entropy,RAW_AF7_EN,5.412798682968103,5.409176925790644,-0.0036217571774592727,-0.06691098985180224,Decrease
BCF_vs_ACF,Delta,1,AF7,HJ,Hjorth Activity,RAW_AF7_HJ_Activity,1890338.981543269,1832535.529115008,-57803.45242826105,-3.0578352873552035,Decrease
BCF_vs_ACF,Delta,1,AF7,HJ,Hjorth Complexity,RAW_AF7_HJ_Complexity,1.3264043750763,1.334524993908265,0.008120618831965132,0.6122279890322287,Increase
BCF_vs_ACF,Delta,1,AF7,HJ,Hjorth Mobility,RAW_AF7_HJ_Mobility,0.6622206637514538,0.6608179916545807,-0.0014026720968731698,-0.21181339901522978,Decrease
BCF_vs_ACF,Delta,1,AF8,BP,Delta Band Power,RAW_AF8_BP_Delta,115173.4577647308,119499.55529496426,4326.0975302334555,3.756158418956683,Increase
BCF_vs_ACF,Delta,1,AF8,RP,Delta Relative Power,RAW_AF8_RP_Delta,0.0666269899392672,0.0651969145119205,-0.0014300754273467026,-2.1463905673215398,Decrease
BCF_vs_ACF,Delta,1,AF8,EN,Entropy,RAW_AF8_EN,5.417019680556031,5.410144956500225,-0.006874724055806247,-0.12690971163502568,Decrease
BCF_vs_ACF,Delta,1,AF8,HJ,Hjorth Activity,RAW_AF8_HJ_Activity,1747678.2167943493,1911377.399355324,163699.18256097473,9.36666607089933,Increase
BCF_vs_ACF,Delta,1,AF8,HJ,Hjorth Complexity,RAW_AF8_HJ_Complexity,1.329878027621703,1.3291108400666425,-0.0007671875550605556,-0.05768856535155792,Decrease
BCF_vs_ACF,Delta,1,AF8,HJ,Hjorth Mobility,RAW_AF8_HJ_Mobility,0.6612778244212462,0.6623775343937741,0.0010997099725279513,0.16630074862867558,Increase
BCF_vs_ACF,Delta,1,TP10,BP,Delta Band Power,RAW_TP10_BP_Delta,102059.09572458208,123063.5074810471,21004.411756465022,20.580636745153793,Increase
BCF_vs_ACF,Delta,1,TP10,RP,Delta Relative Power,RAW_TP10_RP_Delta,0.0602840213569203,0.068378121448514,0.008094100091593705,13.426609422207273,Increase
BCF_vs_ACF,Delta,1,TP10,EN,Entropy,RAW_TP10_EN,5.403511703449143,5.3961810697218695,-0.0073306337272738276,-0.13566425187151113,Decrease
BCF_vs_ACF,Delta,1,TP10,HJ,Hjorth Activity,RAW_TP10_HJ_Activity,1714110.9476763215,1834664.3266106893,120553.37893436779,7.0329974321552555,Increase
BCF_vs_ACF,Delta,1,TP10,HJ,Hjorth Complexity,RAW_TP10_HJ_Complexity,1.3179391140335228,1.333406239878593,0.015467125845070262,1.173584248344635,Increase
BCF_vs_ACF,Delta,1,TP10,HJ,Hjorth Mobility,RAW_TP10_HJ_Mobility,0.6672621057552968,0.6577277513708661,-0.009534354384430621,-1.4288769438867444,Decrease
BCF_vs_ACF,Delta,1,TP9,BP,Delta Band Power,RAW_TP9_BP_Delta,115762.0930705048,121019.54682182896,5257.453751324167,4.5416021876195,Increase
BCF_vs_ACF,Delta,1,TP9,RP,Delta Relative Power,RAW_TP9_RP_Delta,0.0687730359318872,0.0677158872210395,-0.001057148710847708,-1.5371558002684478,Decrease
BCF_vs_ACF,Delta,1,TP9,EN,Entropy,RAW_TP9_EN,5.405409143177643,5.4116327225152965,0.006223579337653717,0.11513613813135155,Increase
BCF_vs_ACF,Delta,1,TP9,HJ,Hjorth Activity,RAW_TP9_HJ_Activity,1731344.0356779806,1813921.4506708256,82577.41499284492,4.7695555182080405,Increase
BCF_vs_ACF,Delta,1,TP9,HJ,Hjorth Complexity,RAW_TP9_HJ_Complexity,1.3383556584665897,1.3337232714037504,-0.004632387062839305,-0.34612526450157693,Decrease
BCF_vs_ACF,Delta,1,TP9,HJ,Hjorth Mobility,RAW_TP9_HJ_Mobility,0.6580955631546617,0.6603935549313747,0.002297991776713082,0.34918815828166,Increase
BCF_vs_ACF,Delta,2,AF7,BP,Delta Band Power,RAW_AF7_BP_Delta,123684.8549691858,117477.34623715856,-6207.508732027243,-5.0188106972141,Decrease
BCF_vs_ACF,Delta,2,AF7,RP,Delta Relative Power,RAW_AF7_RP_Delta,0.0641207893181204,0.0593010355082187,-0.004819753809901704,-7.5166788512063,Decrease
BCF_vs_ACF,Delta,2,AF7,EN,Entropy,RAW_AF7_EN,5.405962081831756,5.406527805469658,0.0005657236379015274,0.010464809581310224,Increase
BCF_vs_ACF,Delta,2,AF7,HJ,Hjorth Activity,RAW_AF7_HJ_Activity,1952198.9299499155,1997549.0052655693,45350.07531565381,2.3230253136557804,Increase
BCF_vs_ACF,Delta,2,AF7,HJ,Hjorth Complexity,RAW_AF7_HJ_Complexity,1.3294098657147482,1.3217037941713468,-0.007706071543401416,-0.5796610768536985,Decrease
BCF_vs_ACF,Delta,2,AF7,HJ,Hjorth Mobility,RAW_AF7_HJ_Mobility,0.6633556642750811,0.6649351319590393,0.0015794676839582245,0.23810269046006804,Increase
BCF_vs_ACF,Delta,2,AF8,BP,Delta Band Power,RAW_AF8_BP_Delta,116518.8830872888,133490.1967333484,16971.313646059585,14.565290360143358,Increase
BCF_vs_ACF,Delta,2,AF8,RP,Delta Relative Power,RAW_AF8_RP_Delta,0.06329522317694,0.058732285026288,-0.004562938150652,-7.208977110162699,Decrease
BCF_vs_ACF,Delta,2,AF8,EN,Entropy,RAW_AF8_EN,5.411384185278304,5.40613424329809,-0.00524994198021389,-0.09701661904723716,Decrease
BCF_vs_ACF,Delta,2,AF8,HJ,Hjorth Activity,RAW_AF8_HJ_Activity,1947059.7586160183,2242802.1195969125,295742.3609808942,15.189177408253233,Increase
BCF_vs_ACF,Delta,2,AF8,HJ,Hjorth Complexity,RAW_AF8_HJ_Complexity,1.3208192721236185,1.3186100817365929,-0.0022091903870256058,-0.1672590969598483,Decrease
BCF_vs_ACF,Delta,2,AF8,HJ,Hjorth Mobility,RAW_AF8_HJ_Mobility,0.6643269253250604,0.6686714100849078,0.004344484759847389,0.6539678875309168,Increase
BCF_vs_ACF,Delta,2,TP10,BP,Delta Band Power,RAW_TP10_BP_Delta,136931.00447459097,148129.56530982634,11198.560835235374,8.178250702391793,Increase
BCF_vs_ACF,Delta,2,TP10,RP,Delta Relative Power,RAW_TP10_RP_Delta,0.0814590991336197,0.0717433138533302,-0.009715785280289504,-11.92719460885815,Decrease
BCF_vs_ACF,Delta,2,TP10,EN,Entropy,RAW_TP10_EN,5.405942909755721,5.414365928464452,0.008423018708731078,0.15581035259419138,Increase
BCF_vs_ACF,Delta,2,TP10,HJ,Hjorth Activity,RAW_TP10_HJ_Activity,1722437.2170327832,2113028.8715173844,390591.6544846012,22.676684561975943,Increase
BCF_vs_ACF,Delta,2,TP10,HJ,Hjorth Complexity,RAW_TP10_HJ_Complexity,1.357337643542842,1.3368101887867705,-0.020527454756071428,-1.5123322375773716,Decrease
BCF_vs_ACF,Delta,2,TP10,HJ,Hjorth Mobility,RAW_TP10_HJ_Mobility,0.6492883124353307,0.6601236880546675,0.010835375619336785,1.6688080490307593,Increase
BCF_vs_ACF,Delta,2,TP9,BP,Delta Band Power,RAW_TP9_BP_Delta,137896.38856561374,125134.35529723013,-12762.033268383617,-9.254798766764798,Decrease
BCF_vs_ACF,Delta,2,TP9,RP,Delta Relative Power,RAW_TP9_RP_Delta,0.0744071004071078,0.0684676985205835,-0.005939401886524295,-7.9823052558528795,Decrease
BCF_vs_ACF,Delta,2,TP9,EN,Entropy,RAW_TP9_EN,5.408865132216425,5.4109620565156495,0.0020969242992245896,0.03876828591518827,Increase
BCF_vs_ACF,Delta,2,TP9,HJ,Hjorth Activity,RAW_TP9_HJ_Activity,1854816.0208358727,1839909.63025752,-14906.390578352846,-0.8036587139049662,Decrease
BCF_vs_ACF,Delta,2,TP9,HJ,Hjorth Complexity,RAW_TP9_HJ_Complexity,1.3398906905937504,1.3367839337389351,-0.003106756854815318,-0.23186644079440616,Decrease
BCF_vs_ACF,Delta,2,TP9,HJ,Hjorth Mobility,RAW_TP9_HJ_Mobility,0.6576952660600329,0.6569407700353729,-0.0007544960246600452,-0.11471817779378336,Decrease
BCF_vs_ACF,Delta,9,AF7,BP,Delta Band Power,RAW_AF7_BP_Delta,94004.23983537997,119385.57960022031,25381.339764840348,27.00020744733227,Increase
BCF_vs_ACF,Delta,9,AF7,RP,Delta Relative Power,RAW_AF7_RP_Delta,0.0577992465517441,0.0546006466419967,-0.003198599909747399,-5.533982016329382,Decrease
BCF_vs_ACF,Delta,9,AF7,EN,Entropy,RAW_AF7_EN,5.404745328276249,5.400095812715429,-0.004649515560820383,-0.08602654294357412,Decrease
BCF_vs_ACF,Delta,9,AF7,HJ,Hjorth Activity,RAW_AF7_HJ_Activity,1720488.066935424,2220071.963325673,499583.8963902488,29.03733574160267,Increase
BCF_vs_ACF,Delta,9,AF7,HJ,Hjorth Complexity,RAW_AF7_HJ_Complexity,1.306816456983181,1.3144058646116337,0.007589407628452616,0.5807554372228335,Increase
BCF_vs_ACF,Delta,9,AF7,HJ,Hjorth Mobility,RAW_AF7_HJ_Mobility,0.6719882425787339,0.6689304639022072,-0.003057778676526679,-0.45503455012732796,Decrease
BCF_vs_ACF,Delta,9,AF8,BP,Delta Band Power,RAW_AF8_BP_Delta,102898.26091729228,117421.64811759656,14523.387200304278,14.114317453798279,Increase
BCF_vs_ACF,Delta,9,AF8,RP,Delta Relative Power,RAW_AF8_RP_Delta,0.0586524987245533,0.056303722889671,-0.0023487758348822996,-4.004562270931942,Decrease
BCF_vs_ACF,Delta,9,AF8,EN,Entropy,RAW_AF8_EN,5.403844119382825,5.4026631278736845,-0.0011809915091403056,-0.021854655372168415,Decrease
BCF_vs_ACF,Delta,9,AF8,HJ,Hjorth Activity,RAW_AF8_HJ_Activity,1774992.8818411822,2226415.6901744,451422.80833321763,25.432372881685094,Increase
BCF_vs_ACF,Delta,9,AF8,HJ,Hjorth Complexity,RAW_AF8_HJ_Complexity,1.3175060512999617,1.3127390275248874,-0.004767023775074319,-0.3618217745846993,Decrease
BCF_vs_ACF,Delta,9,AF8,HJ,Hjorth Mobility,RAW_AF8_HJ_Mobility,0.6702189237852212,0.669232278908164,-0.0009866448770572411,-0.1472123275011289,Decrease
BCF_vs_ACF,Delta,9,TP10,BP,Delta Band Power,RAW_TP10_BP_Delta,116506.1906566044,111705.8085284696,-4800.382128134806,-4.120280734509352,Decrease
BCF_vs_ACF,Delta,9,TP10,RP,Delta Relative Power,RAW_TP10_RP_Delta,0.0664865568208858,0.0596519272261791,-0.006834629594706709,-10.27971656453671,Decrease
BCF_vs_ACF,Delta,9,TP10,EN,Entropy,RAW_TP10_EN,5.406932313461794,5.41637295928545,0.009440645823656446,0.174602626338632,Increase
BCF_vs_ACF,Delta,9,TP10,HJ,Hjorth Activity,RAW_TP10_HJ_Activity,1815758.5369717807,1892224.8737590392,76466.33678725851,4.211261312023609,Increase
BCF_vs_ACF,Delta,9,TP10,HJ,Hjorth Complexity,RAW_TP10_HJ_Complexity,1.319544701276932,1.318443974931734,-0.0011007263451978666,-0.08341713199505,Decrease
BCF_vs_ACF,Delta,9,TP10,HJ,Hjorth Mobility,RAW_TP10_HJ_Mobility,0.6660436345395875,0.6710400408134113,0.004996406273823806,0.7501620036167218,Increase
BCF_vs_ACF,Delta,9,TP9,BP,Delta Band Power,RAW_TP9_BP_Delta,132679.6355251203,121312.1841358335,-11367.451389286813,-8.5675931685346,Decrease
BCF_vs_ACF,Delta,9,TP9,RP,Delta Relative Power,RAW_TP9_RP_Delta,0.0705012344554011,0.0599079694806243,-0.010593264974776799,-15.025644666517252,Decrease
BCF_vs_ACF,Delta,9,TP9,EN,Entropy,RAW_TP9_EN,5.412682671933908,5.409945675372909,-0.0027369965609986835,-0.05056635917695091,Decrease
BCF_vs_ACF,Delta,9,TP9,HJ,Hjorth Activity,RAW_TP9_HJ_Activity,1975212.537180921,2123858.0704727494,148645.53329182835,7.525546263693701,Increase
BCF_vs_ACF,Delta,9,TP9,HJ,Hjorth Complexity,RAW_TP9_HJ_Complexity,1.331823034381703,1.3218545052368105,-0.009968529144892546,-0.7484875157997565,Decrease
BCF_vs_ACF,Delta,9,TP9,HJ,Hjorth Mobility,RAW_TP9_HJ_Mobility,0.6610957722502662,0.6664077783710325,0.005312006120766322,0.8035153670224039,Increase
BCF_vs_ACF,Delta,14,AF7,BP,Delta Band Power,RAW_AF7_BP_Delta,109812.6878138651,105794.19036620347,-4018.497447661619,-3.65941088198575,Decrease
BCF_vs_ACF,Delta,14,AF7,RP,Delta Relative Power,RAW_AF7_RP_Delta,0.0594843345200093,0.0568737532307477,-0.0026105812892616015,-4.388687055721294,Decrease
BCF_vs_ACF,Delta,14,AF7,EN,Entropy,RAW_AF7_EN,5.408539521165073,5.40529359742801,-0.0032459237370634497,-0.06001479187424397,Decrease
BCF_vs_ACF,Delta,14,AF7,HJ,Hjorth Activity,RAW_AF7_HJ_Activity,1913614.370076304,1856351.2576581703,-57263.112418133765,-2.992406062243901,Decrease
BCF_vs_ACF,Delta,14,AF7,HJ,Hjorth Complexity,RAW_AF7_HJ_Complexity,1.3200110456998548,1.3078289255015016,-0.012182120198353186,-0.9228801711954133,Decrease
BCF_vs_ACF,Delta,14,AF7,HJ,Hjorth Mobility,RAW_AF7_HJ_Mobility,0.668303865298733,0.6737331361111947,0.005429270812461695,0.8123955425627833,Increase
BCF_vs_ACF,Delta,14,AF8,BP,Delta Band Power,RAW_AF8_BP_Delta,85266.92908856549,95820.82622067042,10553.897132104932,12.377480044042347,Increase
BCF_vs_ACF,Delta,14,AF8,RP,Delta Relative Power,RAW_AF8_RP_Delta,0.0549642249812908,0.0573440938694812,0.0023798688881904034,4.3298507147157705,Increase
BCF_vs_ACF,Delta,14,AF8,EN,Entropy,RAW_AF8_EN,5.398012655524841,5.406190639880454,0.0081779843556129,0.15149991075405816,Increase
BCF_vs_ACF,Delta,14,AF8,HJ,Hjorth Activity,RAW_AF8_HJ_Activity,1570109.163351241,1694725.0882460475,124615.92489480646,7.93676820717524,Increase
BCF_vs_ACF,Delta,14,AF8,HJ,Hjorth Complexity,RAW_AF8_HJ_Complexity,1.3021457110256085,1.311666248825841,0.009520537800232542,0.7311422769064674,Increase
BCF_vs_ACF,Delta,14,AF8,HJ,Hjorth Mobility,RAW_AF8_HJ_Mobility,0.6760754912667348,0.6693661293158412,-0.006709361950893666,-0.9923983397656689,Decrease
BCF_vs_ACF,Delta,14,TP10,BP,Delta Band Power,RAW_TP10_BP_Delta,140576.683990518,114255.12404807749,-26321.559942440523,-18.723986933861614,Decrease
BCF_vs_ACF,Delta,14,TP10,RP,Delta Relative Power,RAW_TP10_RP_Delta,0.0635110011202171,0.0619350405354842,-0.0015759605847328953,-2.4813978002800345,Decrease
BCF_vs_ACF,Delta,14,TP10,EN,Entropy,RAW_TP10_EN,5.405282132354049,5.403195809519848,-0.002086322834201404,-0.03859785267661489,Decrease
BCF_vs_ACF,Delta,14,TP10,HJ,Hjorth Activity,RAW_TP10_HJ_Activity,2279028.242417916,1916597.110911314,-362431.1315066023,-15.90288021714395,Decrease
BCF_vs_ACF,Delta,14,TP10,HJ,Hjorth Complexity,RAW_TP10_HJ_Complexity,1.3277870791344788,1.3152565826067772,-0.012530496527701551,-0.9437127928575406,Decrease
BCF_vs_ACF,Delta,14,TP10,HJ,Hjorth Mobility,RAW_TP10_HJ_Mobility,0.663565185288086,0.6721272362758081,0.008562050987722114,1.2903104589498484,Increase
BCF_vs_ACF,Delta,14,TP9,BP,Delta Band Power,RAW_TP9_BP_Delta,146886.01693945564,132903.2607583356,-13982.756181120058,-9.519460376465618,Decrease
BCF_vs_ACF,Delta,14,TP9,RP,Delta Relative Power,RAW_TP9_RP_Delta,0.0685428902105192,0.0662423216937038,-0.002300568516815399,-3.356392632043306,Decrease
BCF_vs_ACF,Delta,14,TP9,EN,Entropy,RAW_TP9_EN,5.400363273140924,5.405242937696734,0.004879664555810237,0.09035807979954946,Increase
BCF_vs_ACF,Delta,14,TP9,HJ,Hjorth Activity,RAW_TP9_HJ_Activity,2142081.562074115,2009503.712578652,-132577.84949546307,-6.189206416915882,Decrease
BCF_vs_ACF,Delta,14,TP9,HJ,Hjorth Complexity,RAW_TP9_HJ_Complexity,1.3301070203508008,1.322445787267606,-0.007661233083194663,-0.5759862150922337,Decrease
BCF_vs_ACF,Delta,14,TP9,HJ,Hjorth Mobility,RAW_TP9_HJ_Mobility,0.6608018354584807,0.665417026470378,0.004615191011897335,0.6984228499751671,Increase
BCF_vs_ACF,Delta,16,AF7,BP,Delta Band Power,RAW_AF7_BP_Delta,154810.91757974096,157985.92862222623,3175.0110424852755,2.0508960815698747,Increase
BCF_vs_ACF,Delta,16,AF7,RP,Delta Relative Power,RAW_AF7_RP_Delta,0.0732196164611901,0.0622437489915591,-0.010975867469631001,-14.99033728952778,Decrease
BCF_vs_ACF,Delta,16,AF7,EN,Entropy,RAW_AF7_EN,5.412696006329889,5.397641856595586,-0.015054149734303301,-0.2781266436670043,Decrease
BCF_vs_ACF,Delta,16,AF7,HJ,Hjorth Activity,RAW_AF7_HJ_Activity,2224856.1294866386,2601587.38649485,376731.2570082112,16.932836780557935,Increase
BCF_vs_ACF,Delta,16,AF7,HJ,Hjorth Complexity,RAW_AF7_HJ_Complexity,1.3417440415376538,1.3177179252898612,-0.024026116247792606,-1.7906631595887994,Decrease
BCF_vs_ACF,Delta,16,AF7,HJ,Hjorth Mobility,RAW_AF7_HJ_Mobility,0.6524596480022055,0.6643645952926767,0.011904947290471202,1.824625833478511,Increase
BCF_vs_ACF,Delta,16,AF8,BP,Delta Band Power,RAW_AF8_BP_Delta,124258.30547050564,153763.58770265593,29505.28223215029,23.745118783350673,Increase
BCF_vs_ACF,Delta,16,AF8,RP,Delta Relative Power,RAW_AF8_RP_Delta,0.0736195195434793,0.068721272107565,-0.004898247435914299,-6.653462921639172,Decrease
BCF_vs_ACF,Delta,16,AF8,EN,Entropy,RAW_AF8_EN,5.408392595416777,5.407587582922311,-0.0008050124944665171,-0.014884505521080461,Decrease
BCF_vs_ACF,Delta,16,AF8,HJ,Hjorth Activity,RAW_AF8_HJ_Activity,1756107.486443845,2272171.818967208,516064.3325233627,29.386830618688602,Increase
BCF_vs_ACF,Delta,16,AF8,HJ,Hjorth Complexity,RAW_AF8_HJ_Complexity,1.3444785593903164,1.3348634007971911,-0.009615158593125228,-0.7151589384575561,Decrease
BCF_vs_ACF,Delta,16,AF8,HJ,Hjorth Mobility,RAW_AF8_HJ_Mobility,0.6563687720044836,0.6584079844186388,0.002039212414155167,0.31068090090995937,Increase
BCF_vs_ACF,Delta,16,TP10,BP,Delta Band Power,RAW_TP10_BP_Delta,130595.1783394692,131056.21770589164,461.03936642243934,0.35302939379891446,Increase
BCF_vs_ACF,Delta,16,TP10,RP,Delta Relative Power,RAW_TP10_RP_Delta,0.0747139873622836,0.0674137321939871,-0.007300255168296507,-9.77093503643168,Decrease
BCF_vs_ACF,Delta,16,TP10,EN,Entropy,RAW_TP10_EN,5.40629910075178,5.411540287418813,0.005241186667032771,0.09694592491754574,Increase
BCF_vs_ACF,Delta,16,TP10,HJ,Hjorth Activity,RAW_TP10_HJ_Activity,1827067.51849412,1951121.50334336,124053.98484923993,6.789786561992299,Increase
BCF_vs_ACF,Delta,16,TP10,HJ,Hjorth Complexity,RAW_TP10_HJ_Complexity,1.347452521510205,1.3432323173273784,-0.004220204182826537,-0.3131987298592602,Decrease
BCF_vs_ACF,Delta,16,TP10,HJ,Hjorth Mobility,RAW_TP10_HJ_Mobility,0.6530001468312272,0.65689228149447,0.0038921346632427856,0.5960388649420529,Increase
BCF_vs_ACF,Delta,16,TP9,BP,Delta Band Power,RAW_TP9_BP_Delta,116634.79490529367,140164.65802734747,23529.863122053794,20.17396536013101,Increase
BCF_vs_ACF,Delta,16,TP9,RP,Delta Relative Power,RAW_TP9_RP_Delta,0.0649961818628134,0.0676305828700217,0.002634401007208298,4.053162711570803,Increase
BCF_vs_ACF,Delta,16,TP9,EN,Entropy,RAW_TP9_EN,5.407225158281156,5.40834399556495,0.0011188372837942495,0.02069152386008473,Increase
BCF_vs_ACF,Delta,16,TP9,HJ,Hjorth Activity,RAW_TP9_HJ_Activity,1878677.606000882,2188247.1908356952,309569.58483481314,16.478057961940053,Increase
BCF_vs_ACF,Delta,16,TP9,HJ,Hjorth Complexity,RAW_TP9_HJ_Complexity,1.3302893274570484,1.3415662457254136,0.011276918268365188,0.8477041825120777,Increase
BCF_vs_ACF,Delta,16,TP9,HJ,Hjorth Mobility,RAW_TP9_HJ_Mobility,0.6653623785057172,0.6525001055505065,-0.012862272955210696,-1.9331229673816275,Decrease
BCF_vs_ACF,Delta,22,AF7,BP,Delta Band Power,RAW_AF7_BP_Delta,97282.75344814255,91291.45841233288,-5991.295035809671,-6.158640481946664,Decrease
BCF_vs_ACF,Delta,22,AF7,RP,Delta Relative Power,RAW_AF7_RP_Delta,0.0582499466400086,0.0531339678297373,-0.005115978810271302,-8.782804286308865,Decrease
BCF_vs_ACF,Delta,22,AF7,EN,Entropy,RAW_AF7_EN,5.405084797294908,5.405766046874566,0.0006812495796584273,0.012603864790416858,Increase
BCF_vs_ACF,Delta,22,AF7,HJ,Hjorth Activity,RAW_AF7_HJ_Activity,1675846.5107154043,1752353.2093857308,76506.6986703265,4.565256912321073,Increase
BCF_vs_ACF,Delta,22,AF7,HJ,Hjorth Complexity,RAW_AF7_HJ_Complexity,1.3096508172068455,1.3086574263862576,-0.0009933908205879138,-0.07585157872130875,Decrease
BCF_vs_ACF,Delta,22,AF7,HJ,Hjorth Mobility,RAW_AF7_HJ_Mobility,0.6731702795565919,0.6742889153862793,0.0011186358296874088,0.16617427472054158,Increase
BCF_vs_ACF,Delta,22,AF8,BP,Delta Band Power,RAW_AF8_BP_Delta,100656.9252876454,107566.62029885042,6909.695011205025,6.86459971975035,Increase
BCF_vs_ACF,Delta,22,AF8,RP,Delta Relative Power,RAW_AF8_RP_Delta,0.056028543868729,0.0552734029517899,-0.0007551409169390955,-1.347778944083106,Decrease
BCF_vs_ACF,Delta,22,AF8,EN,Entropy,RAW_AF8_EN,5.405914463814855,5.402543900887834,-0.0033705629270208703,-0.062349542331499,Decrease
BCF_vs_ACF,Delta,22,AF8,HJ,Hjorth Activity,RAW_AF8_HJ_Activity,1855757.217309496,1935247.1331726504,79489.91586315446,4.283422158982634,Increase
BCF_vs_ACF,Delta,22,AF8,HJ,Hjorth Complexity,RAW_AF8_HJ_Complexity,1.3040873851655348,1.3026952685636708,-0.0013921166018640019,-0.1067502544461231,Decrease
BCF_vs_ACF,Delta,22,AF8,HJ,Hjorth Mobility,RAW_AF8_HJ_Mobility,0.6761048255294112,0.6742213622011664,-0.0018834633282448499,-0.2785756375529548,Decrease
BCF_vs_ACF,Delta,22,TP10,BP,Delta Band Power,RAW_TP10_BP_Delta,89684.37545554865,90861.6146549232,1177.239199374555,1.3126469280683615,Increase
BCF_vs_ACF,Delta,22,TP10,RP,Delta Relative Power,RAW_TP10_RP_Delta,0.0530051838954239,0.0563134675323732,0.003308283636949301,6.241434127417329,Increase
BCF_vs_ACF,Delta,22,TP10,EN,Entropy,RAW_TP10_EN,5.406011010188747,5.404352745428109,-0.0016582647606382395,-0.03067446140070555,Decrease
BCF_vs_ACF,Delta,22,TP10,HJ,Hjorth Activity,RAW_TP10_HJ_Activity,1674367.613298392,1665650.509735773,-8717.103562618839,-0.5206206506495148,Decrease
BCF_vs_ACF,Delta,22,TP10,HJ,Hjorth Complexity,RAW_TP10_HJ_Complexity,1.307272197485073,1.315774524244092,0.008502326759018963,0.6503868724031399,Increase
BCF_vs_ACF,Delta,22,TP10,HJ,Hjorth Mobility,RAW_TP10_HJ_Mobility,0.6737542887338601,0.6705214535400265,-0.003232835193833661,-0.47982406166332603,Decrease
BCF_vs_ACF,Delta,22,TP9,BP,Delta Band Power,RAW_TP9_BP_Delta,93047.31323588367,94097.3824266368,1050.069190753129,1.1285325220418834,Increase
BCF_vs_ACF,Delta,22,TP9,RP,Delta Relative Power,RAW_TP9_RP_Delta,0.0561743900893799,0.0569068397607207,0.0007324496713408055,1.3038854007589473,Increase
BCF_vs_ACF,Delta,22,TP9,EN,Entropy,RAW_TP9_EN,5.400342259335183,5.406839111833384,0.0064968524982012,0.12030445824004134,Increase
BCF_vs_ACF,Delta,22,TP9,HJ,Hjorth Activity,RAW_TP9_HJ_Activity,1658241.486344054,1683459.50348071,25218.01713665598,1.5207686784060903,Increase
BCF_vs_ACF,Delta,22,TP9,HJ,Hjorth Complexity,RAW_TP9_HJ_Complexity,1.3130316449515238,1.3050486951100948,-0.007982949841428999,-0.607978480345287,Decrease
BCF_vs_ACF,Delta,22,TP9,HJ,Hjorth Mobility,RAW_TP9_HJ_Mobility,0.6710475195890016,0.674186401484562,0.0031388818955604414,0.4677585124646495,Increase
BCF_vs_ACF,Delta,25,AF7,BP,Delta Band Power,RAW_AF7_BP_Delta,88220.76239331544,75168.1385463975,-13052.623846917937,-14.795410391859123,Decrease
BCF_vs_ACF,Delta,25,AF7,RP,Delta Relative Power,RAW_AF7_RP_Delta,0.0541028609747469,0.0517886681140769,-0.00231419286067,-4.277394612736238,Decrease
BCF_vs_ACF,Delta,25,AF7,EN,Entropy,RAW_AF7_EN,5.41429445480983,5.405970866425951,-0.008323588383878366,-0.1537335742145321,Decrease
BCF_vs_ACF,Delta,25,AF7,HJ,Hjorth Activity,RAW_AF7_HJ_Activity,1664368.607323164,1513240.109547007,-151128.497776157,-9.080230011020207,Decrease
BCF_vs_ACF,Delta,25,AF7,HJ,Hjorth Complexity,RAW_AF7_HJ_Complexity,1.3073534998232057,1.3079583268535198,0.000604827030314059,0.04626346511451189,Increase
BCF_vs_ACF,Delta,25,AF7,HJ,Hjorth Mobility,RAW_AF7_HJ_Mobility,0.6773984959783012,0.6757472461903082,-0.0016512497879929144,-0.24376342696305725,Decrease
BCF_vs_ACF,Delta,25,AF8,BP,Delta Band Power,RAW_AF8_BP_Delta,80948.40177160366,89931.94584337826,8983.544071774595,11.097864658429838,Increase
BCF_vs_ACF,Delta,25,AF8,RP,Delta Relative Power,RAW_AF8_RP_Delta,0.0531526831854966,0.0528845468977393,-0.00026813628775730625,-0.5044642559652956,Decrease
BCF_vs_ACF,Delta,25,AF8,EN,Entropy,RAW_AF8_EN,5.413980311701489,5.399793056178493,-0.014187255522996267,-0.26204852449006305,Decrease
BCF_vs_ACF,Delta,25,AF8,HJ,Hjorth Activity,RAW_AF8_HJ_Activity,1545302.4670591522,1750470.54454555,205168.0774863977,13.276887978885505,Increase
BCF_vs_ACF,Delta,25,AF8,HJ,Hjorth Complexity,RAW_AF8_HJ_Complexity,1.3085659297932817,1.3033051364322124,-0.005260793361069327,-0.4020273829000264,Decrease
BCF_vs_ACF,Delta,25,AF8,HJ,Hjorth Mobility,RAW_AF8_HJ_Mobility,0.67527404336803,0.6762998793378339,0.0010258359698038788,0.1519140236291875,Increase
BCF_vs_ACF,Delta,25,TP10,BP,Delta Band Power,RAW_TP10_BP_Delta,90376.9370371526,86540.6549726047,-3836.282064547908,-4.244757778160672,Decrease
BCF_vs_ACF,Delta,25,TP10,RP,Delta Relative Power,RAW_TP10_RP_Delta,0.054428645565173,0.0537666517489372,-0.0006619938162358008,-1.2162599479774443,Decrease
BCF_vs_ACF,Delta,25,TP10,EN,Entropy,RAW_TP10_EN,5.44644036942589,5.446184768401989,-0.0002556010239009865,-0.00469299224013958,Decrease
BCF_vs_ACF,Delta,25,TP10,HJ,Hjorth Activity,RAW_TP10_HJ_Activity,1708028.5630855002,1630934.1049655871,-77094.458119913,-4.513651573873231,Decrease
BCF_vs_ACF,Delta,25,TP10,HJ,Hjorth Complexity,RAW_TP10_HJ_Complexity,1.305519709778256,1.307162837127405,0.001643127349149065,0.12586001856901508,Increase
BCF_vs_ACF,Delta,25,TP10,HJ,Hjorth Mobility,RAW_TP10_HJ_Mobility,0.6898334833263835,0.6860882053272197,-0.0037452779991637986,-0.5429249361895327,Decrease
BCF_vs_ACF,Delta,25,TP9,BP,Delta Band Power,RAW_TP9_BP_Delta,122096.19238914178,117740.69407257876,-4355.498316563026,-3.5672679314038684,Decrease
BCF_vs_ACF,Delta,25,TP9,RP,Delta Relative Power,RAW_TP9_RP_Delta,0.0552564074650091,0.0561400627814855,0.0008836553164763977,1.5991906767300588,Increase
BCF_vs_ACF,Delta,25,TP9,EN,Entropy,RAW_TP9_EN,5.400798740101057,5.398086772785672,-0.002711967315384811,-0.050214189528085734,Decrease
BCF_vs_ACF,Delta,25,TP9,HJ,Hjorth Activity,RAW_TP9_HJ_Activity,2203330.8561456264,2079057.8564460725,-124272.99969955394,-5.640233256522791,Decrease
BCF_vs_ACF,Delta,25,TP9,HJ,Hjorth Complexity,RAW_TP9_HJ_Complexity,1.3136907700992888,1.3101806773595714,-0.003510092739717363,-0.26719322534724593,Decrease
BCF_vs_ACF,Delta,25,TP9,HJ,Hjorth Mobility,RAW_TP9_HJ_Mobility,0.6723058226041658,0.6719067585165427,-0.0003990640876231355,-0.05935752364561817,Decrease
BCF_vs_ACF,Delta,26,AF7,BP,Delta Band Power,RAW_AF7_BP_Delta,87102.09351421523,83842.28779504054,-3259.805719174692,-3.742511330847272,Decrease
BCF_vs_ACF,Delta,26,AF7,RP,Delta Relative Power,RAW_AF7_RP_Delta,0.0541840712367415,0.0547133654686449,0.0005292942319033989,0.9768447069818766,Increase
BCF_vs_ACF,Delta,26,AF7,EN,Entropy,RAW_AF7_EN,5.417449905533458,5.4196992594311695,0.0022493538977110816,0.04152052971294779,Increase
BCF_vs_ACF,Delta,26,AF7,HJ,Hjorth Activity,RAW_AF7_HJ_Activity,1678986.12150195,1563370.7195929636,-115615.4019089865,-6.886024871102678,Decrease
BCF_vs_ACF,Delta,26,AF7,HJ,Hjorth Complexity,RAW_AF7_HJ_Complexity,1.3119786782367038,1.3167202313857034,0.0047415531489996,0.3614047413767605,Increase
BCF_vs_ACF,Delta,26,AF7,HJ,Hjorth Mobility,RAW_AF7_HJ_Mobility,0.6739712636828601,0.6745711424824758,0.0005998787996157606,0.08900658409941288,Increase
BCF_vs_ACF,Delta,26,AF8,BP,Delta Band Power,RAW_AF8_BP_Delta,93038.58890894482,85538.41876917737,-7500.170139767448,-8.061354141030371,Decrease
BCF_vs_ACF,Delta,26,AF8,RP,Delta Relative Power,RAW_AF8_RP_Delta,0.0550727555996872,0.0575279707891505,0.002455215189463303,4.458130272815417,Increase
BCF_vs_ACF,Delta,26,AF8,EN,Entropy,RAW_AF8_EN,5.414071178826619,5.422896221259324,0.00882504243270521,0.16300196545657245,Increase
BCF_vs_ACF,Delta,26,AF8,HJ,Hjorth Activity,RAW_AF8_HJ_Activity,1710873.3655102346,1510352.8904250609,-200520.47508517373,-11.720357516079071,Decrease
BCF_vs_ACF,Delta,26,AF8,HJ,Hjorth Complexity,RAW_AF8_HJ_Complexity,1.3137070157250854,1.3234459076399787,0.0097388919148933,0.7413290633542085,Increase
BCF_vs_ACF,Delta,26,AF8,HJ,Hjorth Mobility,RAW_AF8_HJ_Mobility,0.6757340889908265,0.6725341194747253,-0.003199969516101242,-0.4735545487841569,Decrease
BCF_vs_ACF,Delta,26,TP10,BP,Delta Band Power,RAW_TP10_BP_Delta,87628.96876820849,90483.6595755532,2854.690807344712,3.257702158855468,Increase
BCF_vs_ACF,Delta,26,TP10,RP,Delta Relative Power,RAW_TP10_RP_Delta,0.05453686768264,0.0573585396312116,0.002821671948571594,5.173879741299809,Increase
BCF_vs_ACF,Delta,26,TP10,EN,Entropy,RAW_TP10_EN,5.435503366972868,5.420463446716323,-0.015039920256544548,-0.2766978371852349,Decrease
BCF_vs_ACF,Delta,26,TP10,HJ,Hjorth Activity,RAW_TP10_HJ_Activity,1646240.684893397,1645560.3998300005,-680.2850633964408,-0.041323548229552656,Decrease
BCF_vs_ACF,Delta,26,TP10,HJ,Hjorth Complexity,RAW_TP10_HJ_Complexity,1.3044318668992092,1.305538074724394,0.0011062078251848906,0.0848038025791626,Increase
BCF_vs_ACF,Delta,26,TP10,HJ,Hjorth Mobility,RAW_TP10_HJ_Mobility,0.6860758922253751,0.6811727002828818,-0.0049031919424933346,-0.7146719478204084,Decrease
BCF_vs_ACF,Delta,26,TP9,BP,Delta Band Power,RAW_TP9_BP_Delta,87769.31465326794,84514.20409042285,-3255.1105628450896,-3.7087113824511233,Decrease
BCF_vs_ACF,Delta,26,TP9,RP,Delta Relative Power,RAW_TP9_RP_Delta,0.0544023946695758,0.0526761782030397,-0.0017262164665360971,-3.1730523573835856,Decrease
BCF_vs_ACF,Delta,26,TP9,EN,Entropy,RAW_TP9_EN,5.421743686371578,5.412482662303665,-0.009261024067913404,-0.17081265001871027,Decrease
BCF_vs_ACF,Delta,26,TP9,HJ,Hjorth Activity,RAW_TP9_HJ_Activity,1638604.6349851035,1605618.2293139044,-32986.405671199085,-2.0130789921449823,Decrease
BCF_vs_ACF,Delta,26,TP9,HJ,Hjorth Complexity,RAW_TP9_HJ_Complexity,1.3078583948302387,1.3063415531852598,-0.0015168416449788946,-0.11597904260696221,Decrease
BCF_vs_ACF,Delta,26,TP9,HJ,Hjorth Mobility,RAW_TP9_HJ_Mobility,0.6782038103987345,0.6769576745607211,-0.0012461358380133625,-0.18374061291114324,Decrease
BCF_vs_ACF,Delta,27,AF7,BP,Delta Band Power,RAW_AF7_BP_Delta,67810.70638033935,126169.4679240362,58358.76154369685,86.06127949231488,Increase
BCF_vs_ACF,Delta,27,AF7,RP,Delta Relative Power,RAW_AF7_RP_Delta,0.0440180178505339,0.0532320123830029,0.009213994532469003,20.93232494874197,Increase
BCF_vs_ACF,Delta,27,AF7,EN,Entropy,RAW_AF7_EN,5.350745170392136,5.388800977818869,0.03805580742673342,0.7112244409864964,Increase
BCF_vs_ACF,Delta,27,AF7,HJ,Hjorth Activity,RAW_AF7_HJ_Activity,1499424.5601336309,2358487.0133930705,859062.4532594397,57.292809261632925,Increase
BCF_vs_ACF,Delta,27,AF7,HJ,Hjorth Complexity,RAW_AF7_HJ_Complexity,1.2911433008758288,1.320597608562421,0.029454307686592074,2.2812578330083237,Increase
BCF_vs_ACF,Delta,27,AF7,HJ,Hjorth Mobility,RAW_AF7_HJ_Mobility,0.713602575120914,0.6751407198114185,-0.03846185530949542,-5.389814534088303,Decrease
BCF_vs_ACF,Delta,27,AF8,BP,Delta Band Power,RAW_AF8_BP_Delta,82310.68407918458,107481.92615225037,25171.24207306579,30.580771323502226,Increase
BCF_vs_ACF,Delta,27,AF8,RP,Delta Relative Power,RAW_AF8_RP_Delta,0.052811378891098,0.0588952339691832,0.006083855078085197,11.519970138690518,Increase
BCF_vs_ACF,Delta,27,AF8,EN,Entropy,RAW_AF8_EN,5.413204015254409,5.4095784229115305,-0.003625592342878292,-0.06697682800539889,Decrease
BCF_vs_ACF,Delta,27,AF8,HJ,Hjorth Activity,RAW_AF8_HJ_Activity,1656988.6623055383,1831042.248048636,174053.5857430976,10.504211024649921,Increase
BCF_vs_ACF,Delta,27,AF8,HJ,Hjorth Complexity,RAW_AF8_HJ_Complexity,1.3063809439386718,1.3149175346113828,0.008536590672711064,0.6534533982847055,Increase
BCF_vs_ACF,Delta,27,AF8,HJ,Hjorth Mobility,RAW_AF8_HJ_Mobility,0.6757630058728796,0.6726717716848954,-0.003091234187984182,-0.4574435358430506,Decrease
BCF_vs_ACF,Delta,27,TP10,BP,Delta Band Power,RAW_TP10_BP_Delta,37308.21533753501,65428.61625489899,28120.40091736398,75.37321381618766,Increase
BCF_vs_ACF,Delta,27,TP10,RP,Delta Relative Power,RAW_TP10_RP_Delta,0.0228906003164604,0.0386841329885514,0.015793532672090996,68.99571201168554,Increase
BCF_vs_ACF,Delta,27,TP10,EN,Entropy,RAW_TP10_EN,4.5173102602625255,5.143098515915955,0.6257882556534291,13.853116558282652,Increase
BCF_vs_ACF,Delta,27,TP10,HJ,Hjorth Activity,RAW_TP10_HJ_Activity,1756802.2568116894,1827131.4292793493,70329.17246765993,4.003249210033231,Increase
BCF_vs_ACF,Delta,27,TP10,HJ,Hjorth Complexity,RAW_TP10_HJ_Complexity,1.129659699886157,1.2740255623612076,0.14436586247505057,12.779588622095595,Increase
BCF_vs_ACF,Delta,27,TP10,HJ,Hjorth Mobility,RAW_TP10_HJ_Mobility,0.8463409770252891,0.7437064041140686,-0.10263457291122047,-12.126858523612958,Decrease
BCF_vs_ACF,Delta,27,TP9,BP,Delta Band Power,RAW_TP9_BP_Delta,46158.44586228162,37302.90167687377,-8855.544185407845,-19.1851004079064,Decrease
BCF_vs_ACF,Delta,27,TP9,RP,Delta Relative Power,RAW_TP9_RP_Delta,0.0261994536289146,0.0205932559745293,-0.0056061976543853,-21.39814720486427,Decrease
BCF_vs_ACF,Delta,27,TP9,EN,Entropy,RAW_TP9_EN,4.84486557580335,4.478157025634492,-0.36670855016885806,-7.5690139268322705,Decrease
BCF_vs_ACF,Delta,27,TP9,HJ,Hjorth Activity,RAW_TP9_HJ_Activity,1779452.1386631068,1894259.6553894903,114807.51672638347,6.451846286387773,Increase
BCF_vs_ACF,Delta,27,TP9,HJ,Hjorth Complexity,RAW_TP9_HJ_Complexity,1.1998634476734111,1.141205159290508,-0.05865828838290321,-4.888747006723495,Decrease
BCF_vs_ACF,Delta,27,TP9,HJ,Hjorth Mobility,RAW_TP9_HJ_Mobility,0.7902984672892481,0.8471630042406683,0.05686453695142013,7.195324210417302,Increase
BCF_vs_ACF,Delta,28,AF7,BP,Delta Band Power,RAW_AF7_BP_Delta,94452.11530692472,115016.46823158972,20564.352924665,21.77225238189804,Increase
BCF_vs_ACF,Delta,28,AF7,RP,Delta Relative Power,RAW_AF7_RP_Delta,0.0445613919959116,0.0523511702450479,0.007789778249136299,17.481002949483695,Increase
BCF_vs_ACF,Delta,28,AF7,EN,Entropy,RAW_AF7_EN,5.323232844963012,5.334533951291419,0.011301106328406973,0.2122978020602722,Increase
BCF_vs_ACF,Delta,28,AF7,HJ,Hjorth Activity,RAW_AF7_HJ_Activity,2206693.4482344827,2223912.555997407,17219.107762924396,0.7803126336692099,Increase
BCF_vs_ACF,Delta,28,AF7,HJ,Hjorth Complexity,RAW_AF7_HJ_Complexity,1.3198726968813392,1.3217190385716464,0.0018463416903071739,0.1398878615089017,Increase
BCF_vs_ACF,Delta,28,AF7,HJ,Hjorth Mobility,RAW_AF7_HJ_Mobility,0.6951685984063567,0.6928533403122286,-0.0023152580941281364,-0.3330498672459837,Decrease
BCF_vs_ACF,Delta,28,AF8,BP,Delta Band Power,RAW_AF8_BP_Delta,129375.95651724824,121651.70294590034,-7724.253571347901,-5.97039340174317,Decrease
BCF_vs_ACF,Delta,28,AF8,RP,Delta Relative Power,RAW_AF8_RP_Delta,0.0643527425031894,0.0604941880395705,-0.0038585544636189004,-5.995944094267102,Decrease
BCF_vs_ACF,Delta,28,AF8,EN,Entropy,RAW_AF8_EN,5.396376189072243,5.398017662917561,0.0016414738453178757,0.030418076646359257,Increase
BCF_vs_ACF,Delta,28,AF8,HJ,Hjorth Activity,RAW_AF8_HJ_Activity,2070225.3427736545,2022068.323303376,-48157.01947027841,-2.3261728312995342,Decrease
BCF_vs_ACF,Delta,28,AF8,HJ,Hjorth Complexity,RAW_AF8_HJ_Complexity,1.3195405435648004,1.3184268782247783,-0.0011136653400221075,-0.08439796302230233,Decrease
BCF_vs_ACF,Delta,28,AF8,HJ,Hjorth Mobility,RAW_AF8_HJ_Mobility,0.667923607097625,0.6682759861401478,0.00035237904252283236,0.052757387039222885,Increase
BCF_vs_ACF,Delta,28,TP10,BP,Delta Band Power,RAW_TP10_BP_Delta,47193.80398018884,45364.29759528042,-1829.506384908418,-3.876581734492973,Decrease
BCF_vs_ACF,Delta,28,TP10,RP,Delta Relative Power,RAW_TP10_RP_Delta,0.0245109914623583,0.02368287419216,-0.000828117270198301,-3.378554765808011,Decrease
BCF_vs_ACF,Delta,28,TP10,EN,Entropy,RAW_TP10_EN,4.866254366824126,4.816300532739189,-0.049953834084937476,-1.0265356128010823,Decrease
BCF_vs_ACF,Delta,28,TP10,HJ,Hjorth Activity,RAW_TP10_HJ_Activity,1938730.7328144573,1956980.3509749672,18249.61816050997,0.9413178349949083,Increase
BCF_vs_ACF,Delta,28,TP10,HJ,Hjorth Complexity,RAW_TP10_HJ_Complexity,1.2179173192075536,1.223226080409973,0.00530876120241941,0.4358884727802042,Increase
BCF_vs_ACF,Delta,28,TP10,HJ,Hjorth Mobility,RAW_TP10_HJ_Mobility,0.7767413411724319,0.7741246221707373,-0.0026167190016945785,-0.3368842191075913,Decrease
BCF_vs_ACF,Delta,28,TP9,BP,Delta Band Power,RAW_TP9_BP_Delta,49931.31637380046,42782.27661328809,-7149.039760512365,-14.317747417257257,Decrease
BCF_vs_ACF,Delta,28,TP9,RP,Delta Relative Power,RAW_TP9_RP_Delta,0.0217615911894838,0.0225772587297136,0.000815667540229801,3.7481980666191768,Increase
BCF_vs_ACF,Delta,28,TP9,EN,Entropy,RAW_TP9_EN,4.866827531976487,4.808233938602132,-0.058593593374354214,-1.2039381504558584,Decrease
BCF_vs_ACF,Delta,28,TP9,HJ,Hjorth Activity,RAW_TP9_HJ_Activity,2232475.807076009,1962593.4972303244,-269882.30984568456,-12.088924278161098,Decrease
BCF_vs_ACF,Delta,28,TP9,HJ,Hjorth Complexity,RAW_TP9_HJ_Complexity,1.2099192724816916,1.218653880164961,0.00873460768326928,0.7219165676527771,Increase
BCF_vs_ACF,Delta,28,TP9,HJ,Hjorth Mobility,RAW_TP9_HJ_Mobility,0.7739870885595712,0.7768400104075485,0.0028529218479772522,0.3686007027955315,Increase
