Condition_Pair,Band,Subject,Channel,Feature_Type,Feature,Source_Column,BM,AM,Change,Change_Percent,Direction
BM_vs_AM,Gamma,1,AF7,EN,Entropy,RAW_AF7_EN,5.398823274736937,5.404383351005981,0.005560076269043535,0.10298681742484808,Increase
BM_vs_AM,Gamma,1,AF7,BP,Gamma Band Power,RAW_AF7_BP_Gamma,763096.31756009,764062.6545651411,966.3370050510857,0.12663368736214503,Increase
BM_vs_AM,Gamma,1,AF7,RP,Gamma Relative Power,RAW_AF7_RP_Gamma,0.4017872985341635,0.3900388694733114,-0.011748429060852106,-2.9240419255944077,Decrease
BM_vs_AM,Gamma,1,AF7,HJ,Hjorth Activity,RAW_AF7_HJ_Activity,1934633.92887233,1970968.3471209956,36334.41824866552,1.8781030202362017,Increase
BM_vs_AM,Gamma,1,AF7,HJ,Hjorth Complexity,RAW_AF7_HJ_Complexity,1.3095989067572558,1.314224116836192,0.004625210078936126,0.35317760690475625,Increase
BM_vs_AM,Gamma,1,AF7,HJ,Hjorth Mobility,RAW_AF7_HJ_Mobility,0.6715664342579399,0.6703054450821704,-0.0012609891757695557,-0.18776834449192054,Decrease
BM_vs_AM,Gamma,1,AF8,EN,Entropy,RAW_AF8_EN,5.3994892143493,5.402881421380908,0.003392207031607697,0.06282459130750383,Increase
BM_vs_AM,Gamma,1,AF8,BP,Gamma Band Power,RAW_AF8_BP_Gamma,699836.3377591403,698718.944622109,-1117.3931370313512,-0.1596649211741731,Decrease
BM_vs_AM,Gamma,1,AF8,RP,Gamma Relative Power,RAW_AF8_RP_Gamma,0.3879888135753995,0.3935412962313605,0.005552482655961033,1.4310934907616857,Increase
BM_vs_AM,Gamma,1,AF8,HJ,Hjorth Activity,RAW_AF8_HJ_Activity,1835735.4752389116,1788445.6634728326,-47289.81176607893,-2.576068960040357,Decrease
BM_vs_AM,Gamma,1,AF8,HJ,Hjorth Complexity,RAW_AF8_HJ_Complexity,1.3185461226071875,1.3161968827800306,-0.002349239827156957,-0.17816895343120484,Decrease
BM_vs_AM,Gamma,1,AF8,HJ,Hjorth Mobility,RAW_AF8_HJ_Mobility,0.6644031585916199,0.6677384148502763,0.0033352562586563828,0.5019928360554983,Increase
BM_vs_AM,Gamma,1,TP10,EN,Entropy,RAW_TP10_EN,5.408108394127641,5.408561229863231,0.00045283573559018464,0.008373274028344058,Increase
BM_vs_AM,Gamma,1,TP10,BP,Gamma Band Power,RAW_TP10_BP_Gamma,724075.3437486335,713856.2847847895,-10219.05896384397,-1.4113253616589891,Decrease
BM_vs_AM,Gamma,1,TP10,RP,Gamma Relative Power,RAW_TP10_RP_Gamma,0.3909952658260482,0.387512419982791,-0.0034828458432571985,-0.8907641978475255,Decrease
BM_vs_AM,Gamma,1,TP10,HJ,Hjorth Activity,RAW_TP10_HJ_Activity,1879626.055660184,1867390.6422872324,-12235.41337295156,-0.6509493383594375,Decrease
BM_vs_AM,Gamma,1,TP10,HJ,Hjorth Complexity,RAW_TP10_HJ_Complexity,1.319975179890709,1.333830520314344,0.01385534042363501,1.0496667387929373,Increase
BM_vs_AM,Gamma,1,TP10,HJ,Hjorth Mobility,RAW_TP10_HJ_Mobility,0.6698032580329659,0.6608545271229731,-0.00894873090999282,-1.3360237954459735,Decrease
BM_vs_AM,Gamma,1,TP9,EN,Entropy,RAW_TP9_EN,5.406801637978502,5.406682929006394,-0.00011870897210819464,-0.0021955488670854515,Decrease
BM_vs_AM,Gamma,1,TP9,BP,Gamma Band Power,RAW_TP9_BP_Gamma,694784.3010471798,741477.6193146937,46693.31826751388,6.720548837551115,Increase
BM_vs_AM,Gamma,1,TP9,RP,Gamma Relative Power,RAW_TP9_RP_Gamma,0.3850336768824198,0.3948052301359778,0.009771553253557996,2.537843788802401,Increase
BM_vs_AM,Gamma,1,TP9,HJ,Hjorth Activity,RAW_TP9_HJ_Activity,1835180.6561861408,1931948.3336047232,96767.67741858237,5.27292379049397,Increase
BM_vs_AM,Gamma,1,TP9,HJ,Hjorth Complexity,RAW_TP9_HJ_Complexity,1.3283719488074208,1.3245169218190056,-0.003855026988415222,-0.29020689513025094,Decrease
BM_vs_AM,Gamma,1,TP9,HJ,Hjorth Mobility,RAW_TP9_HJ_Mobility,0.6644285235112544,0.6670945739787575,0.0026660504675031227,0.40125466820931327,Increase
BM_vs_AM,Gamma,2,AF7,EN,Entropy,RAW_AF7_EN,5.40366697281571,5.407768874571259,0.004101901755548809,0.07590959576495543,Increase
BM_vs_AM,Gamma,2,AF7,BP,Gamma Band Power,RAW_AF7_BP_Gamma,737181.8991353969,694284.8325263434,-42897.06660905352,-5.819061300795001,Decrease
BM_vs_AM,Gamma,2,AF7,RP,Gamma Relative Power,RAW_AF7_RP_Gamma,0.400459803763094,0.3998833873255784,-0.0005764164375156033,-0.14393865054596158,Decrease
BM_vs_AM,Gamma,2,AF7,HJ,Hjorth Activity,RAW_AF7_HJ_Activity,1853742.8901182425,1718909.3039102512,-134833.58620799123,-7.273586155164742,Decrease
BM_vs_AM,Gamma,2,AF7,HJ,Hjorth Complexity,RAW_AF7_HJ_Complexity,1.310570790424265,1.306301859431798,-0.004268930992466835,-0.3257306681682471,Decrease
BM_vs_AM,Gamma,2,AF7,HJ,Hjorth Mobility,RAW_AF7_HJ_Mobility,0.6715527722210348,0.6735278350254805,0.001975062804445704,0.29410388671519505,Increase
BM_vs_AM,Gamma,2,AF8,EN,Entropy,RAW_AF8_EN,5.401343835789144,5.406345136729354,0.005001300940209674,0.0925936413651581,Increase
BM_vs_AM,Gamma,2,AF8,BP,Gamma Band Power,RAW_AF8_BP_Gamma,664625.1360104525,661888.5108642392,-2736.625146213337,-0.41175468665547105,Decrease
BM_vs_AM,Gamma,2,AF8,RP,Gamma Relative Power,RAW_AF8_RP_Gamma,0.3919933891826045,0.3911227052978993,-0.0008706838847052367,-0.22211698174829198,Decrease
BM_vs_AM,Gamma,2,AF8,HJ,Hjorth Activity,RAW_AF8_HJ_Activity,1754949.845759902,1719856.9906519991,-35092.85510790278,-1.9996500294689277,Decrease
BM_vs_AM,Gamma,2,AF8,HJ,Hjorth Complexity,RAW_AF8_HJ_Complexity,1.3173577956294995,1.312442032141466,-0.004915763488033464,-0.37315325451765113,Decrease
BM_vs_AM,Gamma,2,AF8,HJ,Hjorth Mobility,RAW_AF8_HJ_Mobility,0.6643479775455988,0.6703709107956061,0.006022933250007245,0.906593149008849,Increase
BM_vs_AM,Gamma,2,TP10,EN,Entropy,RAW_TP10_EN,5.401897473264614,5.419044560427148,0.01714708716253366,0.31742711236929283,Increase
BM_vs_AM,Gamma,2,TP10,BP,Gamma Band Power,RAW_TP10_BP_Gamma,676230.7627937666,670645.4301353599,-5585.332658406696,-0.8259506910527941,Decrease
BM_vs_AM,Gamma,2,TP10,RP,Gamma Relative Power,RAW_TP10_RP_Gamma,0.385364809267862,0.3913754813182331,0.006010672050371091,1.5597355819257364,Increase
BM_vs_AM,Gamma,2,TP10,HJ,Hjorth Activity,RAW_TP10_HJ_Activity,1815079.975667294,1743299.8219093902,-71780.15375790396,-3.9546551512979353,Decrease
BM_vs_AM,Gamma,2,TP10,HJ,Hjorth Complexity,RAW_TP10_HJ_Complexity,1.328842418611994,1.3215874082528605,-0.007255010359133562,-0.5459646875745873,Decrease
BM_vs_AM,Gamma,2,TP10,HJ,Hjorth Mobility,RAW_TP10_HJ_Mobility,0.6581298561497154,0.6672519109273467,0.009122054777631283,1.3860569752903205,Increase
BM_vs_AM,Gamma,2,TP9,EN,Entropy,RAW_TP9_EN,5.40529940334438,5.406654571261583,0.0013551679172030262,0.025071098122049506,Increase
BM_vs_AM,Gamma,2,TP9,BP,Gamma Band Power,RAW_TP9_BP_Gamma,663510.961638608,677245.5369500364,13734.575311428402,2.0699846883477955,Increase
BM_vs_AM,Gamma,2,TP9,RP,Gamma Relative Power,RAW_TP9_RP_Gamma,0.3848487950771263,0.398813830185367,0.013965035108240653,3.6287069848931095,Increase
BM_vs_AM,Gamma,2,TP9,HJ,Hjorth Activity,RAW_TP9_HJ_Activity,1750455.616003353,1698073.5398293936,-52382.0761739593,-2.9924823968720933,Decrease
BM_vs_AM,Gamma,2,TP9,HJ,Hjorth Complexity,RAW_TP9_HJ_Complexity,1.3349057889071128,1.3129833946965055,-0.021922394210607266,-1.64224280041179,Decrease
BM_vs_AM,Gamma,2,TP9,HJ,Hjorth Mobility,RAW_TP9_HJ_Mobility,0.6591785814659754,0.6724367946284242,0.013258213162448795,2.0113234160253337,Increase
BM_vs_AM,Gamma,9,AF7,EN,Entropy,RAW_AF7_EN,5.411247201234296,5.412296597709663,0.0010493964753663931,0.019392876287873666,Increase
BM_vs_AM,Gamma,9,AF7,BP,Gamma Band Power,RAW_AF7_BP_Gamma,671817.5042435434,709598.2582009684,37780.75395742501,5.623663229788212,Increase
BM_vs_AM,Gamma,9,AF7,RP,Gamma Relative Power,RAW_AF7_RP_Gamma,0.3967903402910198,0.4113468095341022,0.014556469243082404,3.6685543383959867,Increase
BM_vs_AM,Gamma,9,AF7,HJ,Hjorth Activity,RAW_AF7_HJ_Activity,1779008.581178931,1764807.2390225087,-14201.342156422324,-0.7982728305341416,Decrease
BM_vs_AM,Gamma,9,AF7,HJ,Hjorth Complexity,RAW_AF7_HJ_Complexity,1.319352476200609,1.308320121838753,-0.011032354361856012,-0.8361946152271843,Decrease
BM_vs_AM,Gamma,9,AF7,HJ,Hjorth Mobility,RAW_AF7_HJ_Mobility,0.6649101130536491,0.6741750727648907,0.009264959711241638,1.393415369889867,Increase
BM_vs_AM,Gamma,9,AF8,EN,Entropy,RAW_AF8_EN,5.406447959543798,5.412726130565561,0.006278171021762979,0.11612376681958737,Increase
BM_vs_AM,Gamma,9,AF8,BP,Gamma Band Power,RAW_AF8_BP_Gamma,699860.9760485492,734423.0109083264,34562.034859777195,4.938414348363329,Increase
BM_vs_AM,Gamma,9,AF8,RP,Gamma Relative Power,RAW_AF8_RP_Gamma,0.383614451728682,0.4008411165377836,0.017226664809101566,4.49061935270505,Increase
BM_vs_AM,Gamma,9,AF8,HJ,Hjorth Activity,RAW_AF8_HJ_Activity,1826589.940826012,1848291.366862162,21701.426036149962,1.1880841753861977,Increase
BM_vs_AM,Gamma,9,AF8,HJ,Hjorth Complexity,RAW_AF8_HJ_Complexity,1.324043389172687,1.316200142069066,-0.007843247103620943,-0.5923708518737972,Decrease
BM_vs_AM,Gamma,9,AF8,HJ,Hjorth Mobility,RAW_AF8_HJ_Mobility,0.6629234105865915,0.6712393098020062,0.008315899215414646,1.2544283521464834,Increase
BM_vs_AM,Gamma,9,TP10,EN,Entropy,RAW_TP10_EN,5.4119023201135015,5.419470370905742,0.007568050792240655,0.1398408608395196,Increase
BM_vs_AM,Gamma,9,TP10,BP,Gamma Band Power,RAW_TP10_BP_Gamma,718231.1578740721,637288.1066784604,-80943.05119561171,-11.26977718917111,Decrease
BM_vs_AM,Gamma,9,TP10,RP,Gamma Relative Power,RAW_TP10_RP_Gamma,0.3891621957612435,0.39316759203987,0.004005396278626505,1.029235707438518,Increase
BM_vs_AM,Gamma,9,TP10,HJ,Hjorth Activity,RAW_TP10_HJ_Activity,1861436.21911556,1635410.8538880153,-226025.36522754468,-12.142525374032855,Decrease
BM_vs_AM,Gamma,9,TP10,HJ,Hjorth Complexity,RAW_TP10_HJ_Complexity,1.3269701627334682,1.3166768991795372,-0.010293263553931009,-0.7756966842967733,Decrease
BM_vs_AM,Gamma,9,TP10,HJ,Hjorth Mobility,RAW_TP10_HJ_Mobility,0.6641143006386655,0.6686858487593204,0.004571548120654856,0.6883676674720736,Increase
BM_vs_AM,Gamma,9,TP9,EN,Entropy,RAW_TP9_EN,5.409255838949408,5.406330828189635,-0.002925010759772917,-0.05407418038376636,Decrease
BM_vs_AM,Gamma,9,TP9,BP,Gamma Band Power,RAW_TP9_BP_Gamma,753103.075738791,745797.017771872,-7306.057966919034,-0.9701272245836761,Decrease
BM_vs_AM,Gamma,9,TP9,RP,Gamma Relative Power,RAW_TP9_RP_Gamma,0.3829020012504055,0.3966166457002503,0.01371464444984477,3.5817635857368733,Increase
BM_vs_AM,Gamma,9,TP9,HJ,Hjorth Activity,RAW_TP9_HJ_Activity,2041179.4184573288,1891114.7098915416,-150064.70856578718,-7.3518627127448815,Decrease
BM_vs_AM,Gamma,9,TP9,HJ,Hjorth Complexity,RAW_TP9_HJ_Complexity,1.331266639975233,1.319541123331038,-0.011725516644195189,-0.88077897335528,Decrease
BM_vs_AM,Gamma,9,TP9,HJ,Hjorth Mobility,RAW_TP9_HJ_Mobility,0.6615684200920107,0.6688097980310584,0.007241377939047777,1.0945773285309854,Increase
BM_vs_AM,Gamma,14,AF7,EN,Entropy,RAW_AF7_EN,5.40315818639488,5.40129697686773,-0.0018612095271501872,-0.03444669696764943,Decrease
BM_vs_AM,Gamma,14,AF7,BP,Gamma Band Power,RAW_AF7_BP_Gamma,674108.5586360472,705165.3679418677,31056.809305820498,4.607093161472252,Increase
BM_vs_AM,Gamma,14,AF7,RP,Gamma Relative Power,RAW_AF7_RP_Gamma,0.4033296773345175,0.3936979938940961,-0.009631683440421424,-2.388042334021705,Decrease
BM_vs_AM,Gamma,14,AF7,HJ,Hjorth Activity,RAW_AF7_HJ_Activity,1686348.464558775,1816033.7636524776,129685.29909370258,7.6903025572258645,Increase
BM_vs_AM,Gamma,14,AF7,HJ,Hjorth Complexity,RAW_AF7_HJ_Complexity,1.3053564556110555,1.3204936138727832,0.015137158261727679,1.1596187536868439,Increase
BM_vs_AM,Gamma,14,AF7,HJ,Hjorth Mobility,RAW_AF7_HJ_Mobility,0.6762848422076903,0.6671212777663174,-0.009163564441372896,-1.3549859274472282,Decrease
BM_vs_AM,Gamma,14,AF8,EN,Entropy,RAW_AF8_EN,5.40384612450848,5.406984501182908,0.0031383766744284003,0.05807672169262331,Increase
BM_vs_AM,Gamma,14,AF8,BP,Gamma Band Power,RAW_AF8_BP_Gamma,667019.7785931416,680812.7760009922,13792.997407850577,2.0678543351356624,Increase
BM_vs_AM,Gamma,14,AF8,RP,Gamma Relative Power,RAW_AF8_RP_Gamma,0.4035080275209479,0.4014353033444501,-0.0020727241764977866,-0.5136760696514724,Decrease
BM_vs_AM,Gamma,14,AF8,HJ,Hjorth Activity,RAW_AF8_HJ_Activity,1688170.49680016,1719473.0254191062,31302.528618946206,1.854227915857938,Increase
BM_vs_AM,Gamma,14,AF8,HJ,Hjorth Complexity,RAW_AF8_HJ_Complexity,1.306909318577823,1.3070139609347815,0.00010464235695839541,0.008006856747510767,Increase
BM_vs_AM,Gamma,14,AF8,HJ,Hjorth Mobility,RAW_AF8_HJ_Mobility,0.6739784880999744,0.674422813131218,0.00044432503124358647,0.06592569927508986,Increase
BM_vs_AM,Gamma,14,TP10,EN,Entropy,RAW_TP10_EN,5.406976007273439,5.412814823598669,0.005838816325230312,0.1079867252485671,Increase
BM_vs_AM,Gamma,14,TP10,BP,Gamma Band Power,RAW_TP10_BP_Gamma,656569.2613187719,632950.0579314814,-23619.203387290472,-3.597366611383758,Decrease
BM_vs_AM,Gamma,14,TP10,RP,Gamma Relative Power,RAW_TP10_RP_Gamma,0.3908905770473925,0.3935938264005795,0.0027032493531869983,0.6915616573840433,Increase
BM_vs_AM,Gamma,14,TP10,HJ,Hjorth Activity,RAW_TP10_HJ_Activity,1684850.0866002033,1633806.8923587166,-51043.19424148672,-3.0295392241386234,Decrease
BM_vs_AM,Gamma,14,TP10,HJ,Hjorth Complexity,RAW_TP10_HJ_Complexity,1.313166402444537,1.3214704602933949,0.008304057848857793,0.6323690457964274,Increase
BM_vs_AM,Gamma,14,TP10,HJ,Hjorth Mobility,RAW_TP10_HJ_Mobility,0.6714866688656764,0.6667420505049632,-0.004744618360713271,-0.7065841483834998,Decrease
BM_vs_AM,Gamma,14,TP9,EN,Entropy,RAW_TP9_EN,5.411176905597834,5.407756398628779,-0.0034205069690553813,-0.06321188585641849,Decrease
BM_vs_AM,Gamma,14,TP9,BP,Gamma Band Power,RAW_TP9_BP_Gamma,689675.0416994361,672351.4296653208,-17323.61203411536,-2.5118513773425883,Decrease
BM_vs_AM,Gamma,14,TP9,RP,Gamma Relative Power,RAW_TP9_RP_Gamma,0.4023764992178664,0.3883480588783418,-0.014028440339524606,-3.4863965382652533,Decrease
BM_vs_AM,Gamma,14,TP9,HJ,Hjorth Activity,RAW_TP9_HJ_Activity,1746702.4014409804,1771735.7671633249,25033.36572234449,1.4331786400300741,Increase
BM_vs_AM,Gamma,14,TP9,HJ,Hjorth Complexity,RAW_TP9_HJ_Complexity,1.316867659513274,1.326020905009578,0.009153245496303919,0.6950770967894404,Increase
BM_vs_AM,Gamma,14,TP9,HJ,Hjorth Mobility,RAW_TP9_HJ_Mobility,0.6719638986898715,0.6649055392782364,-0.007058359411635129,-1.0504075331125402,Decrease
BM_vs_AM,Gamma,16,AF7,EN,Entropy,RAW_AF7_EN,5.402070317896118,4.4312525835332455,-0.9708177343628721,-17.97121616774817,Decrease
BM_vs_AM,Gamma,16,AF7,BP,Gamma Band Power,RAW_AF7_BP_Gamma,891612.2121614171,8.09259683882024,-891604.1195645783,-99.99909236361633,Decrease
BM_vs_AM,Gamma,16,AF7,RP,Gamma Relative Power,RAW_AF7_RP_Gamma,0.3798337780335603,0.1136678724417562,-0.2661659055918041,-70.07431170807746,Decrease
BM_vs_AM,Gamma,16,AF7,HJ,Hjorth Activity,RAW_AF7_HJ_Activity,2379041.7577626063,102.7606220308099,-2378938.9971405757,-99.9956805877116,Decrease
BM_vs_AM,Gamma,16,AF7,HJ,Hjorth Complexity,RAW_AF7_HJ_Complexity,1.3360557704385116,2.0835315943781207,0.7474758239396091,55.946453769237294,Increase
BM_vs_AM,Gamma,16,AF7,HJ,Hjorth Mobility,RAW_AF7_HJ_Mobility,0.6578850144052335,0.389028320236409,-0.2688566941688245,-40.866821447800675,Decrease
BM_vs_AM,Gamma,16,AF8,EN,Entropy,RAW_AF8_EN,5.408314088127401,4.362767535500927,-1.0455465526264742,-19.3322084403661,Decrease
BM_vs_AM,Gamma,16,AF8,BP,Gamma Band Power,RAW_AF8_BP_Gamma,725609.0122314324,8.956410065114,-725600.0558213673,-99.99876566995253,Decrease
BM_vs_AM,Gamma,16,AF8,RP,Gamma Relative Power,RAW_AF8_RP_Gamma,0.3910880285473928,0.1046837587793416,-0.28640426976805117,-73.23268647006007,Decrease
BM_vs_AM,Gamma,16,AF8,HJ,Hjorth Activity,RAW_AF8_HJ_Activity,1878405.1254117736,136.18334934314163,-1878268.9420624303,-99.99275005442112,Decrease
BM_vs_AM,Gamma,16,AF8,HJ,Hjorth Complexity,RAW_AF8_HJ_Complexity,1.3330563106297073,2.3893372895134863,1.056280978883779,79.23753636369753,Increase
BM_vs_AM,Gamma,16,AF8,HJ,Hjorth Mobility,RAW_AF8_HJ_Mobility,0.6605259110770727,0.3508458880313443,-0.3096800230457284,-46.88385691649176,Decrease
BM_vs_AM,Gamma,16,TP10,EN,Entropy,RAW_TP10_EN,5.397372625723833,3.949592578116003,-1.4477800476078295,-26.823792759975877,Decrease
BM_vs_AM,Gamma,16,TP10,BP,Gamma Band Power,RAW_TP10_BP_Gamma,716546.485239136,20.707838970193897,-716525.7774001658,-99.99711004946687,Decrease
BM_vs_AM,Gamma,16,TP10,RP,Gamma Relative Power,RAW_TP10_RP_Gamma,0.3712090127809383,0.0496960862366492,-0.3215129265442891,-86.61237078691933,Decrease
BM_vs_AM,Gamma,16,TP10,HJ,Hjorth Activity,RAW_TP10_HJ_Activity,1923335.216230571,645.3773999213183,-1922689.8388306496,-99.96644488207384,Decrease
BM_vs_AM,Gamma,16,TP10,HJ,Hjorth Complexity,RAW_TP10_HJ_Complexity,1.3431631809943758,2.720343106066736,1.3771799250723602,102.53258461513224,Increase
BM_vs_AM,Gamma,16,TP10,HJ,Hjorth Mobility,RAW_TP10_HJ_Mobility,0.6506046515989521,0.267414461662643,-0.3831901899363091,-58.89754845658811,Decrease
BM_vs_AM,Gamma,16,TP9,EN,Entropy,RAW_TP9_EN,5.398197835951342,3.958633446904072,-1.4395643890472698,-26.667499650715758,Decrease
BM_vs_AM,Gamma,16,TP9,BP,Gamma Band Power,RAW_TP9_BP_Gamma,722899.139135451,22.830241303232864,-722876.3088941479,-99.99684184970388,Decrease
BM_vs_AM,Gamma,16,TP9,RP,Gamma Relative Power,RAW_TP9_RP_Gamma,0.3711562976289601,0.0524726520005035,-0.3186836456284566,-85.8623840318184,Decrease
BM_vs_AM,Gamma,16,TP9,HJ,Hjorth Activity,RAW_TP9_HJ_Activity,1968794.9712661651,635.3676653222409,-1968159.6036008429,-99.9677280938546,Decrease
BM_vs_AM,Gamma,16,TP9,HJ,Hjorth Complexity,RAW_TP9_HJ_Complexity,1.337019580590384,2.849850658599023,1.512831078008639,113.14950805287552,Increase
BM_vs_AM,Gamma,16,TP9,HJ,Hjorth Mobility,RAW_TP9_HJ_Mobility,0.6514694220485564,0.2660036317375188,-0.3854657903110376,-59.16866966663363,Decrease
BM_vs_AM,Gamma,22,AF7,EN,Entropy,RAW_AF7_EN,5.3999669297383335,5.410265348820354,0.010298419082020338,0.1907126324293873,Increase
BM_vs_AM,Gamma,22,AF7,BP,Gamma Band Power,RAW_AF7_BP_Gamma,682953.5087046209,670067.0307272368,-12886.477977384115,-1.8868748477222554,Decrease
BM_vs_AM,Gamma,22,AF7,RP,Gamma Relative Power,RAW_AF7_RP_Gamma,0.3841895001472719,0.3843548539872671,0.00016535383999521924,0.043039656193579974,Increase
BM_vs_AM,Gamma,22,AF7,HJ,Hjorth Activity,RAW_AF7_HJ_Activity,1809223.9113600615,1763575.2983294628,-45648.61303059873,-2.5231046717862005,Decrease
BM_vs_AM,Gamma,22,AF7,HJ,Hjorth Complexity,RAW_AF7_HJ_Complexity,1.326075063429449,1.3265873760967986,0.0005123126673496348,0.03863376074840814,Increase
BM_vs_AM,Gamma,22,AF7,HJ,Hjorth Mobility,RAW_AF7_HJ_Mobility,0.6660411735264513,0.6610808893059034,-0.00496028422054795,-0.7447413790179078,Decrease
BM_vs_AM,Gamma,22,AF8,EN,Entropy,RAW_AF8_EN,5.408962706081951,5.412780899686869,0.0038181936049177523,0.07059012628474023,Increase
BM_vs_AM,Gamma,22,AF8,BP,Gamma Band Power,RAW_AF8_BP_Gamma,722911.3540886226,723136.6165108199,225.26242219726555,0.03116044877746523,Increase
BM_vs_AM,Gamma,22,AF8,RP,Gamma Relative Power,RAW_AF8_RP_Gamma,0.388785405463073,0.3791539315331846,-0.00963147392988839,-2.477323941318366,Decrease
BM_vs_AM,Gamma,22,AF8,HJ,Hjorth Activity,RAW_AF8_HJ_Activity,1886432.9714373616,1892275.5815501483,5842.610112786759,0.3097173449176411,Increase
BM_vs_AM,Gamma,22,AF8,HJ,Hjorth Complexity,RAW_AF8_HJ_Complexity,1.3275641658781157,1.3325206171004091,0.00495645122229349,0.37334927754810643,Increase
BM_vs_AM,Gamma,22,AF8,HJ,Hjorth Mobility,RAW_AF8_HJ_Mobility,0.6677402571944184,0.6601841379569224,-0.007556119237495995,-1.1315955801802084,Decrease
BM_vs_AM,Gamma,22,TP10,EN,Entropy,RAW_TP10_EN,5.39939711322495,5.405810393447843,0.006413280222893114,0.11877770959251768,Increase
BM_vs_AM,Gamma,22,TP10,BP,Gamma Band Power,RAW_TP10_BP_Gamma,636228.599270378,655018.019836077,18789.420565698994,2.953249914770659,Increase
BM_vs_AM,Gamma,22,TP10,RP,Gamma Relative Power,RAW_TP10_RP_Gamma,0.3876125078345253,0.4009028871570895,0.013290379322564216,3.4287797875289363,Increase
BM_vs_AM,Gamma,22,TP10,HJ,Hjorth Activity,RAW_TP10_HJ_Activity,1672949.3427346323,1665972.8137696348,-6976.528964997502,-0.41701973794338243,Decrease
BM_vs_AM,Gamma,22,TP10,HJ,Hjorth Complexity,RAW_TP10_HJ_Complexity,1.3203020254074849,1.3181902847580405,-0.0021117406494444158,-0.1599437559593737,Decrease
BM_vs_AM,Gamma,22,TP10,HJ,Hjorth Mobility,RAW_TP10_HJ_Mobility,0.6632898243595722,0.6685488239200965,0.005258999560524336,0.7928660093047666,Increase
BM_vs_AM,Gamma,22,TP9,EN,Entropy,RAW_TP9_EN,5.407884282592889,5.4031038640667886,-0.0047804185261002274,-0.08839720445734438,Decrease
BM_vs_AM,Gamma,22,TP9,BP,Gamma Band Power,RAW_TP9_BP_Gamma,667706.552870852,643781.7532076504,-23924.799663201673,-3.583130876930185,Decrease
BM_vs_AM,Gamma,22,TP9,RP,Gamma Relative Power,RAW_TP9_RP_Gamma,0.3886913953294094,0.3931951630936727,0.004503767764263311,1.1587001457663977,Increase
BM_vs_AM,Gamma,22,TP9,HJ,Hjorth Activity,RAW_TP9_HJ_Activity,1742170.3977314562,1666457.169488463,-75713.22824299312,-4.345914058784496,Decrease
BM_vs_AM,Gamma,22,TP9,HJ,Hjorth Complexity,RAW_TP9_HJ_Complexity,1.323222577880914,1.3199797782340854,-0.003242799646828498,-0.24506834307662034,Decrease
BM_vs_AM,Gamma,22,TP9,HJ,Hjorth Mobility,RAW_TP9_HJ_Mobility,0.6626358293389265,0.6669853576191667,0.004349528280240156,0.6563979923300297,Increase
BM_vs_AM,Gamma,25,AF7,EN,Entropy,RAW_AF7_EN,5.415429421852697,5.413381235132019,-0.002048186720678302,-0.037821316854639894,Decrease
BM_vs_AM,Gamma,25,AF7,BP,Gamma Band Power,RAW_AF7_BP_Gamma,590580.1550751188,574455.6809304663,-16124.474144652486,-2.7302770006895227,Decrease
BM_vs_AM,Gamma,25,AF7,RP,Gamma Relative Power,RAW_AF7_RP_Gamma,0.4002282075593394,0.3943764150304084,-0.005851792528931032,-1.4621139685821425,Decrease
BM_vs_AM,Gamma,25,AF7,HJ,Hjorth Activity,RAW_AF7_HJ_Activity,1484059.0017824084,1477255.0432589552,-6803.958523453213,-0.4584695430088301,Decrease
BM_vs_AM,Gamma,25,AF7,HJ,Hjorth Complexity,RAW_AF7_HJ_Complexity,1.3088610065368882,1.3114613194397269,0.002600312902838686,0.19866990382109762,Increase
BM_vs_AM,Gamma,25,AF7,HJ,Hjorth Mobility,RAW_AF7_HJ_Mobility,0.6770029380231217,0.6707176409251387,-0.006285297097982978,-0.9284002690352159,Decrease
BM_vs_AM,Gamma,25,AF8,EN,Entropy,RAW_AF8_EN,5.407930987749288,5.407180063423031,-0.0007509243262573406,-0.01388561222320379,Decrease
BM_vs_AM,Gamma,25,AF8,BP,Gamma Band Power,RAW_AF8_BP_Gamma,750437.1435967833,813609.8903559991,63172.746759215835,8.418126327867258,Increase
BM_vs_AM,Gamma,25,AF8,RP,Gamma Relative Power,RAW_AF8_RP_Gamma,0.3921151501997805,0.4030937484222536,0.010978598222473102,2.799840357323497,Increase
BM_vs_AM,Gamma,25,AF8,HJ,Hjorth Activity,RAW_AF8_HJ_Activity,1952357.91743515,2062900.39555889,110542.47812374006,5.661998608787974,Increase
BM_vs_AM,Gamma,25,AF8,HJ,Hjorth Complexity,RAW_AF8_HJ_Complexity,1.3129458453878795,1.3106003988379191,-0.002345446549960384,-0.1786400069888241,Decrease
BM_vs_AM,Gamma,25,AF8,HJ,Hjorth Mobility,RAW_AF8_HJ_Mobility,0.6709767282236022,0.6758379238797583,0.004861195656156059,0.7244954186452903,Increase
BM_vs_AM,Gamma,25,TP10,EN,Entropy,RAW_TP10_EN,5.440273965338736,5.4387921960721695,-0.0014817692665669568,-0.02723703394365168,Decrease
BM_vs_AM,Gamma,25,TP10,BP,Gamma Band Power,RAW_TP10_BP_Gamma,676778.1737373878,679324.3403735983,2546.166636210517,0.3762187870435836,Increase
BM_vs_AM,Gamma,25,TP10,RP,Gamma Relative Power,RAW_TP10_RP_Gamma,0.4103391580773812,0.4105470338789662,0.00020787580158498908,0.050659508724192524,Increase
BM_vs_AM,Gamma,25,TP10,HJ,Hjorth Activity,RAW_TP10_HJ_Activity,1670650.497852893,1644977.6348813167,-25672.862971576396,-1.53669860958776,Decrease
BM_vs_AM,Gamma,25,TP10,HJ,Hjorth Complexity,RAW_TP10_HJ_Complexity,1.3002322392547545,1.3106920973986975,0.010459858143943013,0.8044607592516103,Increase
BM_vs_AM,Gamma,25,TP10,HJ,Hjorth Mobility,RAW_TP10_HJ_Mobility,0.6866985405595366,0.6822776144782761,-0.0044209260812605455,-0.6437943027603177,Decrease
BM_vs_AM,Gamma,25,TP9,EN,Entropy,RAW_TP9_EN,5.406350708979541,5.408935816814192,0.002585107834651268,0.04781613280021955,Increase
BM_vs_AM,Gamma,25,TP9,BP,Gamma Band Power,RAW_TP9_BP_Gamma,801228.627584124,721113.4172281187,-80115.21035600523,-9.99904491650152,Decrease
BM_vs_AM,Gamma,25,TP9,RP,Gamma Relative Power,RAW_TP9_RP_Gamma,0.4080400386836412,0.4017172738549911,-0.006322764828650074,-1.5495451988112854,Decrease
BM_vs_AM,Gamma,25,TP9,HJ,Hjorth Activity,RAW_TP9_HJ_Activity,2010030.733685152,1806364.9059917247,-203665.8276934272,-10.132473313979144,Decrease
BM_vs_AM,Gamma,25,TP9,HJ,Hjorth Complexity,RAW_TP9_HJ_Complexity,1.3083267378551298,1.3063837046124418,-0.0019430332426879637,-0.14851284365504686,Decrease
BM_vs_AM,Gamma,25,TP9,HJ,Hjorth Mobility,RAW_TP9_HJ_Mobility,0.6748630736731025,0.6758929401704249,0.0010298664973223959,0.15260377067559838,Increase
BM_vs_AM,Gamma,26,AF7,EN,Entropy,RAW_AF7_EN,5.4135582203141945,5.405899005828222,-0.007659214485972399,-0.14148207471439864,Decrease
BM_vs_AM,Gamma,26,AF7,BP,Gamma Band Power,RAW_AF7_BP_Gamma,623724.3927158061,629599.2468725157,5874.854156709509,0.9418990543450381,Increase
BM_vs_AM,Gamma,26,AF7,RP,Gamma Relative Power,RAW_AF7_RP_Gamma,0.3965486123334083,0.4088281785770633,0.012279566243654949,3.096610569735292,Increase
BM_vs_AM,Gamma,26,AF7,HJ,Hjorth Activity,RAW_AF7_HJ_Activity,1552676.0061069322,1572893.4847092158,20217.478602283634,1.3021054310599853,Increase
BM_vs_AM,Gamma,26,AF7,HJ,Hjorth Complexity,RAW_AF7_HJ_Complexity,1.3127460604373775,1.2999162288267376,-0.012829831610639886,-0.9773277557096819,Decrease
BM_vs_AM,Gamma,26,AF7,HJ,Hjorth Mobility,RAW_AF7_HJ_Mobility,0.6721772994014085,0.6772199800420857,0.005042680640677255,0.7502009730420671,Increase
BM_vs_AM,Gamma,26,AF8,EN,Entropy,RAW_AF8_EN,5.410509100110826,5.406131679445073,-0.0043774206657527515,-0.08090589230619881,Decrease
BM_vs_AM,Gamma,26,AF8,BP,Gamma Band Power,RAW_AF8_BP_Gamma,631353.1675924661,631168.1361775603,-185.03141490579583,-0.029307117537934375,Decrease
BM_vs_AM,Gamma,26,AF8,RP,Gamma Relative Power,RAW_AF8_RP_Gamma,0.3922923304613305,0.4060899580607396,0.013797627599409112,3.517180053758198,Increase
BM_vs_AM,Gamma,26,AF8,HJ,Hjorth Activity,RAW_AF8_HJ_Activity,1605178.1051987358,1575827.5784224286,-29350.526776307262,-1.8284903513976971,Decrease
BM_vs_AM,Gamma,26,AF8,HJ,Hjorth Complexity,RAW_AF8_HJ_Complexity,1.3201478228924546,1.3076311114504846,-0.012516711441969974,-0.9481295370806095,Decrease
BM_vs_AM,Gamma,26,AF8,HJ,Hjorth Mobility,RAW_AF8_HJ_Mobility,0.6709834354429853,0.6741127523912507,0.0031293169482653482,0.4663776753593572,Increase
BM_vs_AM,Gamma,26,TP10,EN,Entropy,RAW_TP10_EN,5.423909464689805,5.41901493049396,-0.004894534195845068,-0.09023996856343156,Decrease
BM_vs_AM,Gamma,26,TP10,BP,Gamma Band Power,RAW_TP10_BP_Gamma,663454.4223699218,621966.2608389391,-41488.1615309827,-6.253355186447182,Decrease
BM_vs_AM,Gamma,26,TP10,RP,Gamma Relative Power,RAW_TP10_RP_Gamma,0.3992575063599339,0.3959230831464411,-0.00333442321349281,-0.835156048509405,Decrease
BM_vs_AM,Gamma,26,TP10,HJ,Hjorth Activity,RAW_TP10_HJ_Activity,1694191.028761426,1592292.9860760474,-101898.04268537858,-6.014554495656448,Decrease
BM_vs_AM,Gamma,26,TP10,HJ,Hjorth Complexity,RAW_TP10_HJ_Complexity,1.3201275847194092,1.3147859587788524,-0.00534162594055676,-0.4046295223572738,Decrease
BM_vs_AM,Gamma,26,TP10,HJ,Hjorth Mobility,RAW_TP10_HJ_Mobility,0.6728241893619258,0.6724499671337985,-0.00037422222812732997,-0.05561961565059431,Decrease
BM_vs_AM,Gamma,26,TP9,EN,Entropy,RAW_TP9_EN,5.408347643764636,5.4139605485781965,0.005612904813560249,0.1037822489098209,Increase
BM_vs_AM,Gamma,26,TP9,BP,Gamma Band Power,RAW_TP9_BP_Gamma,652725.7641705547,618345.233180787,-34380.53098976775,-5.267224442022217,Decrease
BM_vs_AM,Gamma,26,TP9,RP,Gamma Relative Power,RAW_TP9_RP_Gamma,0.3981058235205792,0.3950615676194721,-0.003044255901107129,-0.7646850965870794,Decrease
BM_vs_AM,Gamma,26,TP9,HJ,Hjorth Activity,RAW_TP9_HJ_Activity,1632034.4545088462,1598799.7531702686,-33234.70133857755,-2.036397040930082,Decrease
BM_vs_AM,Gamma,26,TP9,HJ,Hjorth Complexity,RAW_TP9_HJ_Complexity,1.3159993381230026,1.31561582447026,-0.0003835136527425842,-0.029142389485513422,Decrease
BM_vs_AM,Gamma,26,TP9,HJ,Hjorth Mobility,RAW_TP9_HJ_Mobility,0.6726939478745825,0.6694261140735562,-0.003267833801026243,-0.48578314274287193,Decrease
BM_vs_AM,Gamma,27,AF7,EN,Entropy,RAW_AF7_EN,5.4020556376483615,5.390819046212618,-0.011236591435743293,-0.20800584424626248,Decrease
BM_vs_AM,Gamma,27,AF7,BP,Gamma Band Power,RAW_AF7_BP_Gamma,786472.6487054975,899731.3118226321,113258.6631171346,14.400839406628293,Increase
BM_vs_AM,Gamma,27,AF7,RP,Gamma Relative Power,RAW_AF7_RP_Gamma,0.4253785587451228,0.4051946711380673,-0.02018388760705553,-4.744923596195937,Decrease
BM_vs_AM,Gamma,27,AF7,HJ,Hjorth Activity,RAW_AF7_HJ_Activity,1836532.0425238707,2245317.103104705,408785.0605808343,22.258531357778967,Increase
BM_vs_AM,Gamma,27,AF7,HJ,Hjorth Complexity,RAW_AF7_HJ_Complexity,1.3110600158529195,1.3277969230501554,0.016736907197235862,1.2765935193552178,Increase
BM_vs_AM,Gamma,27,AF7,HJ,Hjorth Mobility,RAW_AF7_HJ_Mobility,0.6952448130795837,0.6718662036934356,-0.023378609386148108,-3.3626442004784853,Decrease
BM_vs_AM,Gamma,27,AF8,EN,Entropy,RAW_AF8_EN,5.41088148060533,5.414411312721377,0.0035298321160475155,0.06523580545424594,Increase
BM_vs_AM,Gamma,27,AF8,BP,Gamma Band Power,RAW_AF8_BP_Gamma,734112.686892778,741866.2942663294,7753.607373551349,1.0561876278653408,Increase
BM_vs_AM,Gamma,27,AF8,RP,Gamma Relative Power,RAW_AF8_RP_Gamma,0.4007293117674599,0.4059539455747292,0.0052246338072692855,1.3037812942171547,Increase
BM_vs_AM,Gamma,27,AF8,HJ,Hjorth Activity,RAW_AF8_HJ_Activity,1870098.5633645216,1863800.4609110272,-6298.1024534944445,-0.3367791717974178,Decrease
BM_vs_AM,Gamma,27,AF8,HJ,Hjorth Complexity,RAW_AF8_HJ_Complexity,1.317636436588515,1.3158286613846988,-0.001807775203816142,-0.13719833131638667,Decrease
BM_vs_AM,Gamma,27,AF8,HJ,Hjorth Mobility,RAW_AF8_HJ_Mobility,0.6712848778739595,0.676379930061278,0.005095052187318427,0.7589999946751481,Increase
BM_vs_AM,Gamma,27,TP10,EN,Entropy,RAW_TP10_EN,5.098271443078774,5.072002194103545,-0.026269248975228976,-0.5152579510235993,Decrease
BM_vs_AM,Gamma,27,TP10,BP,Gamma Band Power,RAW_TP10_BP_Gamma,906954.8163772408,909384.2450091232,2429.428631882416,0.26786655608562465,Increase
BM_vs_AM,Gamma,27,TP10,RP,Gamma Relative Power,RAW_TP10_RP_Gamma,0.5640748369801656,0.568244975090197,0.004170138110031418,0.7392880938204396,Increase
BM_vs_AM,Gamma,27,TP10,HJ,Hjorth Activity,RAW_TP10_HJ_Activity,1657639.1886799326,1664944.2290528724,7305.04037293978,0.4406894107491014,Increase
BM_vs_AM,Gamma,27,TP10,HJ,Hjorth Complexity,RAW_TP10_HJ_Complexity,1.2202858636476703,1.21946214221905,-0.0008237214286204164,-0.06750233311382907,Decrease
BM_vs_AM,Gamma,27,TP10,HJ,Hjorth Mobility,RAW_TP10_HJ_Mobility,0.7798253078247976,0.7762271010509723,-0.0035982067738253853,-0.46141190055270553,Decrease
BM_vs_AM,Gamma,27,TP9,EN,Entropy,RAW_TP9_EN,5.1805792517206815,4.774775924523766,-0.4058033271969155,-7.833165124578138,Decrease
BM_vs_AM,Gamma,27,TP9,BP,Gamma Band Power,RAW_TP9_BP_Gamma,690967.7527281239,848700.6996124131,157732.94688428915,22.827830425011538,Increase
BM_vs_AM,Gamma,27,TP9,RP,Gamma Relative Power,RAW_TP9_RP_Gamma,0.4860670955963201,0.6234984265495784,0.13743133095325832,28.274148198543227,Increase
BM_vs_AM,Gamma,27,TP9,HJ,Hjorth Activity,RAW_TP9_HJ_Activity,1456025.4466917105,1369036.749940462,-86988.69675124856,-5.97439398802396,Decrease
BM_vs_AM,Gamma,27,TP9,HJ,Hjorth Complexity,RAW_TP9_HJ_Complexity,1.2807848600980374,1.1739775687771157,-0.1068072913209217,-8.339206267065506,Decrease
BM_vs_AM,Gamma,27,TP9,HJ,Hjorth Mobility,RAW_TP9_HJ_Mobility,0.7357754768740103,0.8068481713635266,0.07107269448951625,9.659562831785749,Increase
BM_vs_AM,Gamma,28,AF7,EN,Entropy,RAW_AF7_EN,5.393222927887965,5.41724743215844,0.024024504270474978,0.4454572820686867,Increase
BM_vs_AM,Gamma,28,AF7,BP,Gamma Band Power,RAW_AF7_BP_Gamma,975729.7520802248,974857.5250322456,-872.2270479792496,-0.08939227753583298,Decrease
BM_vs_AM,Gamma,28,AF7,RP,Gamma Relative Power,RAW_AF7_RP_Gamma,0.4196937044428854,0.42070421198161,0.0010105075387246143,0.2407726225166979,Increase
BM_vs_AM,Gamma,28,AF7,HJ,Hjorth Activity,RAW_AF7_HJ_Activity,2417152.23718791,2376004.4661645675,-41147.771023342386,-1.7023243464058053,Decrease
BM_vs_AM,Gamma,28,AF7,HJ,Hjorth Complexity,RAW_AF7_HJ_Complexity,1.310449788104092,1.3177826513614517,0.007332863257359712,0.5595684263468511,Increase
BM_vs_AM,Gamma,28,AF7,HJ,Hjorth Mobility,RAW_AF7_HJ_Mobility,0.689955448180452,0.6941815291471891,0.004226080966737156,0.6125150512083297,Increase
BM_vs_AM,Gamma,28,AF8,EN,Entropy,RAW_AF8_EN,5.405093223255858,5.405747979805701,0.0006547565498431496,0.012113695782822129,Increase
BM_vs_AM,Gamma,28,AF8,BP,Gamma Band Power,RAW_AF8_BP_Gamma,773440.9937612185,870289.9879659099,96848.99420469138,12.521833596344287,Increase
BM_vs_AM,Gamma,28,AF8,RP,Gamma Relative Power,RAW_AF8_RP_Gamma,0.3812423763044825,0.393522609616754,0.012280233312271516,3.2211092143817197,Increase
BM_vs_AM,Gamma,28,AF8,HJ,Hjorth Activity,RAW_AF8_HJ_Activity,2088965.51203854,2265306.333873729,176340.82183518913,8.441538207258624,Increase
BM_vs_AM,Gamma,28,AF8,HJ,Hjorth Complexity,RAW_AF8_HJ_Complexity,1.3329367008962074,1.3260234998890463,-0.006913201007161085,-0.5186443589191412,Decrease
BM_vs_AM,Gamma,28,AF8,HJ,Hjorth Mobility,RAW_AF8_HJ_Mobility,0.6566525245188755,0.6659716567776843,0.009319132258808871,1.419187760777579,Increase
BM_vs_AM,Gamma,28,TP10,EN,Entropy,RAW_TP10_EN,4.927354025867812,4.904206683602423,-0.02314734226538917,-0.4697722579678538,Decrease
BM_vs_AM,Gamma,28,TP10,BP,Gamma Band Power,RAW_TP10_BP_Gamma,1043460.2045035294,1062655.0213513668,19194.816847837414,1.8395351125987756,Increase
BM_vs_AM,Gamma,28,TP10,RP,Gamma Relative Power,RAW_TP10_RP_Gamma,0.5495248843462714,0.5641759914570792,0.014651107110807748,2.6661407932849253,Increase
BM_vs_AM,Gamma,28,TP10,HJ,Hjorth Activity,RAW_TP10_HJ_Activity,1921277.084673975,1916853.6844417136,-4423.40023226128,-0.23023229015464447,Decrease
BM_vs_AM,Gamma,28,TP10,HJ,Hjorth Complexity,RAW_TP10_HJ_Complexity,1.2237695752701527,1.218310942973385,-0.005458632296767796,-0.446050662402093,Decrease
BM_vs_AM,Gamma,28,TP10,HJ,Hjorth Mobility,RAW_TP10_HJ_Mobility,0.773752368412064,0.7794494142180644,0.005697045806000389,0.7362879958212175,Increase
BM_vs_AM,Gamma,28,TP9,EN,Entropy,RAW_TP9_EN,4.807003126042359,4.903531451616752,0.09652832557439339,2.008077029354168,Increase
BM_vs_AM,Gamma,28,TP9,BP,Gamma Band Power,RAW_TP9_BP_Gamma,1357747.0196012885,1311734.862771023,-46012.15683026542,-3.3888608235558637,Decrease
BM_vs_AM,Gamma,28,TP9,RP,Gamma Relative Power,RAW_TP9_RP_Gamma,0.5940133183499177,0.5950603743592588,0.0010470560093411851,0.17626810325562295,Increase
BM_vs_AM,Gamma,28,TP9,HJ,Hjorth Activity,RAW_TP9_HJ_Activity,2279346.07881436,2199199.775219622,-80146.30359473778,-3.516197226023142,Decrease
BM_vs_AM,Gamma,28,TP9,HJ,Hjorth Complexity,RAW_TP9_HJ_Complexity,1.1904743891428882,1.193102357559754,0.0026279684168657447,0.2207496810374742,Increase
BM_vs_AM,Gamma,28,TP9,HJ,Hjorth Mobility,RAW_TP9_HJ_Mobility,0.7913170447646674,0.785834641792345,-0.005482402972322387,-0.6928200281535473,Decrease
BM_vs_AM,Beta,1,AF7,BP,Beta Band Power,RAW_AF7_BP_Beta,721431.1099639533,748851.1996666155,27420.089702662197,3.8007911391611957,Increase
BM_vs_AM,Beta,1,AF7,RP,Beta Relative Power,RAW_AF7_RP_Beta,0.3883686901454115,0.389598345980212,0.0012296558348005027,0.31662074363927223,Increase
BM_vs_AM,Beta,1,AF7,EN,Entropy,RAW_AF7_EN,5.398823274736937,5.404383351005981,0.005560076269043535,0.10298681742484808,Increase
BM_vs_AM,Beta,1,AF7,HJ,Hjorth Activity,RAW_AF7_HJ_Activity,1934633.92887233,1970968.3471209956,36334.41824866552,1.8781030202362017,Increase
BM_vs_AM,Beta,1,AF7,HJ,Hjorth Complexity,RAW_AF7_HJ_Complexity,1.3095989067572558,1.314224116836192,0.004625210078936126,0.35317760690475625,Increase
BM_vs_AM,Beta,1,AF7,HJ,Hjorth Mobility,RAW_AF7_HJ_Mobility,0.6715664342579399,0.6703054450821704,-0.0012609891757695557,-0.18776834449192054,Decrease
BM_vs_AM,Beta,1,AF8,BP,Beta Band Power,RAW_AF8_BP_Beta,703632.2113038236,679663.6276203751,-23968.583683448494,-3.4064079640462936,Decrease
BM_vs_AM,Beta,1,AF8,RP,Beta Relative Power,RAW_AF8_RP_Beta,0.3907925766194515,0.38283635361109,-0.007956223008361518,-2.0359196884410578,Decrease
BM_vs_AM,Beta,1,AF8,EN,Entropy,RAW_AF8_EN,5.3994892143493,5.402881421380908,0.003392207031607697,0.06282459130750383,Increase
BM_vs_AM,Beta,1,AF8,HJ,Hjorth Activity,RAW_AF8_HJ_Activity,1835735.4752389116,1788445.6634728326,-47289.81176607893,-2.576068960040357,Decrease
BM_vs_AM,Beta,1,AF8,HJ,Hjorth Complexity,RAW_AF8_HJ_Complexity,1.3185461226071875,1.3161968827800306,-0.002349239827156957,-0.17816895343120484,Decrease
BM_vs_AM,Beta,1,AF8,HJ,Hjorth Mobility,RAW_AF8_HJ_Mobility,0.6644031585916199,0.6677384148502763,0.0033352562586563828,0.5019928360554983,Increase
BM_vs_AM,Beta,1,TP10,BP,Beta Band Power,RAW_TP10_BP_Beta,696977.6543588236,687280.3827455569,-9697.271613266668,-1.3913317812444876,Decrease
BM_vs_AM,Beta,1,TP10,RP,Beta Relative Power,RAW_TP10_RP_Beta,0.3779081309094936,0.3734855616111209,-0.004422569298372703,-1.1702763017374394,Decrease
BM_vs_AM,Beta,1,TP10,EN,Entropy,RAW_TP10_EN,5.408108394127641,5.408561229863231,0.00045283573559018464,0.008373274028344058,Increase
BM_vs_AM,Beta,1,TP10,HJ,Hjorth Activity,RAW_TP10_HJ_Activity,1879626.055660184,1867390.6422872324,-12235.41337295156,-0.6509493383594375,Decrease
BM_vs_AM,Beta,1,TP10,HJ,Hjorth Complexity,RAW_TP10_HJ_Complexity,1.319975179890709,1.333830520314344,0.01385534042363501,1.0496667387929373,Increase
BM_vs_AM,Beta,1,TP10,HJ,Hjorth Mobility,RAW_TP10_HJ_Mobility,0.6698032580329659,0.6608545271229731,-0.00894873090999282,-1.3360237954459735,Decrease
BM_vs_AM,Beta,1,TP9,BP,Beta Band Power,RAW_TP9_BP_Beta,683027.7460257623,712622.680302639,29594.93427687674,4.332903670323296,Increase
BM_vs_AM,Beta,1,TP9,RP,Beta Relative Power,RAW_TP9_RP_Beta,0.3796738509112238,0.374390493206057,-0.005283357705166802,-1.3915516416225802,Decrease
BM_vs_AM,Beta,1,TP9,EN,Entropy,RAW_TP9_EN,5.406801637978502,5.406682929006394,-0.00011870897210819464,-0.0021955488670854515,Decrease
BM_vs_AM,Beta,1,TP9,HJ,Hjorth Activity,RAW_TP9_HJ_Activity,1835180.6561861408,1931948.3336047232,96767.67741858237,5.27292379049397,Increase
BM_vs_AM,Beta,1,TP9,HJ,Hjorth Complexity,RAW_TP9_HJ_Complexity,1.3283719488074208,1.3245169218190056,-0.003855026988415222,-0.29020689513025094,Decrease
BM_vs_AM,Beta,1,TP9,HJ,Hjorth Mobility,RAW_TP9_HJ_Mobility,0.6644285235112544,0.6670945739787575,0.0026660504675031227,0.40125466820931327,Increase
BM_vs_AM,Beta,2,AF7,BP,Beta Band Power,RAW_AF7_BP_Beta,676726.9187438281,661615.529333933,-15111.389409895055,-2.233011424748038,Decrease
BM_vs_AM,Beta,2,AF7,RP,Beta Relative Power,RAW_AF7_RP_Beta,0.3684303086006151,0.3884772304147684,0.020046921814153296,5.441170649151047,Increase
BM_vs_AM,Beta,2,AF7,EN,Entropy,RAW_AF7_EN,5.40366697281571,5.407768874571259,0.004101901755548809,0.07590959576495543,Increase
BM_vs_AM,Beta,2,AF7,HJ,Hjorth Activity,RAW_AF7_HJ_Activity,1853742.8901182425,1718909.3039102512,-134833.58620799123,-7.273586155164742,Decrease
BM_vs_AM,Beta,2,AF7,HJ,Hjorth Complexity,RAW_AF7_HJ_Complexity,1.310570790424265,1.306301859431798,-0.004268930992466835,-0.3257306681682471,Decrease
BM_vs_AM,Beta,2,AF7,HJ,Hjorth Mobility,RAW_AF7_HJ_Mobility,0.6715527722210348,0.6735278350254805,0.001975062804445704,0.29410388671519505,Increase
BM_vs_AM,Beta,2,AF8,BP,Beta Band Power,RAW_AF8_BP_Beta,656099.2203849206,675018.8279508206,18919.60756589996,2.883650365382266,Increase
BM_vs_AM,Beta,2,AF8,RP,Beta Relative Power,RAW_AF8_RP_Beta,0.3824854899303009,0.389707606142882,0.00722211621258112,1.8882065863197013,Increase
BM_vs_AM,Beta,2,AF8,EN,Entropy,RAW_AF8_EN,5.401343835789144,5.406345136729354,0.005001300940209674,0.0925936413651581,Increase
BM_vs_AM,Beta,2,AF8,HJ,Hjorth Activity,RAW_AF8_HJ_Activity,1754949.845759902,1719856.9906519991,-35092.85510790278,-1.9996500294689277,Decrease
BM_vs_AM,Beta,2,AF8,HJ,Hjorth Complexity,RAW_AF8_HJ_Complexity,1.3173577956294995,1.312442032141466,-0.004915763488033464,-0.37315325451765113,Decrease
BM_vs_AM,Beta,2,AF8,HJ,Hjorth Mobility,RAW_AF8_HJ_Mobility,0.6643479775455988,0.6703709107956061,0.006022933250007245,0.906593149008849,Increase
BM_vs_AM,Beta,2,TP10,BP,Beta Band Power,RAW_TP10_BP_Beta,661996.4490719846,663543.9505486928,1547.5014767082175,0.2337628062624161,Increase
BM_vs_AM,Beta,2,TP10,RP,Beta Relative Power,RAW_TP10_RP_Beta,0.368271687020121,0.3833935939779092,0.0151219069577882,4.106182335152471,Increase
BM_vs_AM,Beta,2,TP10,EN,Entropy,RAW_TP10_EN,5.401897473264614,5.419044560427148,0.01714708716253366,0.31742711236929283,Increase
BM_vs_AM,Beta,2,TP10,HJ,Hjorth Activity,RAW_TP10_HJ_Activity,1815079.975667294,1743299.8219093902,-71780.15375790396,-3.9546551512979353,Decrease
BM_vs_AM,Beta,2,TP10,HJ,Hjorth Complexity,RAW_TP10_HJ_Complexity,1.328842418611994,1.3215874082528605,-0.007255010359133562,-0.5459646875745873,Decrease
BM_vs_AM,Beta,2,TP10,HJ,Hjorth Mobility,RAW_TP10_HJ_Mobility,0.6581298561497154,0.6672519109273467,0.009122054777631283,1.3860569752903205,Increase
BM_vs_AM,Beta,2,TP9,BP,Beta Band Power,RAW_TP9_BP_Beta,629424.3704479698,628676.5836588246,-747.7867891452042,-0.11880486747168598,Decrease
BM_vs_AM,Beta,2,TP9,RP,Beta Relative Power,RAW_TP9_RP_Beta,0.3628101353109483,0.3718898492562448,0.009079713945296497,2.5026075794477687,Increase
BM_vs_AM,Beta,2,TP9,EN,Entropy,RAW_TP9_EN,5.40529940334438,5.406654571261583,0.0013551679172030262,0.025071098122049506,Increase
BM_vs_AM,Beta,2,TP9,HJ,Hjorth Activity,RAW_TP9_HJ_Activity,1750455.616003353,1698073.5398293936,-52382.0761739593,-2.9924823968720933,Decrease
BM_vs_AM,Beta,2,TP9,HJ,Hjorth Complexity,RAW_TP9_HJ_Complexity,1.3349057889071128,1.3129833946965055,-0.021922394210607266,-1.64224280041179,Decrease
BM_vs_AM,Beta,2,TP9,HJ,Hjorth Mobility,RAW_TP9_HJ_Mobility,0.6591785814659754,0.6724367946284242,0.013258213162448795,2.0113234160253337,Increase
BM_vs_AM,Beta,9,AF7,BP,Beta Band Power,RAW_AF7_BP_Beta,660789.3388228449,673148.5105734358,12359.171750590904,1.8703648840049387,Increase
BM_vs_AM,Beta,9,AF7,RP,Beta Relative Power,RAW_AF7_RP_Beta,0.3760976902822347,0.3817589825902446,0.00566129230800988,1.5052717563251932,Increase
BM_vs_AM,Beta,9,AF7,EN,Entropy,RAW_AF7_EN,5.411247201234296,5.412296597709663,0.0010493964753663931,0.019392876287873666,Increase
BM_vs_AM,Beta,9,AF7,HJ,Hjorth Activity,RAW_AF7_HJ_Activity,1779008.581178931,1764807.2390225087,-14201.342156422324,-0.7982728305341416,Decrease
BM_vs_AM,Beta,9,AF7,HJ,Hjorth Complexity,RAW_AF7_HJ_Complexity,1.319352476200609,1.308320121838753,-0.011032354361856012,-0.8361946152271843,Decrease
BM_vs_AM,Beta,9,AF7,HJ,Hjorth Mobility,RAW_AF7_HJ_Mobility,0.6649101130536491,0.6741750727648907,0.009264959711241638,1.393415369889867,Increase
BM_vs_AM,Beta,9,AF8,BP,Beta Band Power,RAW_AF8_BP_Beta,705499.3199384146,695018.1660515259,-10481.153886888758,-1.4856362849228109,Decrease
BM_vs_AM,Beta,9,AF8,RP,Beta Relative Power,RAW_AF8_RP_Beta,0.3825972474187517,0.3850020210822616,0.0024047736635099404,0.6285391961740703,Increase
BM_vs_AM,Beta,9,AF8,EN,Entropy,RAW_AF8_EN,5.406447959543798,5.412726130565561,0.006278171021762979,0.11612376681958737,Increase
BM_vs_AM,Beta,9,AF8,HJ,Hjorth Activity,RAW_AF8_HJ_Activity,1826589.940826012,1848291.366862162,21701.426036149962,1.1880841753861977,Increase
BM_vs_AM,Beta,9,AF8,HJ,Hjorth Complexity,RAW_AF8_HJ_Complexity,1.324043389172687,1.316200142069066,-0.007843247103620943,-0.5923708518737972,Decrease
BM_vs_AM,Beta,9,AF8,HJ,Hjorth Mobility,RAW_AF8_HJ_Mobility,0.6629234105865915,0.6712393098020062,0.008315899215414646,1.2544283521464834,Increase
BM_vs_AM,Beta,9,TP10,BP,Beta Band Power,RAW_TP10_BP_Beta,719171.3453610161,614347.1926752604,-104824.15268575575,-14.575685385954188,Decrease
BM_vs_AM,Beta,9,TP10,RP,Beta Relative Power,RAW_TP10_RP_Beta,0.3814999896199634,0.3829331140161028,0.001433124396139407,0.3756551599298952,Increase
BM_vs_AM,Beta,9,TP10,EN,Entropy,RAW_TP10_EN,5.4119023201135015,5.419470370905742,0.007568050792240655,0.1398408608395196,Increase
BM_vs_AM,Beta,9,TP10,HJ,Hjorth Activity,RAW_TP10_HJ_Activity,1861436.21911556,1635410.8538880153,-226025.36522754468,-12.142525374032855,Decrease
BM_vs_AM,Beta,9,TP10,HJ,Hjorth Complexity,RAW_TP10_HJ_Complexity,1.3269701627334682,1.3166768991795372,-0.010293263553931009,-0.7756966842967733,Decrease
BM_vs_AM,Beta,9,TP10,HJ,Hjorth Mobility,RAW_TP10_HJ_Mobility,0.6641143006386655,0.6686858487593204,0.004571548120654856,0.6883676674720736,Increase
BM_vs_AM,Beta,9,TP9,BP,Beta Band Power,RAW_TP9_BP_Beta,754630.2949948674,725344.576375417,-29285.71861945046,-3.8808034627936117,Decrease
BM_vs_AM,Beta,9,TP9,RP,Beta Relative Power,RAW_TP9_RP_Beta,0.3817842007782011,0.38333808506512,0.0015538842869189384,0.40700591689012117,Increase
BM_vs_AM,Beta,9,TP9,EN,Entropy,RAW_TP9_EN,5.409255838949408,5.406330828189635,-0.002925010759772917,-0.05407418038376636,Decrease
BM_vs_AM,Beta,9,TP9,HJ,Hjorth Activity,RAW_TP9_HJ_Activity,2041179.4184573288,1891114.7098915416,-150064.70856578718,-7.3518627127448815,Decrease
BM_vs_AM,Beta,9,TP9,HJ,Hjorth Complexity,RAW_TP9_HJ_Complexity,1.331266639975233,1.319541123331038,-0.011725516644195189,-0.88077897335528,Decrease
BM_vs_AM,Beta,9,TP9,HJ,Hjorth Mobility,RAW_TP9_HJ_Mobility,0.6615684200920107,0.6688097980310584,0.007241377939047777,1.0945773285309854,Increase
BM_vs_AM,Beta,14,AF7,BP,Beta Band Power,RAW_AF7_BP_Beta,624371.9787182587,681794.8672202413,57422.88850198267,9.196903522138067,Increase
BM_vs_AM,Beta,14,AF7,RP,Beta Relative Power,RAW_AF7_RP_Beta,0.3845506068236038,0.3852823047933452,0.0007316979697413739,0.19027351842848844,Increase
BM_vs_AM,Beta,14,AF7,EN,Entropy,RAW_AF7_EN,5.40315818639488,5.40129697686773,-0.0018612095271501872,-0.03444669696764943,Decrease
BM_vs_AM,Beta,14,AF7,HJ,Hjorth Activity,RAW_AF7_HJ_Activity,1686348.464558775,1816033.7636524776,129685.29909370258,7.6903025572258645,Increase
BM_vs_AM,Beta,14,AF7,HJ,Hjorth Complexity,RAW_AF7_HJ_Complexity,1.3053564556110555,1.3204936138727832,0.015137158261727679,1.1596187536868439,Increase
BM_vs_AM,Beta,14,AF7,HJ,Hjorth Mobility,RAW_AF7_HJ_Mobility,0.6762848422076903,0.6671212777663174,-0.009163564441372896,-1.3549859274472282,Decrease
BM_vs_AM,Beta,14,AF8,BP,Beta Band Power,RAW_AF8_BP_Beta,639041.8031220292,661753.8162250938,22712.013103064615,3.5540731439016064,Increase
BM_vs_AM,Beta,14,AF8,RP,Beta Relative Power,RAW_AF8_RP_Beta,0.383235928111493,0.3902087126317369,0.006972784520243913,1.8194495893441793,Increase
BM_vs_AM,Beta,14,AF8,EN,Entropy,RAW_AF8_EN,5.40384612450848,5.406984501182908,0.0031383766744284003,0.05807672169262331,Increase
BM_vs_AM,Beta,14,AF8,HJ,Hjorth Activity,RAW_AF8_HJ_Activity,1688170.49680016,1719473.0254191062,31302.528618946206,1.854227915857938,Increase
BM_vs_AM,Beta,14,AF8,HJ,Hjorth Complexity,RAW_AF8_HJ_Complexity,1.306909318577823,1.3070139609347815,0.00010464235695839541,0.008006856747510767,Increase
BM_vs_AM,Beta,14,AF8,HJ,Hjorth Mobility,RAW_AF8_HJ_Mobility,0.6739784880999744,0.674422813131218,0.00044432503124358647,0.06592569927508986,Increase
BM_vs_AM,Beta,14,TP10,BP,Beta Band Power,RAW_TP10_BP_Beta,643048.2039536103,607019.3396885125,-36028.86426509777,-5.602824802803882,Decrease
BM_vs_AM,Beta,14,TP10,RP,Beta Relative Power,RAW_TP10_RP_Beta,0.3774068033443706,0.3734891815620234,-0.003917621782347225,-1.038036873641764,Decrease
BM_vs_AM,Beta,14,TP10,EN,Entropy,RAW_TP10_EN,5.406976007273439,5.412814823598669,0.005838816325230312,0.1079867252485671,Increase
BM_vs_AM,Beta,14,TP10,HJ,Hjorth Activity,RAW_TP10_HJ_Activity,1684850.0866002033,1633806.8923587166,-51043.19424148672,-3.0295392241386234,Decrease
BM_vs_AM,Beta,14,TP10,HJ,Hjorth Complexity,RAW_TP10_HJ_Complexity,1.313166402444537,1.3214704602933949,0.008304057848857793,0.6323690457964274,Increase
BM_vs_AM,Beta,14,TP10,HJ,Hjorth Mobility,RAW_TP10_HJ_Mobility,0.6714866688656764,0.6667420505049632,-0.004744618360713271,-0.7065841483834998,Decrease
BM_vs_AM,Beta,14,TP9,BP,Beta Band Power,RAW_TP9_BP_Beta,643604.3077425342,675211.2118430338,31606.90410049958,4.9109217760462105,Increase
BM_vs_AM,Beta,14,TP9,RP,Beta Relative Power,RAW_TP9_RP_Beta,0.3701912699874801,0.386277201516114,0.016085931528633912,4.345302775286393,Increase
BM_vs_AM,Beta,14,TP9,EN,Entropy,RAW_TP9_EN,5.411176905597834,5.407756398628779,-0.0034205069690553813,-0.06321188585641849,Decrease
BM_vs_AM,Beta,14,TP9,HJ,Hjorth Activity,RAW_TP9_HJ_Activity,1746702.4014409804,1771735.7671633249,25033.36572234449,1.4331786400300741,Increase
BM_vs_AM,Beta,14,TP9,HJ,Hjorth Complexity,RAW_TP9_HJ_Complexity,1.316867659513274,1.326020905009578,0.009153245496303919,0.6950770967894404,Increase
BM_vs_AM,Beta,14,TP9,HJ,Hjorth Mobility,RAW_TP9_HJ_Mobility,0.6719638986898715,0.6649055392782364,-0.007058359411635129,-1.0504075331125402,Decrease
BM_vs_AM,Beta,16,AF7,BP,Beta Band Power,RAW_AF7_BP_Beta,874891.4545835012,12.029312424409811,-874879.4252710768,-99.99862505087216,Decrease
BM_vs_AM,Beta,16,AF7,RP,Beta Relative Power,RAW_AF7_RP_Beta,0.375625560911538,0.1819909127878767,-0.19363464812366127,-51.549912538902895,Decrease
BM_vs_AM,Beta,16,AF7,EN,Entropy,RAW_AF7_EN,5.402070317896118,4.4312525835332455,-0.9708177343628721,-17.97121616774817,Decrease
BM_vs_AM,Beta,16,AF7,HJ,Hjorth Activity,RAW_AF7_HJ_Activity,2379041.7577626063,102.7606220308099,-2378938.9971405757,-99.9956805877116,Decrease
BM_vs_AM,Beta,16,AF7,HJ,Hjorth Complexity,RAW_AF7_HJ_Complexity,1.3360557704385116,2.0835315943781207,0.7474758239396091,55.946453769237294,Increase
BM_vs_AM,Beta,16,AF7,HJ,Hjorth Mobility,RAW_AF7_HJ_Mobility,0.6578850144052335,0.389028320236409,-0.2688566941688245,-40.866821447800675,Decrease
BM_vs_AM,Beta,16,AF8,BP,Beta Band Power,RAW_AF8_BP_Beta,703894.2237187999,12.52199535103608,-703881.7017234488,-99.99822104018912,Decrease
BM_vs_AM,Beta,16,AF8,RP,Beta Relative Power,RAW_AF8_RP_Beta,0.3713992120017017,0.1457834604162874,-0.22561575158541428,-60.74750411273908,Decrease
BM_vs_AM,Beta,16,AF8,EN,Entropy,RAW_AF8_EN,5.408314088127401,4.362767535500927,-1.0455465526264742,-19.3322084403661,Decrease
BM_vs_AM,Beta,16,AF8,HJ,Hjorth Activity,RAW_AF8_HJ_Activity,1878405.1254117736,136.18334934314163,-1878268.9420624303,-99.99275005442112,Decrease
BM_vs_AM,Beta,16,AF8,HJ,Hjorth Complexity,RAW_AF8_HJ_Complexity,1.3330563106297073,2.3893372895134863,1.056280978883779,79.23753636369753,Increase
BM_vs_AM,Beta,16,AF8,HJ,Hjorth Mobility,RAW_AF8_HJ_Mobility,0.6605259110770727,0.3508458880313443,-0.3096800230457284,-46.88385691649176,Decrease
BM_vs_AM,Beta,16,TP10,BP,Beta Band Power,RAW_TP10_BP_Beta,713572.238220677,43.04972948326236,-713529.1884911937,-99.9939670117225,Decrease
BM_vs_AM,Beta,16,TP10,RP,Beta Relative Power,RAW_TP10_RP_Beta,0.3693135426307243,0.0946505362323891,-0.2746630063983352,-74.37122517680595,Decrease
BM_vs_AM,Beta,16,TP10,EN,Entropy,RAW_TP10_EN,5.397372625723833,3.949592578116003,-1.4477800476078295,-26.823792759975877,Decrease
BM_vs_AM,Beta,16,TP10,HJ,Hjorth Activity,RAW_TP10_HJ_Activity,1923335.216230571,645.3773999213183,-1922689.8388306496,-99.96644488207384,Decrease
BM_vs_AM,Beta,16,TP10,HJ,Hjorth Complexity,RAW_TP10_HJ_Complexity,1.3431631809943758,2.720343106066736,1.3771799250723602,102.53258461513224,Increase
BM_vs_AM,Beta,16,TP10,HJ,Hjorth Mobility,RAW_TP10_HJ_Mobility,0.6506046515989521,0.267414461662643,-0.3831901899363091,-58.89754845658811,Decrease
BM_vs_AM,Beta,16,TP9,BP,Beta Band Power,RAW_TP9_BP_Beta,715122.6486897107,35.383814000770975,-715087.2648757099,-99.9950520635774,Decrease
BM_vs_AM,Beta,16,TP9,RP,Beta Relative Power,RAW_TP9_RP_Beta,0.3746368672227507,0.0943711450755099,-0.28026572214724077,-74.80996844354911,Decrease
BM_vs_AM,Beta,16,TP9,EN,Entropy,RAW_TP9_EN,5.398197835951342,3.958633446904072,-1.4395643890472698,-26.667499650715758,Decrease
BM_vs_AM,Beta,16,TP9,HJ,Hjorth Activity,RAW_TP9_HJ_Activity,1968794.9712661651,635.3676653222409,-1968159.6036008429,-99.9677280938546,Decrease
BM_vs_AM,Beta,16,TP9,HJ,Hjorth Complexity,RAW_TP9_HJ_Complexity,1.337019580590384,2.849850658599023,1.512831078008639,113.14950805287552,Increase
BM_vs_AM,Beta,16,TP9,HJ,Hjorth Mobility,RAW_TP9_HJ_Mobility,0.6514694220485564,0.2660036317375188,-0.3854657903110376,-59.16866966663363,Decrease
BM_vs_AM,Beta,22,AF7,BP,Beta Band Power,RAW_AF7_BP_Beta,685741.9496689842,668980.2077647776,-16761.741904206574,-2.444322082424397,Decrease
BM_vs_AM,Beta,22,AF7,RP,Beta Relative Power,RAW_AF7_RP_Beta,0.3890559061746492,0.374381995414912,-0.014673910759737174,-3.7716715070635587,Decrease
BM_vs_AM,Beta,22,AF7,EN,Entropy,RAW_AF7_EN,5.3999669297383335,5.410265348820354,0.010298419082020338,0.1907126324293873,Increase
BM_vs_AM,Beta,22,AF7,HJ,Hjorth Activity,RAW_AF7_HJ_Activity,1809223.9113600615,1763575.2983294628,-45648.61303059873,-2.5231046717862005,Decrease
BM_vs_AM,Beta,22,AF7,HJ,Hjorth Complexity,RAW_AF7_HJ_Complexity,1.326075063429449,1.3265873760967986,0.0005123126673496348,0.03863376074840814,Increase
BM_vs_AM,Beta,22,AF7,HJ,Hjorth Mobility,RAW_AF7_HJ_Mobility,0.6660411735264513,0.6610808893059034,-0.00496028422054795,-0.7447413790179078,Decrease
BM_vs_AM,Beta,22,AF8,BP,Beta Band Power,RAW_AF8_BP_Beta,696757.0033405545,719087.8191270462,22330.815786491614,3.204964669092384,Increase
BM_vs_AM,Beta,22,AF8,RP,Beta Relative Power,RAW_AF8_RP_Beta,0.3757614020857815,0.3839775289449507,0.00821612685916917,2.186527624594485,Increase
BM_vs_AM,Beta,22,AF8,EN,Entropy,RAW_AF8_EN,5.408962706081951,5.412780899686869,0.0038181936049177523,0.07059012628474023,Increase
BM_vs_AM,Beta,22,AF8,HJ,Hjorth Activity,RAW_AF8_HJ_Activity,1886432.9714373616,1892275.5815501483,5842.610112786759,0.3097173449176411,Increase
BM_vs_AM,Beta,22,AF8,HJ,Hjorth Complexity,RAW_AF8_HJ_Complexity,1.3275641658781157,1.3325206171004091,0.00495645122229349,0.37334927754810643,Increase
BM_vs_AM,Beta,22,AF8,HJ,Hjorth Mobility,RAW_AF8_HJ_Mobility,0.6677402571944184,0.6601841379569224,-0.007556119237495995,-1.1315955801802084,Decrease
BM_vs_AM,Beta,22,TP10,BP,Beta Band Power,RAW_TP10_BP_Beta,632229.7886454235,613511.0276034641,-18718.7610419594,-2.9607527797867705,Decrease
BM_vs_AM,Beta,22,TP10,RP,Beta Relative Power,RAW_TP10_RP_Beta,0.3856709800434547,0.3702070240714954,-0.015463955971959265,-4.009623946872252,Decrease
BM_vs_AM,Beta,22,TP10,EN,Entropy,RAW_TP10_EN,5.39939711322495,5.405810393447843,0.006413280222893114,0.11877770959251768,Increase
BM_vs_AM,Beta,22,TP10,HJ,Hjorth Activity,RAW_TP10_HJ_Activity,1672949.3427346323,1665972.8137696348,-6976.528964997502,-0.41701973794338243,Decrease
BM_vs_AM,Beta,22,TP10,HJ,Hjorth Complexity,RAW_TP10_HJ_Complexity,1.3203020254074849,1.3181902847580405,-0.0021117406494444158,-0.1599437559593737,Decrease
BM_vs_AM,Beta,22,TP10,HJ,Hjorth Mobility,RAW_TP10_HJ_Mobility,0.6632898243595722,0.6685488239200965,0.005258999560524336,0.7928660093047666,Increase
BM_vs_AM,Beta,22,TP9,BP,Beta Band Power,RAW_TP9_BP_Beta,644465.0109747084,618782.7978745932,-25682.213100115187,-3.9850438212731873,Decrease
BM_vs_AM,Beta,22,TP9,RP,Beta Relative Power,RAW_TP9_RP_Beta,0.37493056564417,0.376722427099492,0.001791861455322008,0.4779182119343624,Increase
BM_vs_AM,Beta,22,TP9,EN,Entropy,RAW_TP9_EN,5.407884282592889,5.4031038640667886,-0.0047804185261002274,-0.08839720445734438,Decrease
BM_vs_AM,Beta,22,TP9,HJ,Hjorth Activity,RAW_TP9_HJ_Activity,1742170.3977314562,1666457.169488463,-75713.22824299312,-4.345914058784496,Decrease
BM_vs_AM,Beta,22,TP9,HJ,Hjorth Complexity,RAW_TP9_HJ_Complexity,1.323222577880914,1.3199797782340854,-0.003242799646828498,-0.24506834307662034,Decrease
BM_vs_AM,Beta,22,TP9,HJ,Hjorth Mobility,RAW_TP9_HJ_Mobility,0.6626358293389265,0.6669853576191667,0.004349528280240156,0.6563979923300297,Increase
BM_vs_AM,Beta,25,AF7,BP,Beta Band Power,RAW_AF7_BP_Beta,546420.2670731958,564512.165145959,18091.89807276323,3.3109859137673108,Increase
BM_vs_AM,Beta,25,AF7,RP,Beta Relative Power,RAW_AF7_RP_Beta,0.3752456638409535,0.3897072073962742,0.0144615435553207,3.853886919650102,Increase
BM_vs_AM,Beta,25,AF7,EN,Entropy,RAW_AF7_EN,5.415429421852697,5.413381235132019,-0.002048186720678302,-0.037821316854639894,Decrease
BM_vs_AM,Beta,25,AF7,HJ,Hjorth Activity,RAW_AF7_HJ_Activity,1484059.0017824084,1477255.0432589552,-6803.958523453213,-0.4584695430088301,Decrease
BM_vs_AM,Beta,25,AF7,HJ,Hjorth Complexity,RAW_AF7_HJ_Complexity,1.3088610065368882,1.3114613194397269,0.002600312902838686,0.19866990382109762,Increase
BM_vs_AM,Beta,25,AF7,HJ,Hjorth Mobility,RAW_AF7_HJ_Mobility,0.6770029380231217,0.6707176409251387,-0.006285297097982978,-0.9284002690352159,Decrease
BM_vs_AM,Beta,25,AF8,BP,Beta Band Power,RAW_AF8_BP_Beta,750355.3929948221,775194.4115120028,24839.018517180695,3.310300525467417,Increase
BM_vs_AM,Beta,25,AF8,RP,Beta Relative Power,RAW_AF8_RP_Beta,0.3972909675399257,0.3859150126552036,-0.011375954884722095,-2.8633812027399967,Decrease
BM_vs_AM,Beta,25,AF8,EN,Entropy,RAW_AF8_EN,5.407930987749288,5.407180063423031,-0.0007509243262573406,-0.01388561222320379,Decrease
BM_vs_AM,Beta,25,AF8,HJ,Hjorth Activity,RAW_AF8_HJ_Activity,1952357.91743515,2062900.39555889,110542.47812374006,5.661998608787974,Increase
BM_vs_AM,Beta,25,AF8,HJ,Hjorth Complexity,RAW_AF8_HJ_Complexity,1.3129458453878795,1.3106003988379191,-0.002345446549960384,-0.1786400069888241,Decrease
BM_vs_AM,Beta,25,AF8,HJ,Hjorth Mobility,RAW_AF8_HJ_Mobility,0.6709767282236022,0.6758379238797583,0.004861195656156059,0.7244954186452903,Increase
BM_vs_AM,Beta,25,TP10,BP,Beta Band Power,RAW_TP10_BP_Beta,620510.6894123382,632334.104022385,11823.414610046777,1.9054328655070032,Increase
BM_vs_AM,Beta,25,TP10,RP,Beta Relative Power,RAW_TP10_RP_Beta,0.3868359286162589,0.385081940986536,-0.0017539876297228973,-0.45341900789749356,Decrease
BM_vs_AM,Beta,25,TP10,EN,Entropy,RAW_TP10_EN,5.440273965338736,5.4387921960721695,-0.0014817692665669568,-0.02723703394365168,Decrease
BM_vs_AM,Beta,25,TP10,HJ,Hjorth Activity,RAW_TP10_HJ_Activity,1670650.497852893,1644977.6348813167,-25672.862971576396,-1.53669860958776,Decrease
BM_vs_AM,Beta,25,TP10,HJ,Hjorth Complexity,RAW_TP10_HJ_Complexity,1.3002322392547545,1.3106920973986975,0.010459858143943013,0.8044607592516103,Increase
BM_vs_AM,Beta,25,TP10,HJ,Hjorth Mobility,RAW_TP10_HJ_Mobility,0.6866985405595366,0.6822776144782761,-0.0044209260812605455,-0.6437943027603177,Decrease
BM_vs_AM,Beta,25,TP9,BP,Beta Band Power,RAW_TP9_BP_Beta,736555.4616672278,708739.1467537533,-27816.31491347449,-3.7765404455098275,Decrease
BM_vs_AM,Beta,25,TP9,RP,Beta Relative Power,RAW_TP9_RP_Beta,0.3726579481398068,0.3929132726632097,0.020255324523402896,5.435366298910626,Increase
BM_vs_AM,Beta,25,TP9,EN,Entropy,RAW_TP9_EN,5.406350708979541,5.408935816814192,0.002585107834651268,0.04781613280021955,Increase
BM_vs_AM,Beta,25,TP9,HJ,Hjorth Activity,RAW_TP9_HJ_Activity,2010030.733685152,1806364.9059917247,-203665.8276934272,-10.132473313979144,Decrease
BM_vs_AM,Beta,25,TP9,HJ,Hjorth Complexity,RAW_TP9_HJ_Complexity,1.3083267378551298,1.3063837046124418,-0.0019430332426879637,-0.14851284365504686,Decrease
BM_vs_AM,Beta,25,TP9,HJ,Hjorth Mobility,RAW_TP9_HJ_Mobility,0.6748630736731025,0.6758929401704249,0.0010298664973223959,0.15260377067559838,Increase
BM_vs_AM,Beta,26,AF7,BP,Beta Band Power,RAW_AF7_BP_Beta,587654.2992751283,597439.8852461576,9785.585971029359,1.665194312897886,Increase
BM_vs_AM,Beta,26,AF7,RP,Beta Relative Power,RAW_AF7_RP_Beta,0.3783402411701028,0.3880479827510298,0.00970774158092702,2.5658760355239068,Increase
BM_vs_AM,Beta,26,AF7,EN,Entropy,RAW_AF7_EN,5.4135582203141945,5.405899005828222,-0.007659214485972399,-0.14148207471439864,Decrease
BM_vs_AM,Beta,26,AF7,HJ,Hjorth Activity,RAW_AF7_HJ_Activity,1552676.0061069322,1572893.4847092158,20217.478602283634,1.3021054310599853,Increase
BM_vs_AM,Beta,26,AF7,HJ,Hjorth Complexity,RAW_AF7_HJ_Complexity,1.3127460604373775,1.2999162288267376,-0.012829831610639886,-0.9773277557096819,Decrease
BM_vs_AM,Beta,26,AF7,HJ,Hjorth Mobility,RAW_AF7_HJ_Mobility,0.6721772994014085,0.6772199800420857,0.005042680640677255,0.7502009730420671,Increase
BM_vs_AM,Beta,26,AF8,BP,Beta Band Power,RAW_AF8_BP_Beta,603921.2135230603,595063.4418848712,-8857.771638189093,-1.4667098025114935,Decrease
BM_vs_AM,Beta,26,AF8,RP,Beta Relative Power,RAW_AF8_RP_Beta,0.3806368521205295,0.3842492754029667,0.003612423282437216,0.9490471724722371,Increase
BM_vs_AM,Beta,26,AF8,EN,Entropy,RAW_AF8_EN,5.410509100110826,5.406131679445073,-0.0043774206657527515,-0.08090589230619881,Decrease
BM_vs_AM,Beta,26,AF8,HJ,Hjorth Activity,RAW_AF8_HJ_Activity,1605178.1051987358,1575827.5784224286,-29350.526776307262,-1.8284903513976971,Decrease
BM_vs_AM,Beta,26,AF8,HJ,Hjorth Complexity,RAW_AF8_HJ_Complexity,1.3201478228924546,1.3076311114504846,-0.012516711441969974,-0.9481295370806095,Decrease
BM_vs_AM,Beta,26,AF8,HJ,Hjorth Mobility,RAW_AF8_HJ_Mobility,0.6709834354429853,0.6741127523912507,0.0031293169482653482,0.4663776753593572,Increase
BM_vs_AM,Beta,26,TP10,BP,Beta Band Power,RAW_TP10_BP_Beta,631644.8554121942,613996.0689757266,-17648.786436467548,-2.7940996091783936,Decrease
BM_vs_AM,Beta,26,TP10,RP,Beta Relative Power,RAW_TP10_RP_Beta,0.3767574425060384,0.3836211837905132,0.006863741284474811,1.821793151269946,Increase
BM_vs_AM,Beta,26,TP10,EN,Entropy,RAW_TP10_EN,5.423909464689805,5.41901493049396,-0.004894534195845068,-0.09023996856343156,Decrease
BM_vs_AM,Beta,26,TP10,HJ,Hjorth Activity,RAW_TP10_HJ_Activity,1694191.028761426,1592292.9860760474,-101898.04268537858,-6.014554495656448,Decrease
BM_vs_AM,Beta,26,TP10,HJ,Hjorth Complexity,RAW_TP10_HJ_Complexity,1.3201275847194092,1.3147859587788524,-0.00534162594055676,-0.4046295223572738,Decrease
BM_vs_AM,Beta,26,TP10,HJ,Hjorth Mobility,RAW_TP10_HJ_Mobility,0.6728241893619258,0.6724499671337985,-0.00037422222812732997,-0.05561961565059431,Decrease
BM_vs_AM,Beta,26,TP9,BP,Beta Band Power,RAW_TP9_BP_Beta,604442.8275228422,613717.9679280324,9275.140405190177,1.5344942454197068,Increase
BM_vs_AM,Beta,26,TP9,RP,Beta Relative Power,RAW_TP9_RP_Beta,0.3821217636259206,0.3881877323279095,0.006065968701988889,1.5874439195583714,Increase
BM_vs_AM,Beta,26,TP9,EN,Entropy,RAW_TP9_EN,5.408347643764636,5.4139605485781965,0.005612904813560249,0.1037822489098209,Increase
BM_vs_AM,Beta,26,TP9,HJ,Hjorth Activity,RAW_TP9_HJ_Activity,1632034.4545088462,1598799.7531702686,-33234.70133857755,-2.036397040930082,Decrease
BM_vs_AM,Beta,26,TP9,HJ,Hjorth Complexity,RAW_TP9_HJ_Complexity,1.3159993381230026,1.31561582447026,-0.0003835136527425842,-0.029142389485513422,Decrease
BM_vs_AM,Beta,26,TP9,HJ,Hjorth Mobility,RAW_TP9_HJ_Mobility,0.6726939478745825,0.6694261140735562,-0.003267833801026243,-0.48578314274287193,Decrease
BM_vs_AM,Beta,27,AF7,BP,Beta Band Power,RAW_AF7_BP_Beta,631655.3400159901,774366.5822165874,142711.2422005973,22.59321391899966,Increase
BM_vs_AM,Beta,27,AF7,RP,Beta Relative Power,RAW_AF7_RP_Beta,0.3483242368630624,0.3503884493097311,0.0020642124466687117,0.5926123502798977,Increase
BM_vs_AM,Beta,27,AF7,EN,Entropy,RAW_AF7_EN,5.4020556376483615,5.390819046212618,-0.011236591435743293,-0.20800584424626248,Decrease
BM_vs_AM,Beta,27,AF7,HJ,Hjorth Activity,RAW_AF7_HJ_Activity,1836532.0425238707,2245317.103104705,408785.0605808343,22.258531357778967,Increase
BM_vs_AM,Beta,27,AF7,HJ,Hjorth Complexity,RAW_AF7_HJ_Complexity,1.3110600158529195,1.3277969230501554,0.016736907197235862,1.2765935193552178,Increase
BM_vs_AM,Beta,27,AF7,HJ,Hjorth Mobility,RAW_AF7_HJ_Mobility,0.6952448130795837,0.6718662036934356,-0.023378609386148108,-3.3626442004784853,Decrease
BM_vs_AM,Beta,27,AF8,BP,Beta Band Power,RAW_AF8_BP_Beta,690610.9115756181,702914.3861318603,12303.474556242232,1.7815349207518378,Increase
BM_vs_AM,Beta,27,AF8,RP,Beta Relative Power,RAW_AF8_RP_Beta,0.3829168839091261,0.3805132889090968,-0.0024035950000292905,-0.6277067167922823,Decrease
BM_vs_AM,Beta,27,AF8,EN,Entropy,RAW_AF8_EN,5.41088148060533,5.414411312721377,0.0035298321160475155,0.06523580545424594,Increase
BM_vs_AM,Beta,27,AF8,HJ,Hjorth Activity,RAW_AF8_HJ_Activity,1870098.5633645216,1863800.4609110272,-6298.1024534944445,-0.3367791717974178,Decrease
BM_vs_AM,Beta,27,AF8,HJ,Hjorth Complexity,RAW_AF8_HJ_Complexity,1.317636436588515,1.3158286613846988,-0.001807775203816142,-0.13719833131638667,Decrease
BM_vs_AM,Beta,27,AF8,HJ,Hjorth Mobility,RAW_AF8_HJ_Mobility,0.6712848778739595,0.676379930061278,0.005095052187318427,0.7589999946751481,Increase
BM_vs_AM,Beta,27,TP10,BP,Beta Band Power,RAW_TP10_BP_Beta,415011.5074168963,405444.7233933708,-9566.784023525484,-2.3051852424697357,Decrease
BM_vs_AM,Beta,27,TP10,RP,Beta Relative Power,RAW_TP10_RP_Beta,0.2632214699469627,0.2388116388193064,-0.024409831127656323,-9.273495483698474,Decrease
BM_vs_AM,Beta,27,TP10,EN,Entropy,RAW_TP10_EN,5.098271443078774,5.072002194103545,-0.026269248975228976,-0.5152579510235993,Decrease
BM_vs_AM,Beta,27,TP10,HJ,Hjorth Activity,RAW_TP10_HJ_Activity,1657639.1886799326,1664944.2290528724,7305.04037293978,0.4406894107491014,Increase
BM_vs_AM,Beta,27,TP10,HJ,Hjorth Complexity,RAW_TP10_HJ_Complexity,1.2202858636476703,1.21946214221905,-0.0008237214286204164,-0.06750233311382907,Decrease
BM_vs_AM,Beta,27,TP10,HJ,Hjorth Mobility,RAW_TP10_HJ_Mobility,0.7798253078247976,0.7762271010509723,-0.0035982067738253853,-0.46141190055270553,Decrease
BM_vs_AM,Beta,27,TP9,BP,Beta Band Power,RAW_TP9_BP_Beta,386546.4641593621,343931.7672759445,-42614.69688341755,-11.024469458307792,Decrease
BM_vs_AM,Beta,27,TP9,RP,Beta Relative Power,RAW_TP9_RP_Beta,0.2675459814264304,0.2503992528424434,-0.01714672858398697,-6.408890349452685,Decrease
BM_vs_AM,Beta,27,TP9,EN,Entropy,RAW_TP9_EN,5.1805792517206815,4.774775924523766,-0.4058033271969155,-7.833165124578138,Decrease
BM_vs_AM,Beta,27,TP9,HJ,Hjorth Activity,RAW_TP9_HJ_Activity,1456025.4466917105,1369036.749940462,-86988.69675124856,-5.97439398802396,Decrease
BM_vs_AM,Beta,27,TP9,HJ,Hjorth Complexity,RAW_TP9_HJ_Complexity,1.2807848600980374,1.1739775687771157,-0.1068072913209217,-8.339206267065506,Decrease
BM_vs_AM,Beta,27,TP9,HJ,Hjorth Mobility,RAW_TP9_HJ_Mobility,0.7357754768740103,0.8068481713635266,0.07107269448951625,9.659562831785749,Increase
BM_vs_AM,Beta,28,AF7,BP,Beta Band Power,RAW_AF7_BP_Beta,815426.7013406391,774661.1287489204,-40765.57259171875,-4.99929331780481,Decrease
BM_vs_AM,Beta,28,AF7,RP,Beta Relative Power,RAW_AF7_RP_Beta,0.3452403233401598,0.344869242627918,-0.0003710807122417892,-0.1074847539973392,Decrease
BM_vs_AM,Beta,28,AF7,EN,Entropy,RAW_AF7_EN,5.393222927887965,5.41724743215844,0.024024504270474978,0.4454572820686867,Increase
BM_vs_AM,Beta,28,AF7,HJ,Hjorth Activity,RAW_AF7_HJ_Activity,2417152.23718791,2376004.4661645675,-41147.771023342386,-1.7023243464058053,Decrease
BM_vs_AM,Beta,28,AF7,HJ,Hjorth Complexity,RAW_AF7_HJ_Complexity,1.310449788104092,1.3177826513614517,0.007332863257359712,0.5595684263468511,Increase
BM_vs_AM,Beta,28,AF7,HJ,Hjorth Mobility,RAW_AF7_HJ_Mobility,0.689955448180452,0.6941815291471891,0.004226080966737156,0.6125150512083297,Increase
BM_vs_AM,Beta,28,AF8,BP,Beta Band Power,RAW_AF8_BP_Beta,767198.9993688837,841328.3429985968,74129.34362971317,9.662335807358161,Increase
BM_vs_AM,Beta,28,AF8,RP,Beta Relative Power,RAW_AF8_RP_Beta,0.3768047742509524,0.373895698844355,-0.0029090754065974056,-0.7720378310971077,Decrease
BM_vs_AM,Beta,28,AF8,EN,Entropy,RAW_AF8_EN,5.405093223255858,5.405747979805701,0.0006547565498431496,0.012113695782822129,Increase
BM_vs_AM,Beta,28,AF8,HJ,Hjorth Activity,RAW_AF8_HJ_Activity,2088965.51203854,2265306.333873729,176340.82183518913,8.441538207258624,Increase
BM_vs_AM,Beta,28,AF8,HJ,Hjorth Complexity,RAW_AF8_HJ_Complexity,1.3329367008962074,1.3260234998890463,-0.006913201007161085,-0.5186443589191412,Decrease
BM_vs_AM,Beta,28,AF8,HJ,Hjorth Mobility,RAW_AF8_HJ_Mobility,0.6566525245188755,0.6659716567776843,0.009319132258808871,1.419187760777579,Increase
BM_vs_AM,Beta,28,TP10,BP,Beta Band Power,RAW_TP10_BP_Beta,524819.7518458683,510093.3507347606,-14726.401111107727,-2.8059921638453598,Decrease
BM_vs_AM,Beta,28,TP10,RP,Beta Relative Power,RAW_TP10_RP_Beta,0.2794501663501361,0.2700296973793008,-0.00942046897083526,-3.371072951530083,Decrease
BM_vs_AM,Beta,28,TP10,EN,Entropy,RAW_TP10_EN,4.927354025867812,4.904206683602423,-0.02314734226538917,-0.4697722579678538,Decrease
BM_vs_AM,Beta,28,TP10,HJ,Hjorth Activity,RAW_TP10_HJ_Activity,1921277.084673975,1916853.6844417136,-4423.40023226128,-0.23023229015464447,Decrease
BM_vs_AM,Beta,28,TP10,HJ,Hjorth Complexity,RAW_TP10_HJ_Complexity,1.2237695752701527,1.218310942973385,-0.005458632296767796,-0.446050662402093,Decrease
BM_vs_AM,Beta,28,TP10,HJ,Hjorth Mobility,RAW_TP10_HJ_Mobility,0.773752368412064,0.7794494142180644,0.005697045806000389,0.7362879958212175,Increase
BM_vs_AM,Beta,28,TP9,BP,Beta Band Power,RAW_TP9_BP_Beta,571018.2963157943,530488.052626824,-40530.24368897034,-7.097888798042227,Decrease
BM_vs_AM,Beta,28,TP9,RP,Beta Relative Power,RAW_TP9_RP_Beta,0.2545683216850412,0.2418518647486877,-0.012716456936353482,-4.995302185354636,Decrease
BM_vs_AM,Beta,28,TP9,EN,Entropy,RAW_TP9_EN,4.807003126042359,4.903531451616752,0.09652832557439339,2.008077029354168,Increase
BM_vs_AM,Beta,28,TP9,HJ,Hjorth Activity,RAW_TP9_HJ_Activity,2279346.07881436,2199199.775219622,-80146.30359473778,-3.516197226023142,Decrease
BM_vs_AM,Beta,28,TP9,HJ,Hjorth Complexity,RAW_TP9_HJ_Complexity,1.1904743891428882,1.193102357559754,0.0026279684168657447,0.2207496810374742,Increase
BM_vs_AM,Beta,28,TP9,HJ,Hjorth Mobility,RAW_TP9_HJ_Mobility,0.7913170447646674,0.785834641792345,-0.005482402972322387,-0.6928200281535473,Decrease
BM_vs_AM,Alpha,1,AF7,BP,Alpha Band Power,RAW_AF7_BP_Alpha,235780.73416080343,253384.52959379263,17603.795432989195,7.466172117770799,Increase
BM_vs_AM,Alpha,1,AF7,RP,Alpha Relative Power,RAW_AF7_RP_Alpha,0.1204913754486763,0.1294510845225359,0.008959709073859595,7.435975430188373,Increase
BM_vs_AM,Alpha,1,AF7,EN,Entropy,RAW_AF7_EN,5.398823274736937,5.404383351005981,0.005560076269043535,0.10298681742484808,Increase
BM_vs_AM,Alpha,1,AF7,HJ,Hjorth Activity,RAW_AF7_HJ_Activity,1934633.92887233,1970968.3471209956,36334.41824866552,1.8781030202362017,Increase
BM_vs_AM,Alpha,1,AF7,HJ,Hjorth Complexity,RAW_AF7_HJ_Complexity,1.3095989067572558,1.314224116836192,0.004625210078936126,0.35317760690475625,Increase
BM_vs_AM,Alpha,1,AF7,HJ,Hjorth Mobility,RAW_AF7_HJ_Mobility,0.6715664342579399,0.6703054450821704,-0.0012609891757695557,-0.18776834449192054,Decrease
BM_vs_AM,Alpha,1,AF8,BP,Alpha Band Power,RAW_AF8_BP_Alpha,234472.1044318438,226524.34821356484,-7947.756218278955,-3.3896382844933286,Decrease
BM_vs_AM,Alpha,1,AF8,RP,Alpha Relative Power,RAW_AF8_RP_Alpha,0.1258264930938565,0.1270732081016653,0.0012467150078088185,0.9908207541625348,Increase
BM_vs_AM,Alpha,1,AF8,EN,Entropy,RAW_AF8_EN,5.3994892143493,5.402881421380908,0.003392207031607697,0.06282459130750383,Increase
BM_vs_AM,Alpha,1,AF8,HJ,Hjorth Activity,RAW_AF8_HJ_Activity,1835735.4752389116,1788445.6634728326,-47289.81176607893,-2.576068960040357,Decrease
BM_vs_AM,Alpha,1,AF8,HJ,Hjorth Complexity,RAW_AF8_HJ_Complexity,1.3185461226071875,1.3161968827800306,-0.002349239827156957,-0.17816895343120484,Decrease
BM_vs_AM,Alpha,1,AF8,HJ,Hjorth Mobility,RAW_AF8_HJ_Mobility,0.6644031585916199,0.6677384148502763,0.0033352562586563828,0.5019928360554983,Increase
BM_vs_AM,Alpha,1,TP10,BP,Alpha Band Power,RAW_TP10_BP_Alpha,227133.4041039638,241001.20320642504,13867.799102461227,6.105574456196518,Increase
BM_vs_AM,Alpha,1,TP10,RP,Alpha Relative Power,RAW_TP10_RP_Alpha,0.1234697170823183,0.126283920001182,0.0028142029188636952,2.279265706090055,Increase
BM_vs_AM,Alpha,1,TP10,EN,Entropy,RAW_TP10_EN,5.408108394127641,5.408561229863231,0.00045283573559018464,0.008373274028344058,Increase
BM_vs_AM,Alpha,1,TP10,HJ,Hjorth Activity,RAW_TP10_HJ_Activity,1879626.055660184,1867390.6422872324,-12235.41337295156,-0.6509493383594375,Decrease
BM_vs_AM,Alpha,1,TP10,HJ,Hjorth Complexity,RAW_TP10_HJ_Complexity,1.319975179890709,1.333830520314344,0.01385534042363501,1.0496667387929373,Increase
BM_vs_AM,Alpha,1,TP10,HJ,Hjorth Mobility,RAW_TP10_HJ_Mobility,0.6698032580329659,0.6608545271229731,-0.00894873090999282,-1.3360237954459735,Decrease
BM_vs_AM,Alpha,1,TP9,BP,Alpha Band Power,RAW_TP9_BP_Alpha,225260.57977077828,247432.0372820928,22171.45751131451,9.842582103746624,Increase
BM_vs_AM,Alpha,1,TP9,RP,Alpha Relative Power,RAW_TP9_RP_Alpha,0.1231317041651491,0.1302712663926254,0.007139562227476304,5.798313501696071,Increase
BM_vs_AM,Alpha,1,TP9,EN,Entropy,RAW_TP9_EN,5.406801637978502,5.406682929006394,-0.00011870897210819464,-0.0021955488670854515,Decrease
BM_vs_AM,Alpha,1,TP9,HJ,Hjorth Activity,RAW_TP9_HJ_Activity,1835180.6561861408,1931948.3336047232,96767.67741858237,5.27292379049397,Increase
BM_vs_AM,Alpha,1,TP9,HJ,Hjorth Complexity,RAW_TP9_HJ_Complexity,1.3283719488074208,1.3245169218190056,-0.003855026988415222,-0.29020689513025094,Decrease
BM_vs_AM,Alpha,1,TP9,HJ,Hjorth Mobility,RAW_TP9_HJ_Mobility,0.6644285235112544,0.6670945739787575,0.0026660504675031227,0.40125466820931327,Increase
BM_vs_AM,Alpha,2,AF7,BP,Alpha Band Power,RAW_AF7_BP_Alpha,216669.0031798778,199329.00546586857,-17339.997714009223,-8.002989564508045,Decrease
BM_vs_AM,Alpha,2,AF7,RP,Alpha Relative Power,RAW_AF7_RP_Alpha,0.11675582463547,0.1160881465923332,-0.0006676780431368046,-0.5718584449395995,Decrease
BM_vs_AM,Alpha,2,AF7,EN,Entropy,RAW_AF7_EN,5.40366697281571,5.407768874571259,0.004101901755548809,0.07590959576495543,Increase
BM_vs_AM,Alpha,2,AF7,HJ,Hjorth Activity,RAW_AF7_HJ_Activity,1853742.8901182425,1718909.3039102512,-134833.58620799123,-7.273586155164742,Decrease
BM_vs_AM,Alpha,2,AF7,HJ,Hjorth Complexity,RAW_AF7_HJ_Complexity,1.310570790424265,1.306301859431798,-0.004268930992466835,-0.3257306681682471,Decrease
BM_vs_AM,Alpha,2,AF7,HJ,Hjorth Mobility,RAW_AF7_HJ_Mobility,0.6715527722210348,0.6735278350254805,0.001975062804445704,0.29410388671519505,Increase
BM_vs_AM,Alpha,2,AF8,BP,Alpha Band Power,RAW_AF8_BP_Alpha,206908.29130367492,209234.05476539745,2325.7634617225267,1.1240552261431866,Increase
BM_vs_AM,Alpha,2,AF8,RP,Alpha Relative Power,RAW_AF8_RP_Alpha,0.1217086745341756,0.1243026822687791,0.0025940077346034984,2.1313252687466457,Increase
BM_vs_AM,Alpha,2,AF8,EN,Entropy,RAW_AF8_EN,5.401343835789144,5.406345136729354,0.005001300940209674,0.0925936413651581,Increase
BM_vs_AM,Alpha,2,AF8,HJ,Hjorth Activity,RAW_AF8_HJ_Activity,1754949.845759902,1719856.9906519991,-35092.85510790278,-1.9996500294689277,Decrease
BM_vs_AM,Alpha,2,AF8,HJ,Hjorth Complexity,RAW_AF8_HJ_Complexity,1.3173577956294995,1.312442032141466,-0.004915763488033464,-0.37315325451765113,Decrease
BM_vs_AM,Alpha,2,AF8,HJ,Hjorth Mobility,RAW_AF8_HJ_Mobility,0.6643479775455988,0.6703709107956061,0.006022933250007245,0.906593149008849,Increase
BM_vs_AM,Alpha,2,TP10,BP,Alpha Band Power,RAW_TP10_BP_Alpha,223855.59623431775,214302.01375669808,-9553.582477619668,-4.267743419565704,Decrease
BM_vs_AM,Alpha,2,TP10,RP,Alpha Relative Power,RAW_TP10_RP_Alpha,0.1255701011948436,0.123188553982387,-0.0023815472124566056,-1.8965877942243796,Decrease
BM_vs_AM,Alpha,2,TP10,EN,Entropy,RAW_TP10_EN,5.401897473264614,5.419044560427148,0.01714708716253366,0.31742711236929283,Increase
BM_vs_AM,Alpha,2,TP10,HJ,Hjorth Activity,RAW_TP10_HJ_Activity,1815079.975667294,1743299.8219093902,-71780.15375790396,-3.9546551512979353,Decrease
BM_vs_AM,Alpha,2,TP10,HJ,Hjorth Complexity,RAW_TP10_HJ_Complexity,1.328842418611994,1.3215874082528605,-0.007255010359133562,-0.5459646875745873,Decrease
BM_vs_AM,Alpha,2,TP10,HJ,Hjorth Mobility,RAW_TP10_HJ_Mobility,0.6581298561497154,0.6672519109273467,0.009122054777631283,1.3860569752903205,Increase
BM_vs_AM,Alpha,2,TP9,BP,Alpha Band Power,RAW_TP9_BP_Alpha,217386.0234403861,203368.3245189796,-14017.698921406496,-6.448298147029023,Decrease
BM_vs_AM,Alpha,2,TP9,RP,Alpha Relative Power,RAW_TP9_RP_Alpha,0.1222556881495308,0.1190519197770872,-0.0032037683724435995,-2.6205474943015115,Decrease
BM_vs_AM,Alpha,2,TP9,EN,Entropy,RAW_TP9_EN,5.40529940334438,5.406654571261583,0.0013551679172030262,0.025071098122049506,Increase
BM_vs_AM,Alpha,2,TP9,HJ,Hjorth Activity,RAW_TP9_HJ_Activity,1750455.616003353,1698073.5398293936,-52382.0761739593,-2.9924823968720933,Decrease
BM_vs_AM,Alpha,2,TP9,HJ,Hjorth Complexity,RAW_TP9_HJ_Complexity,1.3349057889071128,1.3129833946965055,-0.021922394210607266,-1.64224280041179,Decrease
BM_vs_AM,Alpha,2,TP9,HJ,Hjorth Mobility,RAW_TP9_HJ_Mobility,0.6591785814659754,0.6724367946284242,0.013258213162448795,2.0113234160253337,Increase
BM_vs_AM,Alpha,9,AF7,BP,Alpha Band Power,RAW_AF7_BP_Alpha,217577.9360756136,219349.826954707,1771.8908790934074,0.8143706623256287,Increase
BM_vs_AM,Alpha,9,AF7,RP,Alpha Relative Power,RAW_AF7_RP_Alpha,0.1241831856010004,0.1277558858262045,0.0035727002252041035,2.876959717141708,Increase
BM_vs_AM,Alpha,9,AF7,EN,Entropy,RAW_AF7_EN,5.411247201234296,5.412296597709663,0.0010493964753663931,0.019392876287873666,Increase
BM_vs_AM,Alpha,9,AF7,HJ,Hjorth Activity,RAW_AF7_HJ_Activity,1779008.581178931,1764807.2390225087,-14201.342156422324,-0.7982728305341416,Decrease
BM_vs_AM,Alpha,9,AF7,HJ,Hjorth Complexity,RAW_AF7_HJ_Complexity,1.319352476200609,1.308320121838753,-0.011032354361856012,-0.8361946152271843,Decrease
BM_vs_AM,Alpha,9,AF7,HJ,Hjorth Mobility,RAW_AF7_HJ_Mobility,0.6649101130536491,0.6741750727648907,0.009264959711241638,1.393415369889867,Increase
BM_vs_AM,Alpha,9,AF8,BP,Alpha Band Power,RAW_AF8_BP_Alpha,226998.4032449781,230639.1936095569,3640.790364578803,1.6038836892828885,Increase
BM_vs_AM,Alpha,9,AF8,RP,Alpha Relative Power,RAW_AF8_RP_Alpha,0.1236219252872899,0.128638463090113,0.005016537802823115,4.057967703677956,Increase
BM_vs_AM,Alpha,9,AF8,EN,Entropy,RAW_AF8_EN,5.406447959543798,5.412726130565561,0.006278171021762979,0.11612376681958737,Increase
BM_vs_AM,Alpha,9,AF8,HJ,Hjorth Activity,RAW_AF8_HJ_Activity,1826589.940826012,1848291.366862162,21701.426036149962,1.1880841753861977,Increase
BM_vs_AM,Alpha,9,AF8,HJ,Hjorth Complexity,RAW_AF8_HJ_Complexity,1.324043389172687,1.316200142069066,-0.007843247103620943,-0.5923708518737972,Decrease
BM_vs_AM,Alpha,9,AF8,HJ,Hjorth Mobility,RAW_AF8_HJ_Mobility,0.6629234105865915,0.6712393098020062,0.008315899215414646,1.2544283521464834,Increase
BM_vs_AM,Alpha,9,TP10,BP,Alpha Band Power,RAW_TP10_BP_Alpha,232575.41079141625,204402.51076091305,-28172.900030503195,-12.11344739094963,Decrease
BM_vs_AM,Alpha,9,TP10,RP,Alpha Relative Power,RAW_TP10_RP_Alpha,0.1275973101768971,0.1259702202331849,-0.00162708994371219,-1.2751757395641343,Decrease
BM_vs_AM,Alpha,9,TP10,EN,Entropy,RAW_TP10_EN,5.4119023201135015,5.419470370905742,0.007568050792240655,0.1398408608395196,Increase
BM_vs_AM,Alpha,9,TP10,HJ,Hjorth Activity,RAW_TP10_HJ_Activity,1861436.21911556,1635410.8538880153,-226025.36522754468,-12.142525374032855,Decrease
BM_vs_AM,Alpha,9,TP10,HJ,Hjorth Complexity,RAW_TP10_HJ_Complexity,1.3269701627334682,1.3166768991795372,-0.010293263553931009,-0.7756966842967733,Decrease
BM_vs_AM,Alpha,9,TP10,HJ,Hjorth Mobility,RAW_TP10_HJ_Mobility,0.6641143006386655,0.6686858487593204,0.004571548120654856,0.6883676674720736,Increase
BM_vs_AM,Alpha,9,TP9,BP,Alpha Band Power,RAW_TP9_BP_Alpha,253442.2992596204,240986.5730917205,-12455.726167899906,-4.914620094706665,Decrease
BM_vs_AM,Alpha,9,TP9,RP,Alpha Relative Power,RAW_TP9_RP_Alpha,0.1253344510039027,0.1280867372163209,0.0027522862124182146,2.195953459222886,Increase
BM_vs_AM,Alpha,9,TP9,EN,Entropy,RAW_TP9_EN,5.409255838949408,5.406330828189635,-0.002925010759772917,-0.05407418038376636,Decrease
BM_vs_AM,Alpha,9,TP9,HJ,Hjorth Activity,RAW_TP9_HJ_Activity,2041179.4184573288,1891114.7098915416,-150064.70856578718,-7.3518627127448815,Decrease
BM_vs_AM,Alpha,9,TP9,HJ,Hjorth Complexity,RAW_TP9_HJ_Complexity,1.331266639975233,1.319541123331038,-0.011725516644195189,-0.88077897335528,Decrease
BM_vs_AM,Alpha,9,TP9,HJ,Hjorth Mobility,RAW_TP9_HJ_Mobility,0.6615684200920107,0.6688097980310584,0.007241377939047777,1.0945773285309854,Increase
BM_vs_AM,Alpha,14,AF7,BP,Alpha Band Power,RAW_AF7_BP_Alpha,207661.37284077995,233542.87844208995,25881.505601309997,12.463322016634313,Increase
BM_vs_AM,Alpha,14,AF7,RP,Alpha Relative Power,RAW_AF7_RP_Alpha,0.1217483831842564,0.127726710856283,0.0059783276720266065,4.910395945857357,Increase
BM_vs_AM,Alpha,14,AF7,EN,Entropy,RAW_AF7_EN,5.40315818639488,5.40129697686773,-0.0018612095271501872,-0.03444669696764943,Decrease
BM_vs_AM,Alpha,14,AF7,HJ,Hjorth Activity,RAW_AF7_HJ_Activity,1686348.464558775,1816033.7636524776,129685.29909370258,7.6903025572258645,Increase
BM_vs_AM,Alpha,14,AF7,HJ,Hjorth Complexity,RAW_AF7_HJ_Complexity,1.3053564556110555,1.3204936138727832,0.015137158261727679,1.1596187536868439,Increase
BM_vs_AM,Alpha,14,AF7,HJ,Hjorth Mobility,RAW_AF7_HJ_Mobility,0.6762848422076903,0.6671212777663174,-0.009163564441372896,-1.3549859274472282,Decrease
BM_vs_AM,Alpha,14,AF8,BP,Alpha Band Power,RAW_AF8_BP_Alpha,213173.01000201685,204092.69430244155,-9080.315699575294,-4.259599139445179,Decrease
BM_vs_AM,Alpha,14,AF8,RP,Alpha Relative Power,RAW_AF8_RP_Alpha,0.1295239679905151,0.1216682358427926,-0.007855732147722505,-6.065079899573314,Decrease
BM_vs_AM,Alpha,14,AF8,EN,Entropy,RAW_AF8_EN,5.40384612450848,5.406984501182908,0.0031383766744284003,0.05807672169262331,Increase
BM_vs_AM,Alpha,14,AF8,HJ,Hjorth Activity,RAW_AF8_HJ_Activity,1688170.49680016,1719473.0254191062,31302.528618946206,1.854227915857938,Increase
BM_vs_AM,Alpha,14,AF8,HJ,Hjorth Complexity,RAW_AF8_HJ_Complexity,1.306909318577823,1.3070139609347815,0.00010464235695839541,0.008006856747510767,Increase
BM_vs_AM,Alpha,14,AF8,HJ,Hjorth Mobility,RAW_AF8_HJ_Mobility,0.6739784880999744,0.674422813131218,0.00044432503124358647,0.06592569927508986,Increase
BM_vs_AM,Alpha,14,TP10,BP,Alpha Band Power,RAW_TP10_BP_Alpha,197979.37133156887,203467.5647955648,5488.193463995936,2.7721036929673364,Increase
BM_vs_AM,Alpha,14,TP10,RP,Alpha Relative Power,RAW_TP10_RP_Alpha,0.1204591281830217,0.1271969087116555,0.006737780528633816,5.593416314948462,Increase
BM_vs_AM,Alpha,14,TP10,EN,Entropy,RAW_TP10_EN,5.406976007273439,5.412814823598669,0.005838816325230312,0.1079867252485671,Increase
BM_vs_AM,Alpha,14,TP10,HJ,Hjorth Activity,RAW_TP10_HJ_Activity,1684850.0866002033,1633806.8923587166,-51043.19424148672,-3.0295392241386234,Decrease
BM_vs_AM,Alpha,14,TP10,HJ,Hjorth Complexity,RAW_TP10_HJ_Complexity,1.313166402444537,1.3214704602933949,0.008304057848857793,0.6323690457964274,Increase
BM_vs_AM,Alpha,14,TP10,HJ,Hjorth Mobility,RAW_TP10_HJ_Mobility,0.6714866688656764,0.6667420505049632,-0.004744618360713271,-0.7065841483834998,Decrease
BM_vs_AM,Alpha,14,TP9,BP,Alpha Band Power,RAW_TP9_BP_Alpha,220904.48246977868,219095.2671907413,-1809.2152790373948,-0.8190034257385015,Decrease
BM_vs_AM,Alpha,14,TP9,RP,Alpha Relative Power,RAW_TP9_RP_Alpha,0.1271816658884015,0.125101621245473,-0.0020800446429284913,-1.635490955711867,Decrease
BM_vs_AM,Alpha,14,TP9,EN,Entropy,RAW_TP9_EN,5.411176905597834,5.407756398628779,-0.0034205069690553813,-0.06321188585641849,Decrease
BM_vs_AM,Alpha,14,TP9,HJ,Hjorth Activity,RAW_TP9_HJ_Activity,1746702.4014409804,1771735.7671633249,25033.36572234449,1.4331786400300741,Increase
BM_vs_AM,Alpha,14,TP9,HJ,Hjorth Complexity,RAW_TP9_HJ_Complexity,1.316867659513274,1.326020905009578,0.009153245496303919,0.6950770967894404,Increase
BM_vs_AM,Alpha,14,TP9,HJ,Hjorth Mobility,RAW_TP9_HJ_Mobility,0.6719638986898715,0.6649055392782364,-0.007058359411635129,-1.0504075331125402,Decrease
BM_vs_AM,Alpha,16,AF7,BP,Alpha Band Power,RAW_AF7_BP_Alpha,305692.2094354618,8.386379515205526,-305683.82305594656,-99.99725659364015,Decrease
BM_vs_AM,Alpha,16,AF7,RP,Alpha Relative Power,RAW_AF7_RP_Alpha,0.1309755615594333,0.0966129472880636,-0.03436261427136969,-26.23589764551369,Decrease
BM_vs_AM,Alpha,16,AF7,EN,Entropy,RAW_AF7_EN,5.402070317896118,4.4312525835332455,-0.9708177343628721,-17.97121616774817,Decrease
BM_vs_AM,Alpha,16,AF7,HJ,Hjorth Activity,RAW_AF7_HJ_Activity,2379041.7577626063,102.7606220308099,-2378938.9971405757,-99.9956805877116,Decrease
BM_vs_AM,Alpha,16,AF7,HJ,Hjorth Complexity,RAW_AF7_HJ_Complexity,1.3360557704385116,2.0835315943781207,0.7474758239396091,55.946453769237294,Increase
BM_vs_AM,Alpha,16,AF7,HJ,Hjorth Mobility,RAW_AF7_HJ_Mobility,0.6578850144052335,0.389028320236409,-0.2688566941688245,-40.866821447800675,Decrease
BM_vs_AM,Alpha,16,AF8,BP,Alpha Band Power,RAW_AF8_BP_Alpha,238083.26808562395,9.107117232608104,-238074.16096839134,-99.99617481845497,Decrease
BM_vs_AM,Alpha,16,AF8,RP,Alpha Relative Power,RAW_AF8_RP_Alpha,0.1264812690466571,0.0940398960064989,-0.032441373040158206,-25.64915207183054,Decrease
BM_vs_AM,Alpha,16,AF8,EN,Entropy,RAW_AF8_EN,5.408314088127401,4.362767535500927,-1.0455465526264742,-19.3322084403661,Decrease
BM_vs_AM,Alpha,16,AF8,HJ,Hjorth Activity,RAW_AF8_HJ_Activity,1878405.1254117736,136.18334934314163,-1878268.9420624303,-99.99275005442112,Decrease
BM_vs_AM,Alpha,16,AF8,HJ,Hjorth Complexity,RAW_AF8_HJ_Complexity,1.3330563106297073,2.3893372895134863,1.056280978883779,79.23753636369753,Increase
BM_vs_AM,Alpha,16,AF8,HJ,Hjorth Mobility,RAW_AF8_HJ_Mobility,0.6605259110770727,0.3508458880313443,-0.3096800230457284,-46.88385691649176,Decrease
BM_vs_AM,Alpha,16,TP10,BP,Alpha Band Power,RAW_TP10_BP_Alpha,239557.23667820587,44.60856202240407,-239512.62811618345,-99.98137874578912,Decrease
BM_vs_AM,Alpha,16,TP10,RP,Alpha Relative Power,RAW_TP10_RP_Alpha,0.127025763912308,0.1061786100159575,-0.020847153896350487,-16.411752430587452,Decrease
BM_vs_AM,Alpha,16,TP10,EN,Entropy,RAW_TP10_EN,5.397372625723833,3.949592578116003,-1.4477800476078295,-26.823792759975877,Decrease
BM_vs_AM,Alpha,16,TP10,HJ,Hjorth Activity,RAW_TP10_HJ_Activity,1923335.216230571,645.3773999213183,-1922689.8388306496,-99.96644488207384,Decrease
BM_vs_AM,Alpha,16,TP10,HJ,Hjorth Complexity,RAW_TP10_HJ_Complexity,1.3431631809943758,2.720343106066736,1.3771799250723602,102.53258461513224,Increase
BM_vs_AM,Alpha,16,TP10,HJ,Hjorth Mobility,RAW_TP10_HJ_Mobility,0.6506046515989521,0.267414461662643,-0.3831901899363091,-58.89754845658811,Decrease
BM_vs_AM,Alpha,16,TP9,BP,Alpha Band Power,RAW_TP9_BP_Alpha,245935.9903598128,41.397020786340846,-245894.59333902647,-99.98316756293954,Decrease
BM_vs_AM,Alpha,16,TP9,RP,Alpha Relative Power,RAW_TP9_RP_Alpha,0.1239940271957309,0.103020308995548,-0.0209737182001829,-16.915103634044257,Decrease
BM_vs_AM,Alpha,16,TP9,EN,Entropy,RAW_TP9_EN,5.398197835951342,3.958633446904072,-1.4395643890472698,-26.667499650715758,Decrease
BM_vs_AM,Alpha,16,TP9,HJ,Hjorth Activity,RAW_TP9_HJ_Activity,1968794.9712661651,635.3676653222409,-1968159.6036008429,-99.9677280938546,Decrease
BM_vs_AM,Alpha,16,TP9,HJ,Hjorth Complexity,RAW_TP9_HJ_Complexity,1.337019580590384,2.849850658599023,1.512831078008639,113.14950805287552,Increase
BM_vs_AM,Alpha,16,TP9,HJ,Hjorth Mobility,RAW_TP9_HJ_Mobility,0.6514694220485564,0.2660036317375188,-0.3854657903110376,-59.16866966663363,Decrease
BM_vs_AM,Alpha,22,AF7,BP,Alpha Band Power,RAW_AF7_BP_Alpha,216148.16469230317,228220.06088732893,12071.896195025765,5.585009806680831,Increase
BM_vs_AM,Alpha,22,AF7,RP,Alpha Relative Power,RAW_AF7_RP_Alpha,0.1236788614959214,0.1308449543437866,0.007166092847865194,5.794112883309095,Increase
BM_vs_AM,Alpha,22,AF7,EN,Entropy,RAW_AF7_EN,5.3999669297383335,5.410265348820354,0.010298419082020338,0.1907126324293873,Increase
BM_vs_AM,Alpha,22,AF7,HJ,Hjorth Activity,RAW_AF7_HJ_Activity,1809223.9113600615,1763575.2983294628,-45648.61303059873,-2.5231046717862005,Decrease
BM_vs_AM,Alpha,22,AF7,HJ,Hjorth Complexity,RAW_AF7_HJ_Complexity,1.326075063429449,1.3265873760967986,0.0005123126673496348,0.03863376074840814,Increase
BM_vs_AM,Alpha,22,AF7,HJ,Hjorth Mobility,RAW_AF7_HJ_Mobility,0.6660411735264513,0.6610808893059034,-0.00496028422054795,-0.7447413790179078,Decrease
BM_vs_AM,Alpha,22,AF8,BP,Alpha Band Power,RAW_AF8_BP_Alpha,227614.3024994709,242606.94774999423,14992.645250523317,6.586864307684781,Increase
BM_vs_AM,Alpha,22,AF8,RP,Alpha Relative Power,RAW_AF8_RP_Alpha,0.1209309253517339,0.1283479998002106,0.00741707444847671,6.133314887737576,Increase
BM_vs_AM,Alpha,22,AF8,EN,Entropy,RAW_AF8_EN,5.408962706081951,5.412780899686869,0.0038181936049177523,0.07059012628474023,Increase
BM_vs_AM,Alpha,22,AF8,HJ,Hjorth Activity,RAW_AF8_HJ_Activity,1886432.9714373616,1892275.5815501483,5842.610112786759,0.3097173449176411,Increase
BM_vs_AM,Alpha,22,AF8,HJ,Hjorth Complexity,RAW_AF8_HJ_Complexity,1.3275641658781157,1.3325206171004091,0.00495645122229349,0.37334927754810643,Increase
BM_vs_AM,Alpha,22,AF8,HJ,Hjorth Mobility,RAW_AF8_HJ_Mobility,0.6677402571944184,0.6601841379569224,-0.007556119237495995,-1.1315955801802084,Decrease
BM_vs_AM,Alpha,22,TP10,BP,Alpha Band Power,RAW_TP10_BP_Alpha,206853.94669422152,204062.7884037712,-2791.1582904503157,-1.3493377018212274,Decrease
BM_vs_AM,Alpha,22,TP10,RP,Alpha Relative Power,RAW_TP10_RP_Alpha,0.1266135613074512,0.1235185188421807,-0.003095042465270495,-2.4444794327796484,Decrease
BM_vs_AM,Alpha,22,TP10,EN,Entropy,RAW_TP10_EN,5.39939711322495,5.405810393447843,0.006413280222893114,0.11877770959251768,Increase
BM_vs_AM,Alpha,22,TP10,HJ,Hjorth Activity,RAW_TP10_HJ_Activity,1672949.3427346323,1665972.8137696348,-6976.528964997502,-0.41701973794338243,Decrease
BM_vs_AM,Alpha,22,TP10,HJ,Hjorth Complexity,RAW_TP10_HJ_Complexity,1.3203020254074849,1.3181902847580405,-0.0021117406494444158,-0.1599437559593737,Decrease
BM_vs_AM,Alpha,22,TP10,HJ,Hjorth Mobility,RAW_TP10_HJ_Mobility,0.6632898243595722,0.6685488239200965,0.005258999560524336,0.7928660093047666,Increase
BM_vs_AM,Alpha,22,TP9,BP,Alpha Band Power,RAW_TP9_BP_Alpha,212191.827368974,207896.51292673475,-4295.314442239236,-2.0242600742441614,Decrease
BM_vs_AM,Alpha,22,TP9,RP,Alpha Relative Power,RAW_TP9_RP_Alpha,0.1241656749726125,0.1244799452493405,0.000314270276728007,0.2531056000761292,Increase
BM_vs_AM,Alpha,22,TP9,EN,Entropy,RAW_TP9_EN,5.407884282592889,5.4031038640667886,-0.0047804185261002274,-0.08839720445734438,Decrease
BM_vs_AM,Alpha,22,TP9,HJ,Hjorth Activity,RAW_TP9_HJ_Activity,1742170.3977314562,1666457.169488463,-75713.22824299312,-4.345914058784496,Decrease
BM_vs_AM,Alpha,22,TP9,HJ,Hjorth Complexity,RAW_TP9_HJ_Complexity,1.323222577880914,1.3199797782340854,-0.003242799646828498,-0.24506834307662034,Decrease
BM_vs_AM,Alpha,22,TP9,HJ,Hjorth Mobility,RAW_TP9_HJ_Mobility,0.6626358293389265,0.6669853576191667,0.004349528280240156,0.6563979923300297,Increase
BM_vs_AM,Alpha,25,AF7,BP,Alpha Band Power,RAW_AF7_BP_Alpha,193388.94810003455,179233.69528864892,-14155.252811385639,-7.3195769202196255,Decrease
BM_vs_AM,Alpha,25,AF7,RP,Alpha Relative Power,RAW_AF7_RP_Alpha,0.1308983077197202,0.1231400875082798,-0.007758220211440389,-5.926906425751746,Decrease
BM_vs_AM,Alpha,25,AF7,EN,Entropy,RAW_AF7_EN,5.415429421852697,5.413381235132019,-0.002048186720678302,-0.037821316854639894,Decrease
BM_vs_AM,Alpha,25,AF7,HJ,Hjorth Activity,RAW_AF7_HJ_Activity,1484059.0017824084,1477255.0432589552,-6803.958523453213,-0.4584695430088301,Decrease
BM_vs_AM,Alpha,25,AF7,HJ,Hjorth Complexity,RAW_AF7_HJ_Complexity,1.3088610065368882,1.3114613194397269,0.002600312902838686,0.19866990382109762,Increase
BM_vs_AM,Alpha,25,AF7,HJ,Hjorth Mobility,RAW_AF7_HJ_Mobility,0.6770029380231217,0.6707176409251387,-0.006285297097982978,-0.9284002690352159,Decrease
BM_vs_AM,Alpha,25,AF8,BP,Alpha Band Power,RAW_AF8_BP_Alpha,237101.78091236905,252710.8353899378,15609.054477568745,6.58327171457971,Increase
BM_vs_AM,Alpha,25,AF8,RP,Alpha Relative Power,RAW_AF8_RP_Alpha,0.1223467174178792,0.1253362734267866,0.002989556008907407,2.443511417389713,Increase
BM_vs_AM,Alpha,25,AF8,EN,Entropy,RAW_AF8_EN,5.407930987749288,5.407180063423031,-0.0007509243262573406,-0.01388561222320379,Decrease
BM_vs_AM,Alpha,25,AF8,HJ,Hjorth Activity,RAW_AF8_HJ_Activity,1952357.91743515,2062900.39555889,110542.47812374006,5.661998608787974,Increase
BM_vs_AM,Alpha,25,AF8,HJ,Hjorth Complexity,RAW_AF8_HJ_Complexity,1.3129458453878795,1.3106003988379191,-0.002345446549960384,-0.1786400069888241,Decrease
BM_vs_AM,Alpha,25,AF8,HJ,Hjorth Mobility,RAW_AF8_HJ_Mobility,0.6709767282236022,0.6758379238797583,0.004861195656156059,0.7244954186452903,Increase
BM_vs_AM,Alpha,25,TP10,BP,Alpha Band Power,RAW_TP10_BP_Alpha,198250.76298005512,193273.33118071855,-4977.431799336569,-2.510674725543084,Decrease
BM_vs_AM,Alpha,25,TP10,RP,Alpha Relative Power,RAW_TP10_RP_Alpha,0.1203405245933842,0.1178052542270345,-0.002535270366349693,-2.106746978971597,Decrease
BM_vs_AM,Alpha,25,TP10,EN,Entropy,RAW_TP10_EN,5.440273965338736,5.4387921960721695,-0.0014817692665669568,-0.02723703394365168,Decrease
BM_vs_AM,Alpha,25,TP10,HJ,Hjorth Activity,RAW_TP10_HJ_Activity,1670650.497852893,1644977.6348813167,-25672.862971576396,-1.53669860958776,Decrease
BM_vs_AM,Alpha,25,TP10,HJ,Hjorth Complexity,RAW_TP10_HJ_Complexity,1.3002322392547545,1.3106920973986975,0.010459858143943013,0.8044607592516103,Increase
BM_vs_AM,Alpha,25,TP10,HJ,Hjorth Mobility,RAW_TP10_HJ_Mobility,0.6866985405595366,0.6822776144782761,-0.0044209260812605455,-0.6437943027603177,Decrease
BM_vs_AM,Alpha,25,TP9,BP,Alpha Band Power,RAW_TP9_BP_Alpha,238079.4952542444,220355.84210793636,-17723.653146308032,-7.444426546427694,Decrease
BM_vs_AM,Alpha,25,TP9,RP,Alpha Relative Power,RAW_TP9_RP_Alpha,0.1207875815929808,0.1229789419948882,0.0021913604019073996,1.8142265728041895,Increase
BM_vs_AM,Alpha,25,TP9,EN,Entropy,RAW_TP9_EN,5.406350708979541,5.408935816814192,0.002585107834651268,0.04781613280021955,Increase
BM_vs_AM,Alpha,25,TP9,HJ,Hjorth Activity,RAW_TP9_HJ_Activity,2010030.733685152,1806364.9059917247,-203665.8276934272,-10.132473313979144,Decrease
BM_vs_AM,Alpha,25,TP9,HJ,Hjorth Complexity,RAW_TP9_HJ_Complexity,1.3083267378551298,1.3063837046124418,-0.0019430332426879637,-0.14851284365504686,Decrease
BM_vs_AM,Alpha,25,TP9,HJ,Hjorth Mobility,RAW_TP9_HJ_Mobility,0.6748630736731025,0.6758929401704249,0.0010298664973223959,0.15260377067559838,Increase
BM_vs_AM,Alpha,26,AF7,BP,Alpha Band Power,RAW_AF7_BP_Alpha,198848.46174652723,189947.1319359052,-8901.329810622032,-4.476438858233958,Decrease
BM_vs_AM,Alpha,26,AF7,RP,Alpha Relative Power,RAW_AF7_RP_Alpha,0.1281697673417512,0.1225591840574695,-0.005610583284281698,-4.377462330349456,Decrease
BM_vs_AM,Alpha,26,AF7,EN,Entropy,RAW_AF7_EN,5.4135582203141945,5.405899005828222,-0.007659214485972399,-0.14148207471439864,Decrease
BM_vs_AM,Alpha,26,AF7,HJ,Hjorth Activity,RAW_AF7_HJ_Activity,1552676.0061069322,1572893.4847092158,20217.478602283634,1.3021054310599853,Increase
BM_vs_AM,Alpha,26,AF7,HJ,Hjorth Complexity,RAW_AF7_HJ_Complexity,1.3127460604373775,1.2999162288267376,-0.012829831610639886,-0.9773277557096819,Decrease
BM_vs_AM,Alpha,26,AF7,HJ,Hjorth Mobility,RAW_AF7_HJ_Mobility,0.6721772994014085,0.6772199800420857,0.005042680640677255,0.7502009730420671,Increase
BM_vs_AM,Alpha,26,AF8,BP,Alpha Band Power,RAW_AF8_BP_Alpha,192588.08356782343,195781.72883938567,3193.6452715622436,1.6582777150059458,Increase
BM_vs_AM,Alpha,26,AF8,RP,Alpha Relative Power,RAW_AF8_RP_Alpha,0.1211493450549082,0.1269654888540604,0.005816143799152199,4.800804987031637,Increase
BM_vs_AM,Alpha,26,AF8,EN,Entropy,RAW_AF8_EN,5.410509100110826,5.406131679445073,-0.0043774206657527515,-0.08090589230619881,Decrease
BM_vs_AM,Alpha,26,AF8,HJ,Hjorth Activity,RAW_AF8_HJ_Activity,1605178.1051987358,1575827.5784224286,-29350.526776307262,-1.8284903513976971,Decrease
BM_vs_AM,Alpha,26,AF8,HJ,Hjorth Complexity,RAW_AF8_HJ_Complexity,1.3201478228924546,1.3076311114504846,-0.012516711441969974,-0.9481295370806095,Decrease
BM_vs_AM,Alpha,26,AF8,HJ,Hjorth Mobility,RAW_AF8_HJ_Mobility,0.6709834354429853,0.6741127523912507,0.0031293169482653482,0.4663776753593572,Increase
BM_vs_AM,Alpha,26,TP10,BP,Alpha Band Power,RAW_TP10_BP_Alpha,201149.0163892359,190775.0152355057,-10374.001153730205,-5.157371057512837,Decrease
BM_vs_AM,Alpha,26,TP10,RP,Alpha Relative Power,RAW_TP10_RP_Alpha,0.1226889976985565,0.1233155289264391,0.0006265312278826013,0.5106661881955963,Increase
BM_vs_AM,Alpha,26,TP10,EN,Entropy,RAW_TP10_EN,5.423909464689805,5.41901493049396,-0.004894534195845068,-0.09023996856343156,Decrease
BM_vs_AM,Alpha,26,TP10,HJ,Hjorth Activity,RAW_TP10_HJ_Activity,1694191.028761426,1592292.9860760474,-101898.04268537858,-6.014554495656448,Decrease
BM_vs_AM,Alpha,26,TP10,HJ,Hjorth Complexity,RAW_TP10_HJ_Complexity,1.3201275847194092,1.3147859587788524,-0.00534162594055676,-0.4046295223572738,Decrease
BM_vs_AM,Alpha,26,TP10,HJ,Hjorth Mobility,RAW_TP10_HJ_Mobility,0.6728241893619258,0.6724499671337985,-0.00037422222812732997,-0.05561961565059431,Decrease
BM_vs_AM,Alpha,26,TP9,BP,Alpha Band Power,RAW_TP9_BP_Alpha,203421.18266405948,202062.22091539367,-1358.9617486658099,-0.6680532139615328,Decrease
BM_vs_AM,Alpha,26,TP9,RP,Alpha Relative Power,RAW_TP9_RP_Alpha,0.1250886041679675,0.1242255045574821,-0.0008630996104853905,-0.689990600044134,Decrease
BM_vs_AM,Alpha,26,TP9,EN,Entropy,RAW_TP9_EN,5.408347643764636,5.4139605485781965,0.005612904813560249,0.1037822489098209,Increase
BM_vs_AM,Alpha,26,TP9,HJ,Hjorth Activity,RAW_TP9_HJ_Activity,1632034.4545088462,1598799.7531702686,-33234.70133857755,-2.036397040930082,Decrease
BM_vs_AM,Alpha,26,TP9,HJ,Hjorth Complexity,RAW_TP9_HJ_Complexity,1.3159993381230026,1.31561582447026,-0.0003835136527425842,-0.029142389485513422,Decrease
BM_vs_AM,Alpha,26,TP9,HJ,Hjorth Mobility,RAW_TP9_HJ_Mobility,0.6726939478745825,0.6694261140735562,-0.003267833801026243,-0.48578314274287193,Decrease
BM_vs_AM,Alpha,27,AF7,BP,Alpha Band Power,RAW_AF7_BP_Alpha,202717.4245076827,247702.61624289444,44985.19173521173,22.191082904916666,Increase
BM_vs_AM,Alpha,27,AF7,RP,Alpha Relative Power,RAW_AF7_RP_Alpha,0.1087407238759901,0.1122302944902472,0.003489570614257101,3.2090742914647787,Increase
BM_vs_AM,Alpha,27,AF7,EN,Entropy,RAW_AF7_EN,5.4020556376483615,5.390819046212618,-0.011236591435743293,-0.20800584424626248,Decrease
BM_vs_AM,Alpha,27,AF7,HJ,Hjorth Activity,RAW_AF7_HJ_Activity,1836532.0425238707,2245317.103104705,408785.0605808343,22.258531357778967,Increase
BM_vs_AM,Alpha,27,AF7,HJ,Hjorth Complexity,RAW_AF7_HJ_Complexity,1.3110600158529195,1.3277969230501554,0.016736907197235862,1.2765935193552178,Increase
BM_vs_AM,Alpha,27,AF7,HJ,Hjorth Mobility,RAW_AF7_HJ_Mobility,0.6952448130795837,0.6718662036934356,-0.023378609386148108,-3.3626442004784853,Decrease
BM_vs_AM,Alpha,27,AF8,BP,Alpha Band Power,RAW_AF8_BP_Alpha,228616.21326073736,229398.29212617216,782.0788654347998,0.34209247641716334,Increase
BM_vs_AM,Alpha,27,AF8,RP,Alpha Relative Power,RAW_AF8_RP_Alpha,0.1219093648437275,0.1226881613653728,0.0007787965216453085,0.6388324003193913,Increase
BM_vs_AM,Alpha,27,AF8,EN,Entropy,RAW_AF8_EN,5.41088148060533,5.414411312721377,0.0035298321160475155,0.06523580545424594,Increase
BM_vs_AM,Alpha,27,AF8,HJ,Hjorth Activity,RAW_AF8_HJ_Activity,1870098.5633645216,1863800.4609110272,-6298.1024534944445,-0.3367791717974178,Decrease
BM_vs_AM,Alpha,27,AF8,HJ,Hjorth Complexity,RAW_AF8_HJ_Complexity,1.317636436588515,1.3158286613846988,-0.001807775203816142,-0.13719833131638667,Decrease
BM_vs_AM,Alpha,27,AF8,HJ,Hjorth Mobility,RAW_AF8_HJ_Mobility,0.6712848778739595,0.676379930061278,0.005095052187318427,0.7589999946751481,Increase
BM_vs_AM,Alpha,27,TP10,BP,Alpha Band Power,RAW_TP10_BP_Alpha,158384.11970952613,154295.18029948513,-4088.939410040999,-2.5816599653677694,Decrease
BM_vs_AM,Alpha,27,TP10,RP,Alpha Relative Power,RAW_TP10_RP_Alpha,0.0979533922330354,0.0909864543263361,-0.0069669379066992915,-7.112502944384653,Decrease
BM_vs_AM,Alpha,27,TP10,EN,Entropy,RAW_TP10_EN,5.098271443078774,5.072002194103545,-0.026269248975228976,-0.5152579510235993,Decrease
BM_vs_AM,Alpha,27,TP10,HJ,Hjorth Activity,RAW_TP10_HJ_Activity,1657639.1886799326,1664944.2290528724,7305.04037293978,0.4406894107491014,Increase
BM_vs_AM,Alpha,27,TP10,HJ,Hjorth Complexity,RAW_TP10_HJ_Complexity,1.2202858636476703,1.21946214221905,-0.0008237214286204164,-0.06750233311382907,Decrease
BM_vs_AM,Alpha,27,TP10,HJ,Hjorth Mobility,RAW_TP10_HJ_Mobility,0.7798253078247976,0.7762271010509723,-0.0035982067738253853,-0.46141190055270553,Decrease
BM_vs_AM,Alpha,27,TP9,BP,Alpha Band Power,RAW_TP9_BP_Alpha,146292.97000035463,107158.8869669378,-39134.08303341683,-26.750487759816455,Decrease
BM_vs_AM,Alpha,27,TP9,RP,Alpha Relative Power,RAW_TP9_RP_Alpha,0.1019968725258198,0.0773600848238036,-0.024636787702016202,-24.15445404542141,Decrease
BM_vs_AM,Alpha,27,TP9,EN,Entropy,RAW_TP9_EN,5.1805792517206815,4.774775924523766,-0.4058033271969155,-7.833165124578138,Decrease
BM_vs_AM,Alpha,27,TP9,HJ,Hjorth Activity,RAW_TP9_HJ_Activity,1456025.4466917105,1369036.749940462,-86988.69675124856,-5.97439398802396,Decrease
BM_vs_AM,Alpha,27,TP9,HJ,Hjorth Complexity,RAW_TP9_HJ_Complexity,1.2807848600980374,1.1739775687771157,-0.1068072913209217,-8.339206267065506,Decrease
BM_vs_AM,Alpha,27,TP9,HJ,Hjorth Mobility,RAW_TP9_HJ_Mobility,0.7357754768740103,0.8068481713635266,0.07107269448951625,9.659562831785749,Increase
BM_vs_AM,Alpha,28,AF7,BP,Alpha Band Power,RAW_AF7_BP_Alpha,283929.5287333238,266793.3771068464,-17136.151626477367,-6.035353808716465,Decrease
BM_vs_AM,Alpha,28,AF7,RP,Alpha Relative Power,RAW_AF7_RP_Alpha,0.1179989448017876,0.1116059381381645,-0.0063930066636231075,-5.417850705666868,Decrease
BM_vs_AM,Alpha,28,AF7,EN,Entropy,RAW_AF7_EN,5.393222927887965,5.41724743215844,0.024024504270474978,0.4454572820686867,Increase
BM_vs_AM,Alpha,28,AF7,HJ,Hjorth Activity,RAW_AF7_HJ_Activity,2417152.23718791,2376004.4661645675,-41147.771023342386,-1.7023243464058053,Decrease
BM_vs_AM,Alpha,28,AF7,HJ,Hjorth Complexity,RAW_AF7_HJ_Complexity,1.310449788104092,1.3177826513614517,0.007332863257359712,0.5595684263468511,Increase
BM_vs_AM,Alpha,28,AF7,HJ,Hjorth Mobility,RAW_AF7_HJ_Mobility,0.689955448180452,0.6941815291471891,0.004226080966737156,0.6125150512083297,Increase
BM_vs_AM,Alpha,28,AF8,BP,Alpha Band Power,RAW_AF8_BP_Alpha,263424.2152050794,289628.5667249539,26204.35151987447,9.947586443210628,Increase
BM_vs_AM,Alpha,28,AF8,RP,Alpha Relative Power,RAW_AF8_RP_Alpha,0.1291224514708279,0.1291890382417417,6.658677091378462e-05,0.05156870099297045,Increase
BM_vs_AM,Alpha,28,AF8,EN,Entropy,RAW_AF8_EN,5.405093223255858,5.405747979805701,0.0006547565498431496,0.012113695782822129,Increase
BM_vs_AM,Alpha,28,AF8,HJ,Hjorth Activity,RAW_AF8_HJ_Activity,2088965.51203854,2265306.333873729,176340.82183518913,8.441538207258624,Increase
BM_vs_AM,Alpha,28,AF8,HJ,Hjorth Complexity,RAW_AF8_HJ_Complexity,1.3329367008962074,1.3260234998890463,-0.006913201007161085,-0.5186443589191412,Decrease
BM_vs_AM,Alpha,28,AF8,HJ,Hjorth Mobility,RAW_AF8_HJ_Mobility,0.6566525245188755,0.6659716567776843,0.009319132258808871,1.419187760777579,Increase
BM_vs_AM,Alpha,28,TP10,BP,Alpha Band Power,RAW_TP10_BP_Alpha,186879.9420046637,166089.23978796945,-20790.702216694248,-11.125165169505138,Decrease
BM_vs_AM,Alpha,28,TP10,RP,Alpha Relative Power,RAW_TP10_RP_Alpha,0.1010199310263544,0.0895064664603935,-0.011513464565960904,-11.397220775133212,Decrease
BM_vs_AM,Alpha,28,TP10,EN,Entropy,RAW_TP10_EN,4.927354025867812,4.904206683602423,-0.02314734226538917,-0.4697722579678538,Decrease
BM_vs_AM,Alpha,28,TP10,HJ,Hjorth Activity,RAW_TP10_HJ_Activity,1921277.084673975,1916853.6844417136,-4423.40023226128,-0.23023229015464447,Decrease
BM_vs_AM,Alpha,28,TP10,HJ,Hjorth Complexity,RAW_TP10_HJ_Complexity,1.2237695752701527,1.218310942973385,-0.005458632296767796,-0.446050662402093,Decrease
BM_vs_AM,Alpha,28,TP10,HJ,Hjorth Mobility,RAW_TP10_HJ_Mobility,0.773752368412064,0.7794494142180644,0.005697045806000389,0.7362879958212175,Increase
BM_vs_AM,Alpha,28,TP9,BP,Alpha Band Power,RAW_TP9_BP_Alpha,231470.1390004976,168057.74057727592,-63412.39842322169,-27.395498485048808,Decrease
BM_vs_AM,Alpha,28,TP9,RP,Alpha Relative Power,RAW_TP9_RP_Alpha,0.1029837223266417,0.0787034464918758,-0.0242802758347659,-23.576809311430992,Decrease
BM_vs_AM,Alpha,28,TP9,EN,Entropy,RAW_TP9_EN,4.807003126042359,4.903531451616752,0.09652832557439339,2.008077029354168,Increase
BM_vs_AM,Alpha,28,TP9,HJ,Hjorth Activity,RAW_TP9_HJ_Activity,2279346.07881436,2199199.775219622,-80146.30359473778,-3.516197226023142,Decrease
BM_vs_AM,Alpha,28,TP9,HJ,Hjorth Complexity,RAW_TP9_HJ_Complexity,1.1904743891428882,1.193102357559754,0.0026279684168657447,0.2207496810374742,Increase
BM_vs_AM,Alpha,28,TP9,HJ,Hjorth Mobility,RAW_TP9_HJ_Mobility,0.7913170447646674,0.785834641792345,-0.005482402972322387,-0.6928200281535473,Decrease
BM_vs_AM,Theta,1,AF7,EN,Entropy,RAW_AF7_EN,5.398823274736937,5.404383351005981,0.005560076269043535,0.10298681742484808,Increase
BM_vs_AM,Theta,1,AF7,HJ,Hjorth Activity,RAW_AF7_HJ_Activity,1934633.92887233,1970968.3471209956,36334.41824866552,1.8781030202362017,Increase
BM_vs_AM,Theta,1,AF7,HJ,Hjorth Complexity,RAW_AF7_HJ_Complexity,1.3095989067572558,1.314224116836192,0.004625210078936126,0.35317760690475625,Increase
BM_vs_AM,Theta,1,AF7,HJ,Hjorth Mobility,RAW_AF7_HJ_Mobility,0.6715664342579399,0.6703054450821704,-0.0012609891757695557,-0.18776834449192054,Decrease
BM_vs_AM,Theta,1,AF7,BP,Theta Band Power,RAW_AF7_BP_Theta,200975.06152481676,197833.78000395585,-3141.28152086091,-1.5630205544049647,Decrease
BM_vs_AM,Theta,1,AF7,RP,Theta Relative Power,RAW_AF7_RP_Theta,0.1040372605250811,0.1011334706613154,-0.0029037898637657017,-2.7911056568676775,Decrease
BM_vs_AM,Theta,1,AF8,EN,Entropy,RAW_AF8_EN,5.3994892143493,5.402881421380908,0.003392207031607697,0.06282459130750383,Increase
BM_vs_AM,Theta,1,AF8,HJ,Hjorth Activity,RAW_AF8_HJ_Activity,1835735.4752389116,1788445.6634728326,-47289.81176607893,-2.576068960040357,Decrease
BM_vs_AM,Theta,1,AF8,HJ,Hjorth Complexity,RAW_AF8_HJ_Complexity,1.3185461226071875,1.3161968827800306,-0.002349239827156957,-0.17816895343120484,Decrease
BM_vs_AM,Theta,1,AF8,HJ,Hjorth Mobility,RAW_AF8_HJ_Mobility,0.6644031585916199,0.6677384148502763,0.0033352562586563828,0.5019928360554983,Increase
BM_vs_AM,Theta,1,AF8,BP,Theta Band Power,RAW_AF8_BP_Theta,194441.09490880568,183619.64886965312,-10821.446039152564,-5.565410976639431,Decrease
BM_vs_AM,Theta,1,AF8,RP,Theta Relative Power,RAW_AF8_RP_Theta,0.105688945102825,0.1046924995249313,-0.0009964455778937037,-0.9428096542398636,Decrease
BM_vs_AM,Theta,1,TP10,EN,Entropy,RAW_TP10_EN,5.408108394127641,5.408561229863231,0.00045283573559018464,0.008373274028344058,Increase
BM_vs_AM,Theta,1,TP10,HJ,Hjorth Activity,RAW_TP10_HJ_Activity,1879626.055660184,1867390.6422872324,-12235.41337295156,-0.6509493383594375,Decrease
BM_vs_AM,Theta,1,TP10,HJ,Hjorth Complexity,RAW_TP10_HJ_Complexity,1.319975179890709,1.333830520314344,0.01385534042363501,1.0496667387929373,Increase
BM_vs_AM,Theta,1,TP10,HJ,Hjorth Mobility,RAW_TP10_HJ_Mobility,0.6698032580329659,0.6608545271229731,-0.00894873090999282,-1.3360237954459735,Decrease
BM_vs_AM,Theta,1,TP10,BP,Theta Band Power,RAW_TP10_BP_Theta,188204.95995463253,201892.50621778148,13687.54626314895,7.272680946585244,Increase
BM_vs_AM,Theta,1,TP10,RP,Theta Relative Power,RAW_TP10_RP_Theta,0.0995531977263333,0.1090177109198316,0.009464513193498308,9.50699064385232,Increase
BM_vs_AM,Theta,1,TP9,EN,Entropy,RAW_TP9_EN,5.406801637978502,5.406682929006394,-0.00011870897210819464,-0.0021955488670854515,Decrease
BM_vs_AM,Theta,1,TP9,HJ,Hjorth Activity,RAW_TP9_HJ_Activity,1835180.6561861408,1931948.3336047232,96767.67741858237,5.27292379049397,Increase
BM_vs_AM,Theta,1,TP9,HJ,Hjorth Complexity,RAW_TP9_HJ_Complexity,1.3283719488074208,1.3245169218190056,-0.003855026988415222,-0.29020689513025094,Decrease
BM_vs_AM,Theta,1,TP9,HJ,Hjorth Mobility,RAW_TP9_HJ_Mobility,0.6644285235112544,0.6670945739787575,0.0026660504675031227,0.40125466820931327,Increase
BM_vs_AM,Theta,1,TP9,BP,Theta Band Power,RAW_TP9_BP_Theta,197558.7537878638,208787.0561604791,11228.30237261529,5.683525613181436,Increase
BM_vs_AM,Theta,1,TP9,RP,Theta Relative Power,RAW_TP9_RP_Theta,0.1085157336989817,0.1100110900802453,0.0014953563812636073,1.3780088198193141,Increase
BM_vs_AM,Theta,2,AF7,EN,Entropy,RAW_AF7_EN,5.40366697281571,5.407768874571259,0.004101901755548809,0.07590959576495543,Increase
BM_vs_AM,Theta,2,AF7,HJ,Hjorth Activity,RAW_AF7_HJ_Activity,1853742.8901182425,1718909.3039102512,-134833.58620799123,-7.273586155164742,Decrease
BM_vs_AM,Theta,2,AF7,HJ,Hjorth Complexity,RAW_AF7_HJ_Complexity,1.310570790424265,1.306301859431798,-0.004268930992466835,-0.3257306681682471,Decrease
BM_vs_AM,Theta,2,AF7,HJ,Hjorth Mobility,RAW_AF7_HJ_Mobility,0.6715527722210348,0.6735278350254805,0.001975062804445704,0.29410388671519505,Increase
BM_vs_AM,Theta,2,AF7,BP,Theta Band Power,RAW_AF7_BP_Theta,186286.55748121897,166036.13170858816,-20250.425772630813,-10.870578127824611,Decrease
BM_vs_AM,Theta,2,AF7,RP,Theta Relative Power,RAW_AF7_RP_Theta,0.1052515734840739,0.0987592254713398,-0.006492348012734087,-6.168409457286141,Decrease
BM_vs_AM,Theta,2,AF8,EN,Entropy,RAW_AF8_EN,5.401343835789144,5.406345136729354,0.005001300940209674,0.0925936413651581,Increase
BM_vs_AM,Theta,2,AF8,HJ,Hjorth Activity,RAW_AF8_HJ_Activity,1754949.845759902,1719856.9906519991,-35092.85510790278,-1.9996500294689277,Decrease
BM_vs_AM,Theta,2,AF8,HJ,Hjorth Complexity,RAW_AF8_HJ_Complexity,1.3173577956294995,1.312442032141466,-0.004915763488033464,-0.37315325451765113,Decrease
BM_vs_AM,Theta,2,AF8,HJ,Hjorth Mobility,RAW_AF8_HJ_Mobility,0.6643479775455988,0.6703709107956061,0.006022933250007245,0.906593149008849,Increase
BM_vs_AM,Theta,2,AF8,BP,Theta Band Power,RAW_AF8_BP_Theta,179810.1938447744,169881.05222727673,-9929.141617497662,-5.522012631869604,Decrease
BM_vs_AM,Theta,2,AF8,RP,Theta Relative Power,RAW_AF8_RP_Theta,0.1055062762348664,0.1005545547392193,-0.004951721495647099,-4.693295671457615,Decrease
BM_vs_AM,Theta,2,TP10,EN,Entropy,RAW_TP10_EN,5.401897473264614,5.419044560427148,0.01714708716253366,0.31742711236929283,Increase
BM_vs_AM,Theta,2,TP10,HJ,Hjorth Activity,RAW_TP10_HJ_Activity,1815079.975667294,1743299.8219093902,-71780.15375790396,-3.9546551512979353,Decrease
BM_vs_AM,Theta,2,TP10,HJ,Hjorth Complexity,RAW_TP10_HJ_Complexity,1.328842418611994,1.3215874082528605,-0.007255010359133562,-0.5459646875745873,Decrease
BM_vs_AM,Theta,2,TP10,HJ,Hjorth Mobility,RAW_TP10_HJ_Mobility,0.6581298561497154,0.6672519109273467,0.009122054777631283,1.3860569752903205,Increase
BM_vs_AM,Theta,2,TP10,BP,Theta Band Power,RAW_TP10_BP_Theta,200748.06192516597,185209.246003523,-15538.815921642963,-7.740456257772221,Decrease
BM_vs_AM,Theta,2,TP10,RP,Theta Relative Power,RAW_TP10_RP_Theta,0.1116857105116077,0.1101087881197444,-0.0015769223918633002,-1.4119285131820045,Decrease
BM_vs_AM,Theta,2,TP9,EN,Entropy,RAW_TP9_EN,5.40529940334438,5.406654571261583,0.0013551679172030262,0.025071098122049506,Increase
BM_vs_AM,Theta,2,TP9,HJ,Hjorth Activity,RAW_TP9_HJ_Activity,1750455.616003353,1698073.5398293936,-52382.0761739593,-2.9924823968720933,Decrease
BM_vs_AM,Theta,2,TP9,HJ,Hjorth Complexity,RAW_TP9_HJ_Complexity,1.3349057889071128,1.3129833946965055,-0.021922394210607266,-1.64224280041179,Decrease
BM_vs_AM,Theta,2,TP9,HJ,Hjorth Mobility,RAW_TP9_HJ_Mobility,0.6591785814659754,0.6724367946284242,0.013258213162448795,2.0113234160253337,Increase
BM_vs_AM,Theta,2,TP9,BP,Theta Band Power,RAW_TP9_BP_Theta,209810.63224687395,173705.3656474406,-36105.26659943335,-17.208501882283088,Decrease
BM_vs_AM,Theta,2,TP9,RP,Theta Relative Power,RAW_TP9_RP_Theta,0.120223789922031,0.1051645553464116,-0.015059234575619404,-12.526002204210831,Decrease
BM_vs_AM,Theta,9,AF7,EN,Entropy,RAW_AF7_EN,5.411247201234296,5.412296597709663,0.0010493964753663931,0.019392876287873666,Increase
BM_vs_AM,Theta,9,AF7,HJ,Hjorth Activity,RAW_AF7_HJ_Activity,1779008.581178931,1764807.2390225087,-14201.342156422324,-0.7982728305341416,Decrease
BM_vs_AM,Theta,9,AF7,HJ,Hjorth Complexity,RAW_AF7_HJ_Complexity,1.319352476200609,1.308320121838753,-0.011032354361856012,-0.8361946152271843,Decrease
BM_vs_AM,Theta,9,AF7,HJ,Hjorth Mobility,RAW_AF7_HJ_Mobility,0.6649101130536491,0.6741750727648907,0.009264959711241638,1.393415369889867,Increase
BM_vs_AM,Theta,9,AF7,BP,Theta Band Power,RAW_AF7_BP_Theta,179042.32587917533,179328.3883581974,286.0624790220754,0.15977366112587335,Increase
BM_vs_AM,Theta,9,AF7,RP,Theta Relative Power,RAW_AF7_RP_Theta,0.1033670663448322,0.1012298328774742,-0.002137233467358002,-2.067615482312517,Decrease
BM_vs_AM,Theta,9,AF8,EN,Entropy,RAW_AF8_EN,5.406447959543798,5.412726130565561,0.006278171021762979,0.11612376681958737,Increase
BM_vs_AM,Theta,9,AF8,HJ,Hjorth Activity,RAW_AF8_HJ_Activity,1826589.940826012,1848291.366862162,21701.426036149962,1.1880841753861977,Increase
BM_vs_AM,Theta,9,AF8,HJ,Hjorth Complexity,RAW_AF8_HJ_Complexity,1.324043389172687,1.316200142069066,-0.007843247103620943,-0.5923708518737972,Decrease
BM_vs_AM,Theta,9,AF8,HJ,Hjorth Mobility,RAW_AF8_HJ_Mobility,0.6629234105865915,0.6712393098020062,0.008315899215414646,1.2544283521464834,Increase
BM_vs_AM,Theta,9,AF8,BP,Theta Band Power,RAW_AF8_BP_Theta,189543.66031267916,193215.65787954605,3671.997566866892,1.9372832416602124,Increase
BM_vs_AM,Theta,9,AF8,RP,Theta Relative Power,RAW_AF8_RP_Theta,0.107444769330126,0.1052799831754172,-0.002164786154708803,-2.0147897084291357,Decrease
BM_vs_AM,Theta,9,TP10,EN,Entropy,RAW_TP10_EN,5.4119023201135015,5.419470370905742,0.007568050792240655,0.1398408608395196,Increase
BM_vs_AM,Theta,9,TP10,HJ,Hjorth Activity,RAW_TP10_HJ_Activity,1861436.21911556,1635410.8538880153,-226025.36522754468,-12.142525374032855,Decrease
BM_vs_AM,Theta,9,TP10,HJ,Hjorth Complexity,RAW_TP10_HJ_Complexity,1.3269701627334682,1.3166768991795372,-0.010293263553931009,-0.7756966842967733,Decrease
BM_vs_AM,Theta,9,TP10,HJ,Hjorth Mobility,RAW_TP10_HJ_Mobility,0.6641143006386655,0.6686858487593204,0.004571548120654856,0.6883676674720736,Increase
BM_vs_AM,Theta,9,TP10,BP,Theta Band Power,RAW_TP10_BP_Theta,196570.8017367829,167482.9366075545,-29087.86512922839,-14.797652994353832,Decrease
BM_vs_AM,Theta,9,TP10,RP,Theta Relative Power,RAW_TP10_RP_Theta,0.1072620200545419,0.104170832632155,-0.0030911874223868985,-2.8819030452857906,Decrease
BM_vs_AM,Theta,9,TP9,EN,Entropy,RAW_TP9_EN,5.409255838949408,5.406330828189635,-0.002925010759772917,-0.05407418038376636,Decrease
BM_vs_AM,Theta,9,TP9,HJ,Hjorth Activity,RAW_TP9_HJ_Activity,2041179.4184573288,1891114.7098915416,-150064.70856578718,-7.3518627127448815,Decrease
BM_vs_AM,Theta,9,TP9,HJ,Hjorth Complexity,RAW_TP9_HJ_Complexity,1.331266639975233,1.319541123331038,-0.011725516644195189,-0.88077897335528,Decrease
BM_vs_AM,Theta,9,TP9,HJ,Hjorth Mobility,RAW_TP9_HJ_Mobility,0.6615684200920107,0.6688097980310584,0.007241377939047777,1.0945773285309854,Increase
BM_vs_AM,Theta,9,TP9,BP,Theta Band Power,RAW_TP9_BP_Theta,215789.0659112032,196007.111082392,-19781.9548288112,-9.167264682887796,Decrease
BM_vs_AM,Theta,9,TP9,RP,Theta Relative Power,RAW_TP9_RP_Theta,0.1081676466298217,0.1048380453049336,-0.003329601324888104,-3.0781859720798774,Decrease
BM_vs_AM,Theta,14,AF7,EN,Entropy,RAW_AF7_EN,5.40315818639488,5.40129697686773,-0.0018612095271501872,-0.03444669696764943,Decrease
BM_vs_AM,Theta,14,AF7,HJ,Hjorth Activity,RAW_AF7_HJ_Activity,1686348.464558775,1816033.7636524776,129685.29909370258,7.6903025572258645,Increase
BM_vs_AM,Theta,14,AF7,HJ,Hjorth Complexity,RAW_AF7_HJ_Complexity,1.3053564556110555,1.3204936138727832,0.015137158261727679,1.1596187536868439,Increase
BM_vs_AM,Theta,14,AF7,HJ,Hjorth Mobility,RAW_AF7_HJ_Mobility,0.6762848422076903,0.6671212777663174,-0.009163564441372896,-1.3549859274472282,Decrease
BM_vs_AM,Theta,14,AF7,BP,Theta Band Power,RAW_AF7_BP_Theta,170795.18686035502,191335.6992982595,20540.512437904486,12.026400049960863,Increase
BM_vs_AM,Theta,14,AF7,RP,Theta Relative Power,RAW_AF7_RP_Theta,0.1022416657282047,0.1089493486812439,0.006707682953039196,6.560615875401171,Increase
BM_vs_AM,Theta,14,AF8,EN,Entropy,RAW_AF8_EN,5.40384612450848,5.406984501182908,0.0031383766744284003,0.05807672169262331,Increase
BM_vs_AM,Theta,14,AF8,HJ,Hjorth Activity,RAW_AF8_HJ_Activity,1688170.49680016,1719473.0254191062,31302.528618946206,1.854227915857938,Increase
BM_vs_AM,Theta,14,AF8,HJ,Hjorth Complexity,RAW_AF8_HJ_Complexity,1.306909318577823,1.3070139609347815,0.00010464235695839541,0.008006856747510767,Increase
BM_vs_AM,Theta,14,AF8,HJ,Hjorth Mobility,RAW_AF8_HJ_Mobility,0.6739784880999744,0.674422813131218,0.00044432503124358647,0.06592569927508986,Increase
BM_vs_AM,Theta,14,AF8,BP,Theta Band Power,RAW_AF8_BP_Theta,174355.41302175325,171442.75678411775,-2912.6562376354996,-1.6705281397097236,Decrease
BM_vs_AM,Theta,14,AF8,RP,Theta Relative Power,RAW_AF8_RP_Theta,0.1028583772458373,0.1028387975146619,-1.9579731175389803e-05,-0.019035621307337124,Decrease
BM_vs_AM,Theta,14,TP10,EN,Entropy,RAW_TP10_EN,5.406976007273439,5.412814823598669,0.005838816325230312,0.1079867252485671,Increase
BM_vs_AM,Theta,14,TP10,HJ,Hjorth Activity,RAW_TP10_HJ_Activity,1684850.0866002033,1633806.8923587166,-51043.19424148672,-3.0295392241386234,Decrease
BM_vs_AM,Theta,14,TP10,HJ,Hjorth Complexity,RAW_TP10_HJ_Complexity,1.313166402444537,1.3214704602933949,0.008304057848857793,0.6323690457964274,Increase
BM_vs_AM,Theta,14,TP10,HJ,Hjorth Mobility,RAW_TP10_HJ_Mobility,0.6714866688656764,0.6667420505049632,-0.004744618360713271,-0.7065841483834998,Decrease
BM_vs_AM,Theta,14,TP10,BP,Theta Band Power,RAW_TP10_BP_Theta,179819.08608546623,170186.83083118597,-9632.255254280259,-5.356636753065324,Decrease
BM_vs_AM,Theta,14,TP10,RP,Theta Relative Power,RAW_TP10_RP_Theta,0.1089917884861547,0.1057348864279773,-0.0032569020581773994,-2.988208656279758,Decrease
BM_vs_AM,Theta,14,TP9,EN,Entropy,RAW_TP9_EN,5.411176905597834,5.407756398628779,-0.0034205069690553813,-0.06321188585641849,Decrease
BM_vs_AM,Theta,14,TP9,HJ,Hjorth Activity,RAW_TP9_HJ_Activity,1746702.4014409804,1771735.7671633249,25033.36572234449,1.4331786400300741,Increase
BM_vs_AM,Theta,14,TP9,HJ,Hjorth Complexity,RAW_TP9_HJ_Complexity,1.316867659513274,1.326020905009578,0.009153245496303919,0.6950770967894404,Increase
BM_vs_AM,Theta,14,TP9,HJ,Hjorth Mobility,RAW_TP9_HJ_Mobility,0.6719638986898715,0.6649055392782364,-0.007058359411635129,-1.0504075331125402,Decrease
BM_vs_AM,Theta,14,TP9,BP,Theta Band Power,RAW_TP9_BP_Theta,178312.92717863672,190900.03762364297,12587.110445006256,7.05900051340433,Increase
BM_vs_AM,Theta,14,TP9,RP,Theta Relative Power,RAW_TP9_RP_Theta,0.1065605339157861,0.1081164028161122,0.0015558689003261073,1.4600798655491887,Increase
BM_vs_AM,Theta,16,AF7,EN,Entropy,RAW_AF7_EN,5.402070317896118,4.4312525835332455,-0.9708177343628721,-17.97121616774817,Decrease
BM_vs_AM,Theta,16,AF7,HJ,Hjorth Activity,RAW_AF7_HJ_Activity,2379041.7577626063,102.7606220308099,-2378938.9971405757,-99.9956805877116,Decrease
BM_vs_AM,Theta,16,AF7,HJ,Hjorth Complexity,RAW_AF7_HJ_Complexity,1.3360557704385116,2.0835315943781207,0.7474758239396091,55.946453769237294,Increase
BM_vs_AM,Theta,16,AF7,HJ,Hjorth Mobility,RAW_AF7_HJ_Mobility,0.6578850144052335,0.389028320236409,-0.2688566941688245,-40.866821447800675,Decrease
BM_vs_AM,Theta,16,AF7,BP,Theta Band Power,RAW_AF7_BP_Theta,270130.03467448824,24.51974655697141,-270105.51492793125,-99.99092298396714,Decrease
BM_vs_AM,Theta,16,AF7,RP,Theta Relative Power,RAW_AF7_RP_Theta,0.1149335955932739,0.2295470437477085,0.11461344815443461,99.72145007977282,Increase
BM_vs_AM,Theta,16,AF8,EN,Entropy,RAW_AF8_EN,5.408314088127401,4.362767535500927,-1.0455465526264742,-19.3322084403661,Decrease
BM_vs_AM,Theta,16,AF8,HJ,Hjorth Activity,RAW_AF8_HJ_Activity,1878405.1254117736,136.18334934314163,-1878268.9420624303,-99.99275005442112,Decrease
BM_vs_AM,Theta,16,AF8,HJ,Hjorth Complexity,RAW_AF8_HJ_Complexity,1.3330563106297073,2.3893372895134863,1.056280978883779,79.23753636369753,Increase
BM_vs_AM,Theta,16,AF8,HJ,Hjorth Mobility,RAW_AF8_HJ_Mobility,0.6605259110770727,0.3508458880313443,-0.3096800230457284,-46.88385691649176,Decrease
BM_vs_AM,Theta,16,AF8,BP,Theta Band Power,RAW_AF8_BP_Theta,205671.78078300896,22.42794378114364,-205649.35283922782,-99.98909527418115,Decrease
BM_vs_AM,Theta,16,AF8,RP,Theta Relative Power,RAW_AF8_RP_Theta,0.1144031012256287,0.2316570774127139,0.1172539761870852,102.49195601422896,Increase
BM_vs_AM,Theta,16,TP10,EN,Entropy,RAW_TP10_EN,5.397372625723833,3.949592578116003,-1.4477800476078295,-26.823792759975877,Decrease
BM_vs_AM,Theta,16,TP10,HJ,Hjorth Activity,RAW_TP10_HJ_Activity,1923335.216230571,645.3773999213183,-1922689.8388306496,-99.96644488207384,Decrease
BM_vs_AM,Theta,16,TP10,HJ,Hjorth Complexity,RAW_TP10_HJ_Complexity,1.3431631809943758,2.720343106066736,1.3771799250723602,102.53258461513224,Increase
BM_vs_AM,Theta,16,TP10,HJ,Hjorth Mobility,RAW_TP10_HJ_Mobility,0.6506046515989521,0.267414461662643,-0.3831901899363091,-58.89754845658811,Decrease
BM_vs_AM,Theta,16,TP10,BP,Theta Band Power,RAW_TP10_BP_Theta,221255.6451008004,165.77052169724251,-221089.87457910317,-99.92507738203845,Decrease
BM_vs_AM,Theta,16,TP10,RP,Theta Relative Power,RAW_TP10_RP_Theta,0.1177140439851652,0.2960541196936926,0.1783400757085274,151.50280261461623,Increase
BM_vs_AM,Theta,16,TP9,EN,Entropy,RAW_TP9_EN,5.398197835951342,3.958633446904072,-1.4395643890472698,-26.667499650715758,Decrease
BM_vs_AM,Theta,16,TP9,HJ,Hjorth Activity,RAW_TP9_HJ_Activity,1968794.9712661651,635.3676653222409,-1968159.6036008429,-99.9677280938546,Decrease
BM_vs_AM,Theta,16,TP9,HJ,Hjorth Complexity,RAW_TP9_HJ_Complexity,1.337019580590384,2.849850658599023,1.512831078008639,113.14950805287552,Increase
BM_vs_AM,Theta,16,TP9,HJ,Hjorth Mobility,RAW_TP9_HJ_Mobility,0.6514694220485564,0.2660036317375188,-0.3854657903110376,-59.16866966663363,Decrease
BM_vs_AM,Theta,16,TP9,BP,Theta Band Power,RAW_TP9_BP_Theta,217491.79168663928,145.91902588530644,-217345.87266075396,-99.93290826069631,Decrease
BM_vs_AM,Theta,16,TP9,RP,Theta Relative Power,RAW_TP9_RP_Theta,0.1115844901418881,0.2746267664147183,0.1630422762728302,146.11553636666673,Increase
BM_vs_AM,Theta,22,AF7,EN,Entropy,RAW_AF7_EN,5.3999669297383335,5.410265348820354,0.010298419082020338,0.1907126324293873,Increase
BM_vs_AM,Theta,22,AF7,HJ,Hjorth Activity,RAW_AF7_HJ_Activity,1809223.9113600615,1763575.2983294628,-45648.61303059873,-2.5231046717862005,Decrease
BM_vs_AM,Theta,22,AF7,HJ,Hjorth Complexity,RAW_AF7_HJ_Complexity,1.326075063429449,1.3265873760967986,0.0005123126673496348,0.03863376074840814,Increase
BM_vs_AM,Theta,22,AF7,HJ,Hjorth Mobility,RAW_AF7_HJ_Mobility,0.6660411735264513,0.6610808893059034,-0.00496028422054795,-0.7447413790179078,Decrease
BM_vs_AM,Theta,22,AF7,BP,Theta Band Power,RAW_AF7_BP_Theta,190801.0978315792,192042.00708393703,1240.9092523578438,0.6503679834448326,Increase
BM_vs_AM,Theta,22,AF7,RP,Theta Relative Power,RAW_AF7_RP_Theta,0.1098087546096949,0.1116154697979157,0.0018067151882208005,1.645328912656011,Increase
BM_vs_AM,Theta,22,AF8,EN,Entropy,RAW_AF8_EN,5.408962706081951,5.412780899686869,0.0038181936049177523,0.07059012628474023,Increase
BM_vs_AM,Theta,22,AF8,HJ,Hjorth Activity,RAW_AF8_HJ_Activity,1886432.9714373616,1892275.5815501483,5842.610112786759,0.3097173449176411,Increase
BM_vs_AM,Theta,22,AF8,HJ,Hjorth Complexity,RAW_AF8_HJ_Complexity,1.3275641658781157,1.3325206171004091,0.00495645122229349,0.37334927754810643,Increase
BM_vs_AM,Theta,22,AF8,HJ,Hjorth Mobility,RAW_AF8_HJ_Mobility,0.6677402571944184,0.6601841379569224,-0.007556119237495995,-1.1315955801802084,Decrease
BM_vs_AM,Theta,22,AF8,BP,Theta Band Power,RAW_AF8_BP_Theta,205862.01037605305,204799.22152401044,-1062.7888520426059,-0.5162627383756644,Decrease
BM_vs_AM,Theta,22,AF8,RP,Theta Relative Power,RAW_AF8_RP_Theta,0.1104137943131986,0.1085832014884906,-0.0018305928247080022,-1.6579385176415204,Decrease
BM_vs_AM,Theta,22,TP10,EN,Entropy,RAW_TP10_EN,5.39939711322495,5.405810393447843,0.006413280222893114,0.11877770959251768,Increase
BM_vs_AM,Theta,22,TP10,HJ,Hjorth Activity,RAW_TP10_HJ_Activity,1672949.3427346323,1665972.8137696348,-6976.528964997502,-0.41701973794338243,Decrease
BM_vs_AM,Theta,22,TP10,HJ,Hjorth Complexity,RAW_TP10_HJ_Complexity,1.3203020254074849,1.3181902847580405,-0.0021117406494444158,-0.1599437559593737,Decrease
BM_vs_AM,Theta,22,TP10,HJ,Hjorth Mobility,RAW_TP10_HJ_Mobility,0.6632898243595722,0.6685488239200965,0.005258999560524336,0.7928660093047666,Increase
BM_vs_AM,Theta,22,TP10,BP,Theta Band Power,RAW_TP10_BP_Theta,174470.25290250062,179895.76455983106,5425.51165733044,3.1097058478859343,Increase
BM_vs_AM,Theta,22,TP10,RP,Theta Relative Power,RAW_TP10_RP_Theta,0.1074774459598881,0.1088551136512059,0.0013776676913177938,1.281820273094279,Increase
BM_vs_AM,Theta,22,TP9,EN,Entropy,RAW_TP9_EN,5.407884282592889,5.4031038640667886,-0.0047804185261002274,-0.08839720445734438,Decrease
BM_vs_AM,Theta,22,TP9,HJ,Hjorth Activity,RAW_TP9_HJ_Activity,1742170.3977314562,1666457.169488463,-75713.22824299312,-4.345914058784496,Decrease
BM_vs_AM,Theta,22,TP9,HJ,Hjorth Complexity,RAW_TP9_HJ_Complexity,1.323222577880914,1.3199797782340854,-0.003242799646828498,-0.24506834307662034,Decrease
BM_vs_AM,Theta,22,TP9,HJ,Hjorth Mobility,RAW_TP9_HJ_Mobility,0.6626358293389265,0.6669853576191667,0.004349528280240156,0.6563979923300297,Increase
BM_vs_AM,Theta,22,TP9,BP,Theta Band Power,RAW_TP9_BP_Theta,185917.01467260704,175538.8316945486,-10378.182978058438,-5.582158790756205,Decrease
BM_vs_AM,Theta,22,TP9,RP,Theta Relative Power,RAW_TP9_RP_Theta,0.1114286041861462,0.1052183058962903,-0.006210298289855892,-5.573342980659909,Decrease
BM_vs_AM,Theta,25,AF7,EN,Entropy,RAW_AF7_EN,5.415429421852697,5.413381235132019,-0.002048186720678302,-0.037821316854639894,Decrease
BM_vs_AM,Theta,25,AF7,HJ,Hjorth Activity,RAW_AF7_HJ_Activity,1484059.0017824084,1477255.0432589552,-6803.958523453213,-0.4584695430088301,Decrease
BM_vs_AM,Theta,25,AF7,HJ,Hjorth Complexity,RAW_AF7_HJ_Complexity,1.3088610065368882,1.3114613194397269,0.002600312902838686,0.19866990382109762,Increase
BM_vs_AM,Theta,25,AF7,HJ,Hjorth Mobility,RAW_AF7_HJ_Mobility,0.6770029380231217,0.6707176409251387,-0.006285297097982978,-0.9284002690352159,Decrease
BM_vs_AM,Theta,25,AF7,BP,Theta Band Power,RAW_AF7_BP_Theta,152995.26006617048,149644.707177896,-3350.552888274484,-2.189971693780166,Decrease
BM_vs_AM,Theta,25,AF7,RP,Theta Relative Power,RAW_AF7_RP_Theta,0.1065996575891425,0.1034528584381693,-0.003146799150973198,-2.951978666856158,Decrease
BM_vs_AM,Theta,25,AF8,EN,Entropy,RAW_AF8_EN,5.407930987749288,5.407180063423031,-0.0007509243262573406,-0.01388561222320379,Decrease
BM_vs_AM,Theta,25,AF8,HJ,Hjorth Activity,RAW_AF8_HJ_Activity,1952357.91743515,2062900.39555889,110542.47812374006,5.661998608787974,Increase
BM_vs_AM,Theta,25,AF8,HJ,Hjorth Complexity,RAW_AF8_HJ_Complexity,1.3129458453878795,1.3106003988379191,-0.002345446549960384,-0.1786400069888241,Decrease
BM_vs_AM,Theta,25,AF8,HJ,Hjorth Mobility,RAW_AF8_HJ_Mobility,0.6709767282236022,0.6758379238797583,0.004861195656156059,0.7244954186452903,Increase
BM_vs_AM,Theta,25,AF8,BP,Theta Band Power,RAW_AF8_BP_Theta,195156.42015104,201118.7184326348,5962.29828159482,3.055138169156997,Increase
BM_vs_AM,Theta,25,AF8,RP,Theta Relative Power,RAW_AF8_RP_Theta,0.0992270204341201,0.1002761675067068,0.0010491470725867008,1.057319939666295,Increase
BM_vs_AM,Theta,25,TP10,EN,Entropy,RAW_TP10_EN,5.440273965338736,5.4387921960721695,-0.0014817692665669568,-0.02723703394365168,Decrease
BM_vs_AM,Theta,25,TP10,HJ,Hjorth Activity,RAW_TP10_HJ_Activity,1670650.497852893,1644977.6348813167,-25672.862971576396,-1.53669860958776,Decrease
BM_vs_AM,Theta,25,TP10,HJ,Hjorth Complexity,RAW_TP10_HJ_Complexity,1.3002322392547545,1.3106920973986975,0.010459858143943013,0.8044607592516103,Increase
BM_vs_AM,Theta,25,TP10,HJ,Hjorth Mobility,RAW_TP10_HJ_Mobility,0.6866985405595366,0.6822776144782761,-0.0044209260812605455,-0.6437943027603177,Decrease
BM_vs_AM,Theta,25,TP10,BP,Theta Band Power,RAW_TP10_BP_Theta,156220.0065305312,169741.013267063,13521.006736531825,8.655105729936913,Increase
BM_vs_AM,Theta,25,TP10,RP,Theta Relative Power,RAW_TP10_RP_Theta,0.0947071031641588,0.099600317556041,0.0048932143918822,5.166681514268933,Increase
BM_vs_AM,Theta,25,TP9,EN,Entropy,RAW_TP9_EN,5.406350708979541,5.408935816814192,0.002585107834651268,0.04781613280021955,Increase
BM_vs_AM,Theta,25,TP9,HJ,Hjorth Activity,RAW_TP9_HJ_Activity,2010030.733685152,1806364.9059917247,-203665.8276934272,-10.132473313979144,Decrease
BM_vs_AM,Theta,25,TP9,HJ,Hjorth Complexity,RAW_TP9_HJ_Complexity,1.3083267378551298,1.3063837046124418,-0.0019430332426879637,-0.14851284365504686,Decrease
BM_vs_AM,Theta,25,TP9,HJ,Hjorth Mobility,RAW_TP9_HJ_Mobility,0.6748630736731025,0.6758929401704249,0.0010298664973223959,0.15260377067559838,Increase
BM_vs_AM,Theta,25,TP9,BP,Theta Band Power,RAW_TP9_BP_Theta,202013.00296688385,179389.53642989878,-22623.46653698507,-11.199015016223363,Decrease
BM_vs_AM,Theta,25,TP9,RP,Theta Relative Power,RAW_TP9_RP_Theta,0.1001656644330135,0.1015918271257102,0.0014261626926967003,1.4238039559458588,Increase
BM_vs_AM,Theta,26,AF7,EN,Entropy,RAW_AF7_EN,5.4135582203141945,5.405899005828222,-0.007659214485972399,-0.14148207471439864,Decrease
BM_vs_AM,Theta,26,AF7,HJ,Hjorth Activity,RAW_AF7_HJ_Activity,1552676.0061069322,1572893.4847092158,20217.478602283634,1.3021054310599853,Increase
BM_vs_AM,Theta,26,AF7,HJ,Hjorth Complexity,RAW_AF7_HJ_Complexity,1.3127460604373775,1.2999162288267376,-0.012829831610639886,-0.9773277557096819,Decrease
BM_vs_AM,Theta,26,AF7,HJ,Hjorth Mobility,RAW_AF7_HJ_Mobility,0.6721772994014085,0.6772199800420857,0.005042680640677255,0.7502009730420671,Increase
BM_vs_AM,Theta,26,AF7,BP,Theta Band Power,RAW_AF7_BP_Theta,160188.0541181723,150717.85796407767,-9470.196154094621,-5.911924085867455,Decrease
BM_vs_AM,Theta,26,AF7,RP,Theta Relative Power,RAW_AF7_RP_Theta,0.1022783671053214,0.097348705879448,-0.004929661225873405,-4.819847408002784,Decrease
BM_vs_AM,Theta,26,AF8,EN,Entropy,RAW_AF8_EN,5.410509100110826,5.406131679445073,-0.0043774206657527515,-0.08090589230619881,Decrease
BM_vs_AM,Theta,26,AF8,HJ,Hjorth Activity,RAW_AF8_HJ_Activity,1605178.1051987358,1575827.5784224286,-29350.526776307262,-1.8284903513976971,Decrease
BM_vs_AM,Theta,26,AF8,HJ,Hjorth Complexity,RAW_AF8_HJ_Complexity,1.3201478228924546,1.3076311114504846,-0.012516711441969974,-0.9481295370806095,Decrease
BM_vs_AM,Theta,26,AF8,HJ,Hjorth Mobility,RAW_AF8_HJ_Mobility,0.6709834354429853,0.6741127523912507,0.0031293169482653482,0.4663776753593572,Increase
BM_vs_AM,Theta,26,AF8,BP,Theta Band Power,RAW_AF8_BP_Theta,166690.35307264427,152601.27087094146,-14089.082201702811,-8.452248100742061,Decrease
BM_vs_AM,Theta,26,AF8,RP,Theta Relative Power,RAW_AF8_RP_Theta,0.1057090207790994,0.0994115817826954,-0.006297438996404003,-5.957333584201663,Decrease
BM_vs_AM,Theta,26,TP10,EN,Entropy,RAW_TP10_EN,5.423909464689805,5.41901493049396,-0.004894534195845068,-0.09023996856343156,Decrease
BM_vs_AM,Theta,26,TP10,HJ,Hjorth Activity,RAW_TP10_HJ_Activity,1694191.028761426,1592292.9860760474,-101898.04268537858,-6.014554495656448,Decrease
BM_vs_AM,Theta,26,TP10,HJ,Hjorth Complexity,RAW_TP10_HJ_Complexity,1.3201275847194092,1.3147859587788524,-0.00534162594055676,-0.4046295223572738,Decrease
BM_vs_AM,Theta,26,TP10,HJ,Hjorth Mobility,RAW_TP10_HJ_Mobility,0.6728241893619258,0.6724499671337985,-0.00037422222812732997,-0.05561961565059431,Decrease
BM_vs_AM,Theta,26,TP10,BP,Theta Band Power,RAW_TP10_BP_Theta,178690.72098520107,161275.4363694755,-17415.28461572557,-9.7460486586586,Decrease
BM_vs_AM,Theta,26,TP10,RP,Theta Relative Power,RAW_TP10_RP_Theta,0.1054620076249852,0.1027493944052103,-0.0027126132197748953,-2.572123630929481,Decrease
BM_vs_AM,Theta,26,TP9,EN,Entropy,RAW_TP9_EN,5.408347643764636,5.4139605485781965,0.005612904813560249,0.1037822489098209,Increase
BM_vs_AM,Theta,26,TP9,HJ,Hjorth Activity,RAW_TP9_HJ_Activity,1632034.4545088462,1598799.7531702686,-33234.70133857755,-2.036397040930082,Decrease
BM_vs_AM,Theta,26,TP9,HJ,Hjorth Complexity,RAW_TP9_HJ_Complexity,1.3159993381230026,1.31561582447026,-0.0003835136527425842,-0.029142389485513422,Decrease
BM_vs_AM,Theta,26,TP9,HJ,Hjorth Mobility,RAW_TP9_HJ_Mobility,0.6726939478745825,0.6694261140735562,-0.003267833801026243,-0.48578314274287193,Decrease
BM_vs_AM,Theta,26,TP9,BP,Theta Band Power,RAW_TP9_BP_Theta,162728.4153111223,163223.52056612598,495.1052550036693,0.3042524896817018,Increase
BM_vs_AM,Theta,26,TP9,RP,Theta Relative Power,RAW_TP9_RP_Theta,0.104083570398372,0.1053003973608667,0.0012168269624946992,1.1690864925534223,Increase
BM_vs_AM,Theta,27,AF7,EN,Entropy,RAW_AF7_EN,5.4020556376483615,5.390819046212618,-0.011236591435743293,-0.20800584424626248,Decrease
BM_vs_AM,Theta,27,AF7,HJ,Hjorth Activity,RAW_AF7_HJ_Activity,1836532.0425238707,2245317.103104705,408785.0605808343,22.258531357778967,Increase
BM_vs_AM,Theta,27,AF7,HJ,Hjorth Complexity,RAW_AF7_HJ_Complexity,1.3110600158529195,1.3277969230501554,0.016736907197235862,1.2765935193552178,Increase
BM_vs_AM,Theta,27,AF7,HJ,Hjorth Mobility,RAW_AF7_HJ_Mobility,0.6952448130795837,0.6718662036934356,-0.023378609386148108,-3.3626442004784853,Decrease
BM_vs_AM,Theta,27,AF7,BP,Theta Band Power,RAW_AF7_BP_Theta,213339.65669462213,310498.5707769769,97158.91408235475,45.54189108002063,Increase
BM_vs_AM,Theta,27,AF7,RP,Theta Relative Power,RAW_AF7_RP_Theta,0.1180890674491194,0.1325333046691653,0.014444237220045897,12.231646444552908,Increase
BM_vs_AM,Theta,27,AF8,EN,Entropy,RAW_AF8_EN,5.41088148060533,5.414411312721377,0.0035298321160475155,0.06523580545424594,Increase
BM_vs_AM,Theta,27,AF8,HJ,Hjorth Activity,RAW_AF8_HJ_Activity,1870098.5633645216,1863800.4609110272,-6298.1024534944445,-0.3367791717974178,Decrease
BM_vs_AM,Theta,27,AF8,HJ,Hjorth Complexity,RAW_AF8_HJ_Complexity,1.317636436588515,1.3158286613846988,-0.001807775203816142,-0.13719833131638667,Decrease
BM_vs_AM,Theta,27,AF8,HJ,Hjorth Mobility,RAW_AF8_HJ_Mobility,0.6712848778739595,0.676379930061278,0.005095052187318427,0.7589999946751481,Increase
BM_vs_AM,Theta,27,AF8,BP,Theta Band Power,RAW_AF8_BP_Theta,189689.5433802718,196386.53582841664,6696.992448144854,3.530501644320664,Increase
BM_vs_AM,Theta,27,AF8,RP,Theta Relative Power,RAW_AF8_RP_Theta,0.1013539643766425,0.1080095984834201,0.006655634106777594,6.566723016422451,Increase
BM_vs_AM,Theta,27,TP10,EN,Entropy,RAW_TP10_EN,5.098271443078774,5.072002194103545,-0.026269248975228976,-0.5152579510235993,Decrease
BM_vs_AM,Theta,27,TP10,HJ,Hjorth Activity,RAW_TP10_HJ_Activity,1657639.1886799326,1664944.2290528724,7305.04037293978,0.4406894107491014,Increase
BM_vs_AM,Theta,27,TP10,HJ,Hjorth Complexity,RAW_TP10_HJ_Complexity,1.2202858636476703,1.21946214221905,-0.0008237214286204164,-0.06750233311382907,Decrease
BM_vs_AM,Theta,27,TP10,HJ,Hjorth Mobility,RAW_TP10_HJ_Mobility,0.7798253078247976,0.7762271010509723,-0.0035982067738253853,-0.46141190055270553,Decrease
BM_vs_AM,Theta,27,TP10,BP,Theta Band Power,RAW_TP10_BP_Theta,137295.37908638685,156972.8542021179,19677.47511573104,14.332219515814792,Increase
BM_vs_AM,Theta,27,TP10,RP,Theta Relative Power,RAW_TP10_RP_Theta,0.0859159139160198,0.0928528317666312,0.0069369178506114015,8.074077937868447,Increase
BM_vs_AM,Theta,27,TP9,EN,Entropy,RAW_TP9_EN,5.1805792517206815,4.774775924523766,-0.4058033271969155,-7.833165124578138,Decrease
BM_vs_AM,Theta,27,TP9,HJ,Hjorth Activity,RAW_TP9_HJ_Activity,1456025.4466917105,1369036.749940462,-86988.69675124856,-5.97439398802396,Decrease
BM_vs_AM,Theta,27,TP9,HJ,Hjorth Complexity,RAW_TP9_HJ_Complexity,1.2807848600980374,1.1739775687771157,-0.1068072913209217,-8.339206267065506,Decrease
BM_vs_AM,Theta,27,TP9,HJ,Hjorth Mobility,RAW_TP9_HJ_Mobility,0.7357754768740103,0.8068481713635266,0.07107269448951625,9.659562831785749,Increase
BM_vs_AM,Theta,27,TP9,BP,Theta Band Power,RAW_TP9_BP_Theta,203212.9097470655,80817.91787179865,-122394.99187526686,-60.22992930301974,Decrease
BM_vs_AM,Theta,27,TP9,RP,Theta Relative Power,RAW_TP9_RP_Theta,0.136580911839946,0.0573113350663557,-0.07926957677359031,-58.03854704563939,Decrease
BM_vs_AM,Theta,28,AF7,EN,Entropy,RAW_AF7_EN,5.393222927887965,5.41724743215844,0.024024504270474978,0.4454572820686867,Increase
BM_vs_AM,Theta,28,AF7,HJ,Hjorth Activity,RAW_AF7_HJ_Activity,2417152.23718791,2376004.4661645675,-41147.771023342386,-1.7023243464058053,Decrease
BM_vs_AM,Theta,28,AF7,HJ,Hjorth Complexity,RAW_AF7_HJ_Complexity,1.310449788104092,1.3177826513614517,0.007332863257359712,0.5595684263468511,Increase
BM_vs_AM,Theta,28,AF7,HJ,Hjorth Mobility,RAW_AF7_HJ_Mobility,0.689955448180452,0.6941815291471891,0.004226080966737156,0.6125150512083297,Increase
BM_vs_AM,Theta,28,AF7,BP,Theta Band Power,RAW_AF7_BP_Theta,290688.4969662187,263002.9880171831,-27685.508949035604,-9.524115758957251,Decrease
BM_vs_AM,Theta,28,AF7,RP,Theta Relative Power,RAW_AF7_RP_Theta,0.1211967481024112,0.1141579260287298,-0.0070388220736813945,-5.807764798881892,Decrease
BM_vs_AM,Theta,28,AF8,EN,Entropy,RAW_AF8_EN,5.405093223255858,5.405747979805701,0.0006547565498431496,0.012113695782822129,Increase
BM_vs_AM,Theta,28,AF8,HJ,Hjorth Activity,RAW_AF8_HJ_Activity,2088965.51203854,2265306.333873729,176340.82183518913,8.441538207258624,Increase
BM_vs_AM,Theta,28,AF8,HJ,Hjorth Complexity,RAW_AF8_HJ_Complexity,1.3329367008962074,1.3260234998890463,-0.006913201007161085,-0.5186443589191412,Decrease
BM_vs_AM,Theta,28,AF8,HJ,Hjorth Mobility,RAW_AF8_HJ_Mobility,0.6566525245188755,0.6659716567776843,0.009319132258808871,1.419187760777579,Increase
BM_vs_AM,Theta,28,AF8,BP,Theta Band Power,RAW_AF8_BP_Theta,214257.83014457577,232906.10453196155,18648.274387385783,8.703660619918722,Increase
BM_vs_AM,Theta,28,AF8,RP,Theta Relative Power,RAW_AF8_RP_Theta,0.1098783036804609,0.1094752306231446,-0.00040307305731630827,-0.3668358937252002,Decrease
BM_vs_AM,Theta,28,TP10,EN,Entropy,RAW_TP10_EN,4.927354025867812,4.904206683602423,-0.02314734226538917,-0.4697722579678538,Decrease
BM_vs_AM,Theta,28,TP10,HJ,Hjorth Activity,RAW_TP10_HJ_Activity,1921277.084673975,1916853.6844417136,-4423.40023226128,-0.23023229015464447,Decrease
BM_vs_AM,Theta,28,TP10,HJ,Hjorth Complexity,RAW_TP10_HJ_Complexity,1.2237695752701527,1.218310942973385,-0.005458632296767796,-0.446050662402093,Decrease
BM_vs_AM,Theta,28,TP10,HJ,Hjorth Mobility,RAW_TP10_HJ_Mobility,0.773752368412064,0.7794494142180644,0.005697045806000389,0.7362879958212175,Increase
BM_vs_AM,Theta,28,TP10,BP,Theta Band Power,RAW_TP10_BP_Theta,167113.25768906792,189571.88509227056,22458.62740320264,13.439165577748065,Increase
BM_vs_AM,Theta,28,TP10,RP,Theta Relative Power,RAW_TP10_RP_Theta,0.0875700409476187,0.0995312517331602,0.011961210785541507,13.659021574166308,Increase
BM_vs_AM,Theta,28,TP9,EN,Entropy,RAW_TP9_EN,4.807003126042359,4.903531451616752,0.09652832557439339,2.008077029354168,Increase
BM_vs_AM,Theta,28,TP9,HJ,Hjorth Activity,RAW_TP9_HJ_Activity,2279346.07881436,2199199.775219622,-80146.30359473778,-3.516197226023142,Decrease
BM_vs_AM,Theta,28,TP9,HJ,Hjorth Complexity,RAW_TP9_HJ_Complexity,1.1904743891428882,1.193102357559754,0.0026279684168657447,0.2207496810374742,Increase
BM_vs_AM,Theta,28,TP9,HJ,Hjorth Mobility,RAW_TP9_HJ_Mobility,0.7913170447646674,0.785834641792345,-0.005482402972322387,-0.6928200281535473,Decrease
BM_vs_AM,Theta,28,TP9,BP,Theta Band Power,RAW_TP9_BP_Theta,173841.14487323136,190786.02973257293,16944.884859341575,9.747338509360453,Increase
BM_vs_AM,Theta,28,TP9,RP,Theta Relative Power,RAW_TP9_RP_Theta,0.0777045651495256,0.0832923963190178,0.0055878311694921995,7.191123402775151,Increase
BM_vs_AM,Delta,1,AF7,BP,Delta Band Power,RAW_AF7_BP_Delta,102364.57224600832,108141.10738624996,5776.535140241642,5.643099964662722,Increase
BM_vs_AM,Delta,1,AF7,RP,Delta Relative Power,RAW_AF7_RP_Delta,0.0553890874724419,0.0556647056446036,0.00027561817216169987,0.4976037424318102,Increase
BM_vs_AM,Delta,1,AF7,EN,Entropy,RAW_AF7_EN,5.398823274736937,5.404383351005981,0.005560076269043535,0.10298681742484808,Increase
BM_vs_AM,Delta,1,AF7,HJ,Hjorth Activity,RAW_AF7_HJ_Activity,1934633.92887233,1970968.3471209956,36334.41824866552,1.8781030202362017,Increase
BM_vs_AM,Delta,1,AF7,HJ,Hjorth Complexity,RAW_AF7_HJ_Complexity,1.3095989067572558,1.314224116836192,0.004625210078936126,0.35317760690475625,Increase
BM_vs_AM,Delta,1,AF7,HJ,Hjorth Mobility,RAW_AF7_HJ_Mobility,0.6715664342579399,0.6703054450821704,-0.0012609891757695557,-0.18776834449192054,Decrease
BM_vs_AM,Delta,1,AF8,BP,Delta Band Power,RAW_AF8_BP_Delta,112347.55534092795,108323.5647701012,-4023.990570826747,-3.5817339848789898,Decrease
BM_vs_AM,Delta,1,AF8,RP,Delta Relative Power,RAW_AF8_RP_Delta,0.0614552779392364,0.0617255253480764,0.0002702474088399978,0.43974645938010987,Increase
BM_vs_AM,Delta,1,AF8,EN,Entropy,RAW_AF8_EN,5.3994892143493,5.402881421380908,0.003392207031607697,0.06282459130750383,Increase
BM_vs_AM,Delta,1,AF8,HJ,Hjorth Activity,RAW_AF8_HJ_Activity,1835735.4752389116,1788445.6634728326,-47289.81176607893,-2.576068960040357,Decrease
BM_vs_AM,Delta,1,AF8,HJ,Hjorth Complexity,RAW_AF8_HJ_Complexity,1.3185461226071875,1.3161968827800306,-0.002349239827156957,-0.17816895343120484,Decrease
BM_vs_AM,Delta,1,AF8,HJ,Hjorth Mobility,RAW_AF8_HJ_Mobility,0.6644031585916199,0.6677384148502763,0.0033352562586563828,0.5019928360554983,Increase
BM_vs_AM,Delta,1,TP10,BP,Delta Band Power,RAW_TP10_BP_Delta,118247.85477473508,130098.31491458025,11850.460139845163,10.02171258194964,Increase
BM_vs_AM,Delta,1,TP10,RP,Delta Relative Power,RAW_TP10_RP_Delta,0.0666005934838788,0.0700045524761049,0.0034039589922261054,5.1110039928549,Increase
BM_vs_AM,Delta,1,TP10,EN,Entropy,RAW_TP10_EN,5.408108394127641,5.408561229863231,0.00045283573559018464,0.008373274028344058,Increase
BM_vs_AM,Delta,1,TP10,HJ,Hjorth Activity,RAW_TP10_HJ_Activity,1879626.055660184,1867390.6422872324,-12235.41337295156,-0.6509493383594375,Decrease
BM_vs_AM,Delta,1,TP10,HJ,Hjorth Complexity,RAW_TP10_HJ_Complexity,1.319975179890709,1.333830520314344,0.01385534042363501,1.0496667387929373,Increase
BM_vs_AM,Delta,1,TP10,HJ,Hjorth Mobility,RAW_TP10_HJ_Mobility,0.6698032580329659,0.6608545271229731,-0.00894873090999282,-1.3360237954459735,Decrease
BM_vs_AM,Delta,1,TP9,BP,Delta Band Power,RAW_TP9_BP_Delta,125379.33995318633,135324.78932088343,9945.449367697103,7.9322872264365865,Increase
BM_vs_AM,Delta,1,TP9,RP,Delta Relative Power,RAW_TP9_RP_Delta,0.0701794539913664,0.0707683333330091,0.0005888793416427007,0.8391050487727444,Increase
BM_vs_AM,Delta,1,TP9,EN,Entropy,RAW_TP9_EN,5.406801637978502,5.406682929006394,-0.00011870897210819464,-0.0021955488670854515,Decrease
BM_vs_AM,Delta,1,TP9,HJ,Hjorth Activity,RAW_TP9_HJ_Activity,1835180.6561861408,1931948.3336047232,96767.67741858237,5.27292379049397,Increase
BM_vs_AM,Delta,1,TP9,HJ,Hjorth Complexity,RAW_TP9_HJ_Complexity,1.3283719488074208,1.3245169218190056,-0.003855026988415222,-0.29020689513025094,Decrease
BM_vs_AM,Delta,1,TP9,HJ,Hjorth Mobility,RAW_TP9_HJ_Mobility,0.6644285235112544,0.6670945739787575,0.0026660504675031227,0.40125466820931327,Increase
BM_vs_AM,Delta,2,AF7,BP,Delta Band Power,RAW_AF7_BP_Delta,112743.8532178438,93291.77277700002,-19452.080440843783,-17.25334010294863,Decrease
BM_vs_AM,Delta,2,AF7,RP,Delta Relative Power,RAW_AF7_RP_Delta,0.0618776217703501,0.0574680398957356,-0.004409581874614495,-7.126295013373371,Decrease
BM_vs_AM,Delta,2,AF7,EN,Entropy,RAW_AF7_EN,5.40366697281571,5.407768874571259,0.004101901755548809,0.07590959576495543,Increase
BM_vs_AM,Delta,2,AF7,HJ,Hjorth Activity,RAW_AF7_HJ_Activity,1853742.8901182425,1718909.3039102512,-134833.58620799123,-7.273586155164742,Decrease
BM_vs_AM,Delta,2,AF7,HJ,Hjorth Complexity,RAW_AF7_HJ_Complexity,1.310570790424265,1.306301859431798,-0.004268930992466835,-0.3257306681682471,Decrease
BM_vs_AM,Delta,2,AF7,HJ,Hjorth Mobility,RAW_AF7_HJ_Mobility,0.6715527722210348,0.6735278350254805,0.001975062804445704,0.29410388671519505,Increase
BM_vs_AM,Delta,2,AF8,BP,Delta Band Power,RAW_AF8_BP_Delta,110740.86159094756,94885.11354757096,-15855.748043376603,-14.317883945985772,Decrease
BM_vs_AM,Delta,2,AF8,RP,Delta Relative Power,RAW_AF8_RP_Delta,0.0661052997855906,0.0578021056547105,-0.008303194130880098,-12.560557410390869,Decrease
BM_vs_AM,Delta,2,AF8,EN,Entropy,RAW_AF8_EN,5.401343835789144,5.406345136729354,0.005001300940209674,0.0925936413651581,Increase
BM_vs_AM,Delta,2,AF8,HJ,Hjorth Activity,RAW_AF8_HJ_Activity,1754949.845759902,1719856.9906519991,-35092.85510790278,-1.9996500294689277,Decrease
BM_vs_AM,Delta,2,AF8,HJ,Hjorth Complexity,RAW_AF8_HJ_Complexity,1.3173577956294995,1.312442032141466,-0.004915763488033464,-0.37315325451765113,Decrease
BM_vs_AM,Delta,2,AF8,HJ,Hjorth Mobility,RAW_AF8_HJ_Mobility,0.6643479775455988,0.6703709107956061,0.006022933250007245,0.906593149008849,Increase
BM_vs_AM,Delta,2,TP10,BP,Delta Band Power,RAW_TP10_BP_Delta,123213.77230849893,111076.92809904818,-12136.844209450748,-9.850233445546074,Decrease
BM_vs_AM,Delta,2,TP10,RP,Delta Relative Power,RAW_TP10_RP_Delta,0.070761941224679,0.0639933066872917,-0.006768634537387311,-9.565360164295033,Decrease
BM_vs_AM,Delta,2,TP10,EN,Entropy,RAW_TP10_EN,5.401897473264614,5.419044560427148,0.01714708716253366,0.31742711236929283,Increase
BM_vs_AM,Delta,2,TP10,HJ,Hjorth Activity,RAW_TP10_HJ_Activity,1815079.975667294,1743299.8219093902,-71780.15375790396,-3.9546551512979353,Decrease
BM_vs_AM,Delta,2,TP10,HJ,Hjorth Complexity,RAW_TP10_HJ_Complexity,1.328842418611994,1.3215874082528605,-0.007255010359133562,-0.5459646875745873,Decrease
BM_vs_AM,Delta,2,TP10,HJ,Hjorth Mobility,RAW_TP10_HJ_Mobility,0.6581298561497154,0.6672519109273467,0.009122054777631283,1.3860569752903205,Increase
BM_vs_AM,Delta,2,TP9,BP,Delta Band Power,RAW_TP9_BP_Delta,124850.20730164088,106957.98563326692,-17892.221668373968,-14.33095070891309,Decrease
BM_vs_AM,Delta,2,TP9,RP,Delta Relative Power,RAW_TP9_RP_Delta,0.0727308573865991,0.0645829007380988,-0.008147956648500293,-11.20288821179438,Decrease
BM_vs_AM,Delta,2,TP9,EN,Entropy,RAW_TP9_EN,5.40529940334438,5.406654571261583,0.0013551679172030262,0.025071098122049506,Increase
BM_vs_AM,Delta,2,TP9,HJ,Hjorth Activity,RAW_TP9_HJ_Activity,1750455.616003353,1698073.5398293936,-52382.0761739593,-2.9924823968720933,Decrease
BM_vs_AM,Delta,2,TP9,HJ,Hjorth Complexity,RAW_TP9_HJ_Complexity,1.3349057889071128,1.3129833946965055,-0.021922394210607266,-1.64224280041179,Decrease
BM_vs_AM,Delta,2,TP9,HJ,Hjorth Mobility,RAW_TP9_HJ_Mobility,0.6591785814659754,0.6724367946284242,0.013258213162448795,2.0113234160253337,Increase
BM_vs_AM,Delta,9,AF7,BP,Delta Band Power,RAW_AF7_BP_Delta,115699.08948545532,97164.19229667254,-18534.89718878278,-16.019916207821865,Decrease
BM_vs_AM,Delta,9,AF7,RP,Delta Relative Power,RAW_AF7_RP_Delta,0.0647224162365089,0.0560696690672484,-0.008652747169260504,-13.369011344758208,Decrease
BM_vs_AM,Delta,9,AF7,EN,Entropy,RAW_AF7_EN,5.411247201234296,5.412296597709663,0.0010493964753663931,0.019392876287873666,Increase
BM_vs_AM,Delta,9,AF7,HJ,Hjorth Activity,RAW_AF7_HJ_Activity,1779008.581178931,1764807.2390225087,-14201.342156422324,-0.7982728305341416,Decrease
BM_vs_AM,Delta,9,AF7,HJ,Hjorth Complexity,RAW_AF7_HJ_Complexity,1.319352476200609,1.308320121838753,-0.011032354361856012,-0.8361946152271843,Decrease
BM_vs_AM,Delta,9,AF7,HJ,Hjorth Mobility,RAW_AF7_HJ_Mobility,0.6649101130536491,0.6741750727648907,0.009264959711241638,1.393415369889867,Increase
BM_vs_AM,Delta,9,AF8,BP,Delta Band Power,RAW_AF8_BP_Delta,116904.63486545083,105138.17188940606,-11766.462976044771,-10.065009817264437,Decrease
BM_vs_AM,Delta,9,AF8,RP,Delta Relative Power,RAW_AF8_RP_Delta,0.0656649087687001,0.05717047244287,-0.0084944363258301,-12.93603613423288,Decrease
BM_vs_AM,Delta,9,AF8,EN,Entropy,RAW_AF8_EN,5.406447959543798,5.412726130565561,0.006278171021762979,0.11612376681958737,Increase
BM_vs_AM,Delta,9,AF8,HJ,Hjorth Activity,RAW_AF8_HJ_Activity,1826589.940826012,1848291.366862162,21701.426036149962,1.1880841753861977,Increase
BM_vs_AM,Delta,9,AF8,HJ,Hjorth Complexity,RAW_AF8_HJ_Complexity,1.324043389172687,1.316200142069066,-0.007843247103620943,-0.5923708518737972,Decrease
BM_vs_AM,Delta,9,AF8,HJ,Hjorth Mobility,RAW_AF8_HJ_Mobility,0.6629234105865915,0.6712393098020062,0.008315899215414646,1.2544283521464834,Increase
BM_vs_AM,Delta,9,TP10,BP,Delta Band Power,RAW_TP10_BP_Delta,116835.55801622052,100243.1596035286,-16592.39841269191,-14.20149712503479,Decrease
BM_vs_AM,Delta,9,TP10,RP,Delta Relative Power,RAW_TP10_RP_Delta,0.0633092236814172,0.0622669226496494,-0.0010423010317677991,-1.646365207403009,Decrease
BM_vs_AM,Delta,9,TP10,EN,Entropy,RAW_TP10_EN,5.4119023201135015,5.419470370905742,0.007568050792240655,0.1398408608395196,Increase
BM_vs_AM,Delta,9,TP10,HJ,Hjorth Activity,RAW_TP10_HJ_Activity,1861436.21911556,1635410.8538880153,-226025.36522754468,-12.142525374032855,Decrease
BM_vs_AM,Delta,9,TP10,HJ,Hjorth Complexity,RAW_TP10_HJ_Complexity,1.3269701627334682,1.3166768991795372,-0.010293263553931009,-0.7756966842967733,Decrease
BM_vs_AM,Delta,9,TP10,HJ,Hjorth Mobility,RAW_TP10_HJ_Mobility,0.6641143006386655,0.6686858487593204,0.004571548120654856,0.6883676674720736,Increase
BM_vs_AM,Delta,9,TP9,BP,Delta Band Power,RAW_TP9_BP_Delta,130448.62231872106,122531.64879561824,-7916.973523102817,-6.069035749384553,Decrease
BM_vs_AM,Delta,9,TP9,RP,Delta Relative Power,RAW_TP9_RP_Delta,0.0667341236326989,0.0650625816230886,-0.0016715420096102968,-2.504778542999045,Decrease
BM_vs_AM,Delta,9,TP9,EN,Entropy,RAW_TP9_EN,5.409255838949408,5.406330828189635,-0.002925010759772917,-0.05407418038376636,Decrease
BM_vs_AM,Delta,9,TP9,HJ,Hjorth Activity,RAW_TP9_HJ_Activity,2041179.4184573288,1891114.7098915416,-150064.70856578718,-7.3518627127448815,Decrease
BM_vs_AM,Delta,9,TP9,HJ,Hjorth Complexity,RAW_TP9_HJ_Complexity,1.331266639975233,1.319541123331038,-0.011725516644195189,-0.88077897335528,Decrease
BM_vs_AM,Delta,9,TP9,HJ,Hjorth Mobility,RAW_TP9_HJ_Mobility,0.6615684200920107,0.6688097980310584,0.007241377939047777,1.0945773285309854,Increase
BM_vs_AM,Delta,14,AF7,BP,Delta Band Power,RAW_AF7_BP_Delta,89990.06996530424,107783.14816548742,17793.078200183183,19.77226843699902,Increase
BM_vs_AM,Delta,14,AF7,RP,Delta Relative Power,RAW_AF7_RP_Delta,0.0526520061577973,0.0602452005740655,0.007593194416268205,14.421472172421145,Increase
BM_vs_AM,Delta,14,AF7,EN,Entropy,RAW_AF7_EN,5.40315818639488,5.40129697686773,-0.0018612095271501872,-0.03444669696764943,Decrease
BM_vs_AM,Delta,14,AF7,HJ,Hjorth Activity,RAW_AF7_HJ_Activity,1686348.464558775,1816033.7636524776,129685.29909370258,7.6903025572258645,Increase
BM_vs_AM,Delta,14,AF7,HJ,Hjorth Complexity,RAW_AF7_HJ_Complexity,1.3053564556110555,1.3204936138727832,0.015137158261727679,1.1596187536868439,Increase
BM_vs_AM,Delta,14,AF7,HJ,Hjorth Mobility,RAW_AF7_HJ_Mobility,0.6762848422076903,0.6671212777663174,-0.009163564441372896,-1.3549859274472282,Decrease
BM_vs_AM,Delta,14,AF8,BP,Delta Band Power,RAW_AF8_BP_Delta,91063.16050468008,88166.17956238617,-2896.9809422939143,-3.181287500058849,Decrease
BM_vs_AM,Delta,14,AF8,RP,Delta Relative Power,RAW_AF8_RP_Delta,0.0536359831335353,0.0526688679796861,-0.0009671151538492018,-1.8031088410208032,Decrease
BM_vs_AM,Delta,14,AF8,EN,Entropy,RAW_AF8_EN,5.40384612450848,5.406984501182908,0.0031383766744284003,0.05807672169262331,Increase
BM_vs_AM,Delta,14,AF8,HJ,Hjorth Activity,RAW_AF8_HJ_Activity,1688170.49680016,1719473.0254191062,31302.528618946206,1.854227915857938,Increase
BM_vs_AM,Delta,14,AF8,HJ,Hjorth Complexity,RAW_AF8_HJ_Complexity,1.306909318577823,1.3070139609347815,0.00010464235695839541,0.008006856747510767,Increase
BM_vs_AM,Delta,14,AF8,HJ,Hjorth Mobility,RAW_AF8_HJ_Mobility,0.6739784880999744,0.674422813131218,0.00044432503124358647,0.06592569927508986,Increase
BM_vs_AM,Delta,14,TP10,BP,Delta Band Power,RAW_TP10_BP_Delta,105721.96543486424,106585.49354145065,863.528106586411,0.8167915749905675,Increase
BM_vs_AM,Delta,14,TP10,RP,Delta Relative Power,RAW_TP10_RP_Delta,0.0647825724002494,0.0671845519051957,0.0024019795049463055,3.7077556755635386,Increase
BM_vs_AM,Delta,14,TP10,EN,Entropy,RAW_TP10_EN,5.406976007273439,5.412814823598669,0.005838816325230312,0.1079867252485671,Increase
BM_vs_AM,Delta,14,TP10,HJ,Hjorth Activity,RAW_TP10_HJ_Activity,1684850.0866002033,1633806.8923587166,-51043.19424148672,-3.0295392241386234,Decrease
BM_vs_AM,Delta,14,TP10,HJ,Hjorth Complexity,RAW_TP10_HJ_Complexity,1.313166402444537,1.3214704602933949,0.008304057848857793,0.6323690457964274,Increase
BM_vs_AM,Delta,14,TP10,HJ,Hjorth Mobility,RAW_TP10_HJ_Mobility,0.6714866688656764,0.6667420505049632,-0.004744618360713271,-0.7065841483834998,Decrease
BM_vs_AM,Delta,14,TP9,BP,Delta Band Power,RAW_TP9_BP_Delta,104774.28634984454,108727.55717540522,3953.270825560685,3.773130758782353,Increase
BM_vs_AM,Delta,14,TP9,RP,Delta Relative Power,RAW_TP9_RP_Delta,0.0612307917662311,0.0635433185714111,0.0023125268051800013,3.776738367207207,Increase
BM_vs_AM,Delta,14,TP9,EN,Entropy,RAW_TP9_EN,5.411176905597834,5.407756398628779,-0.0034205069690553813,-0.06321188585641849,Decrease
BM_vs_AM,Delta,14,TP9,HJ,Hjorth Activity,RAW_TP9_HJ_Activity,1746702.4014409804,1771735.7671633249,25033.36572234449,1.4331786400300741,Increase
BM_vs_AM,Delta,14,TP9,HJ,Hjorth Complexity,RAW_TP9_HJ_Complexity,1.316867659513274,1.326020905009578,0.009153245496303919,0.6950770967894404,Increase
BM_vs_AM,Delta,14,TP9,HJ,Hjorth Mobility,RAW_TP9_HJ_Mobility,0.6719638986898715,0.6649055392782364,-0.007058359411635129,-1.0504075331125402,Decrease
BM_vs_AM,Delta,16,AF7,BP,Delta Band Power,RAW_AF7_BP_Delta,156609.70590314013,47.23163456354478,-156562.4742685766,-99.96984118302812,Decrease
BM_vs_AM,Delta,16,AF7,RP,Delta Relative Power,RAW_AF7_RP_Delta,0.0660744278447372,0.393528756360105,0.32745432851536777,495.5840545223115,Increase
BM_vs_AM,Delta,16,AF7,EN,Entropy,RAW_AF7_EN,5.402070317896118,4.4312525835332455,-0.9708177343628721,-17.97121616774817,Decrease
BM_vs_AM,Delta,16,AF7,HJ,Hjorth Activity,RAW_AF7_HJ_Activity,2379041.7577626063,102.7606220308099,-2378938.9971405757,-99.9956805877116,Decrease
BM_vs_AM,Delta,16,AF7,HJ,Hjorth Complexity,RAW_AF7_HJ_Complexity,1.3360557704385116,2.0835315943781207,0.7474758239396091,55.946453769237294,Increase
BM_vs_AM,Delta,16,AF7,HJ,Hjorth Mobility,RAW_AF7_HJ_Mobility,0.6578850144052335,0.389028320236409,-0.2688566941688245,-40.866821447800675,Decrease
BM_vs_AM,Delta,16,AF8,BP,Delta Band Power,RAW_AF8_BP_Delta,138523.78055178738,38.77667431343247,-138485.00387747394,-99.97200720760075,Decrease
BM_vs_AM,Delta,16,AF8,RP,Delta Relative Power,RAW_AF8_RP_Delta,0.0732181209202151,0.4514568846939457,0.37823876377373056,516.5917385204309,Increase
BM_vs_AM,Delta,16,AF8,EN,Entropy,RAW_AF8_EN,5.408314088127401,4.362767535500927,-1.0455465526264742,-19.3322084403661,Decrease
BM_vs_AM,Delta,16,AF8,HJ,Hjorth Activity,RAW_AF8_HJ_Activity,1878405.1254117736,136.18334934314163,-1878268.9420624303,-99.99275005442112,Decrease
BM_vs_AM,Delta,16,AF8,HJ,Hjorth Complexity,RAW_AF8_HJ_Complexity,1.3330563106297073,2.3893372895134863,1.056280978883779,79.23753636369753,Increase
BM_vs_AM,Delta,16,AF8,HJ,Hjorth Mobility,RAW_AF8_HJ_Mobility,0.6605259110770727,0.3508458880313443,-0.3096800230457284,-46.88385691649176,Decrease
BM_vs_AM,Delta,16,TP10,BP,Delta Band Power,RAW_TP10_BP_Delta,137735.24879409047,277.26276927313506,-137457.98602481734,-99.79869875598247,Decrease
BM_vs_AM,Delta,16,TP10,RP,Delta Relative Power,RAW_TP10_RP_Delta,0.0731401920778773,0.5117856896367656,0.4386454975588883,599.7324933079651,Increase
BM_vs_AM,Delta,16,TP10,EN,Entropy,RAW_TP10_EN,5.397372625723833,3.949592578116003,-1.4477800476078295,-26.823792759975877,Decrease
BM_vs_AM,Delta,16,TP10,HJ,Hjorth Activity,RAW_TP10_HJ_Activity,1923335.216230571,645.3773999213183,-1922689.8388306496,-99.96644488207384,Decrease
BM_vs_AM,Delta,16,TP10,HJ,Hjorth Complexity,RAW_TP10_HJ_Complexity,1.3431631809943758,2.720343106066736,1.3771799250723602,102.53258461513224,Increase
BM_vs_AM,Delta,16,TP10,HJ,Hjorth Mobility,RAW_TP10_HJ_Mobility,0.6506046515989521,0.267414461662643,-0.3831901899363091,-58.89754845658811,Decrease
BM_vs_AM,Delta,16,TP9,BP,Delta Band Power,RAW_TP9_BP_Delta,140169.21779405413,254.82580633464397,-139914.3919877195,-99.81820130671696,Decrease
BM_vs_AM,Delta,16,TP9,RP,Delta Relative Power,RAW_TP9_RP_Delta,0.0752585091081771,0.5020925692947515,0.42683406018657444,567.1572095230324,Increase
BM_vs_AM,Delta,16,TP9,EN,Entropy,RAW_TP9_EN,5.398197835951342,3.958633446904072,-1.4395643890472698,-26.667499650715758,Decrease
BM_vs_AM,Delta,16,TP9,HJ,Hjorth Activity,RAW_TP9_HJ_Activity,1968794.9712661651,635.3676653222409,-1968159.6036008429,-99.9677280938546,Decrease
BM_vs_AM,Delta,16,TP9,HJ,Hjorth Complexity,RAW_TP9_HJ_Complexity,1.337019580590384,2.849850658599023,1.512831078008639,113.14950805287552,Increase
BM_vs_AM,Delta,16,TP9,HJ,Hjorth Mobility,RAW_TP9_HJ_Mobility,0.6514694220485564,0.2660036317375188,-0.3854657903110376,-59.16866966663363,Decrease
BM_vs_AM,Delta,22,AF7,BP,Delta Band Power,RAW_AF7_BP_Delta,112023.51663089047,114418.71229907672,2395.1956681862503,2.138118620287783,Increase
BM_vs_AM,Delta,22,AF7,RP,Delta Relative Power,RAW_AF7_RP_Delta,0.0635817256557678,0.0648929281968965,0.0013112025411286948,2.062231761729086,Increase
BM_vs_AM,Delta,22,AF7,EN,Entropy,RAW_AF7_EN,5.3999669297383335,5.410265348820354,0.010298419082020338,0.1907126324293873,Increase
BM_vs_AM,Delta,22,AF7,HJ,Hjorth Activity,RAW_AF7_HJ_Activity,1809223.9113600615,1763575.2983294628,-45648.61303059873,-2.5231046717862005,Decrease
BM_vs_AM,Delta,22,AF7,HJ,Hjorth Complexity,RAW_AF7_HJ_Complexity,1.326075063429449,1.3265873760967986,0.0005123126673496348,0.03863376074840814,Increase
BM_vs_AM,Delta,22,AF7,HJ,Hjorth Mobility,RAW_AF7_HJ_Mobility,0.6660411735264513,0.6610808893059034,-0.00496028422054795,-0.7447413790179078,Decrease
BM_vs_AM,Delta,22,AF8,BP,Delta Band Power,RAW_AF8_BP_Delta,124404.03286947492,118441.17876361296,-5962.854105861959,-4.793135695301939,Decrease
BM_vs_AM,Delta,22,AF8,RP,Delta Relative Power,RAW_AF8_RP_Delta,0.0678654914391712,0.0628392534892507,-0.005026237949920506,-7.406176310423677,Decrease
BM_vs_AM,Delta,22,AF8,EN,Entropy,RAW_AF8_EN,5.408962706081951,5.412780899686869,0.0038181936049177523,0.07059012628474023,Increase
BM_vs_AM,Delta,22,AF8,HJ,Hjorth Activity,RAW_AF8_HJ_Activity,1886432.9714373616,1892275.5815501483,5842.610112786759,0.3097173449176411,Increase
BM_vs_AM,Delta,22,AF8,HJ,Hjorth Complexity,RAW_AF8_HJ_Complexity,1.3275641658781157,1.3325206171004091,0.00495645122229349,0.37334927754810643,Increase
BM_vs_AM,Delta,22,AF8,HJ,Hjorth Mobility,RAW_AF8_HJ_Mobility,0.6677402571944184,0.6601841379569224,-0.007556119237495995,-1.1315955801802084,Decrease
BM_vs_AM,Delta,22,TP10,BP,Delta Band Power,RAW_TP10_BP_Delta,99375.82238048212,101043.620316819,1667.7979363368795,1.6782733429378323,Increase
BM_vs_AM,Delta,22,TP10,RP,Delta Relative Power,RAW_TP10_RP_Delta,0.0626962171817164,0.0629236495549297,0.00022743237321329324,0.362752943377926,Increase
BM_vs_AM,Delta,22,TP10,EN,Entropy,RAW_TP10_EN,5.39939711322495,5.405810393447843,0.006413280222893114,0.11877770959251768,Increase
BM_vs_AM,Delta,22,TP10,HJ,Hjorth Activity,RAW_TP10_HJ_Activity,1672949.3427346323,1665972.8137696348,-6976.528964997502,-0.41701973794338243,Decrease
BM_vs_AM,Delta,22,TP10,HJ,Hjorth Complexity,RAW_TP10_HJ_Complexity,1.3203020254074849,1.3181902847580405,-0.0021117406494444158,-0.1599437559593737,Decrease
BM_vs_AM,Delta,22,TP10,HJ,Hjorth Mobility,RAW_TP10_HJ_Mobility,0.6632898243595722,0.6685488239200965,0.005258999560524336,0.7928660093047666,Increase
BM_vs_AM,Delta,22,TP9,BP,Delta Band Power,RAW_TP9_BP_Delta,109768.68942673656,104138.6142724784,-5630.0751542581565,-5.129035596271617,Decrease
BM_vs_AM,Delta,22,TP9,RP,Delta Relative Power,RAW_TP9_RP_Delta,0.067009759784707,0.0622888399812887,-0.004720919803418294,-7.045122708372557,Decrease
BM_vs_AM,Delta,22,TP9,EN,Entropy,RAW_TP9_EN,5.407884282592889,5.4031038640667886,-0.0047804185261002274,-0.08839720445734438,Decrease
BM_vs_AM,Delta,22,TP9,HJ,Hjorth Activity,RAW_TP9_HJ_Activity,1742170.3977314562,1666457.169488463,-75713.22824299312,-4.345914058784496,Decrease
BM_vs_AM,Delta,22,TP9,HJ,Hjorth Complexity,RAW_TP9_HJ_Complexity,1.323222577880914,1.3199797782340854,-0.003242799646828498,-0.24506834307662034,Decrease
BM_vs_AM,Delta,22,TP9,HJ,Hjorth Mobility,RAW_TP9_HJ_Mobility,0.6626358293389265,0.6669853576191667,0.004349528280240156,0.6563979923300297,Increase
BM_vs_AM,Delta,25,AF7,BP,Delta Band Power,RAW_AF7_BP_Delta,81422.21225056038,77078.5803903657,-4343.63186019467,-5.334701354991464,Decrease
BM_vs_AM,Delta,25,AF7,RP,Delta Relative Power,RAW_AF7_RP_Delta,0.0562860035376929,0.0544251251197867,-0.001860878417906199,-3.3061121787764334,Decrease
BM_vs_AM,Delta,25,AF7,EN,Entropy,RAW_AF7_EN,5.415429421852697,5.413381235132019,-0.002048186720678302,-0.037821316854639894,Decrease
BM_vs_AM,Delta,25,AF7,HJ,Hjorth Activity,RAW_AF7_HJ_Activity,1484059.0017824084,1477255.0432589552,-6803.958523453213,-0.4584695430088301,Decrease
BM_vs_AM,Delta,25,AF7,HJ,Hjorth Complexity,RAW_AF7_HJ_Complexity,1.3088610065368882,1.3114613194397269,0.002600312902838686,0.19866990382109762,Increase
BM_vs_AM,Delta,25,AF7,HJ,Hjorth Mobility,RAW_AF7_HJ_Mobility,0.6770029380231217,0.6707176409251387,-0.006285297097982978,-0.9284002690352159,Decrease
BM_vs_AM,Delta,25,AF8,BP,Delta Band Power,RAW_AF8_BP_Delta,110357.85856645288,110125.43578330496,-232.42278314792202,-0.2106082758102512,Decrease
BM_vs_AM,Delta,25,AF8,RP,Delta Relative Power,RAW_AF8_RP_Delta,0.0571846558040855,0.0535141785424551,-0.0036704772616304032,-6.418640122982378,Decrease
BM_vs_AM,Delta,25,AF8,EN,Entropy,RAW_AF8_EN,5.407930987749288,5.407180063423031,-0.0007509243262573406,-0.01388561222320379,Decrease
BM_vs_AM,Delta,25,AF8,HJ,Hjorth Activity,RAW_AF8_HJ_Activity,1952357.91743515,2062900.39555889,110542.47812374006,5.661998608787974,Increase
BM_vs_AM,Delta,25,AF8,HJ,Hjorth Complexity,RAW_AF8_HJ_Complexity,1.3129458453878795,1.3106003988379191,-0.002345446549960384,-0.1786400069888241,Decrease
BM_vs_AM,Delta,25,AF8,HJ,Hjorth Mobility,RAW_AF8_HJ_Mobility,0.6709767282236022,0.6758379238797583,0.004861195656156059,0.7244954186452903,Increase
BM_vs_AM,Delta,25,TP10,BP,Delta Band Power,RAW_TP10_BP_Delta,86709.0034763469,88670.10329939277,1961.0998230458645,2.261702642656742,Increase
BM_vs_AM,Delta,25,TP10,RP,Delta Relative Power,RAW_TP10_RP_Delta,0.0513956496613644,0.0539628600235197,0.002567210362155299,4.994995450140492,Increase
BM_vs_AM,Delta,25,TP10,EN,Entropy,RAW_TP10_EN,5.440273965338736,5.4387921960721695,-0.0014817692665669568,-0.02723703394365168,Decrease
BM_vs_AM,Delta,25,TP10,HJ,Hjorth Activity,RAW_TP10_HJ_Activity,1670650.497852893,1644977.6348813167,-25672.862971576396,-1.53669860958776,Decrease
BM_vs_AM,Delta,25,TP10,HJ,Hjorth Complexity,RAW_TP10_HJ_Complexity,1.3002322392547545,1.3106920973986975,0.010459858143943013,0.8044607592516103,Increase
BM_vs_AM,Delta,25,TP10,HJ,Hjorth Mobility,RAW_TP10_HJ_Mobility,0.6866985405595366,0.6822776144782761,-0.0044209260812605455,-0.6437943027603177,Decrease
BM_vs_AM,Delta,25,TP9,BP,Delta Band Power,RAW_TP9_BP_Delta,117098.95894110858,91863.58517546432,-25235.373765644254,-21.55046807746227,Decrease
BM_vs_AM,Delta,25,TP9,RP,Delta Relative Power,RAW_TP9_RP_Delta,0.0594766765138956,0.05270227129847,-0.006774405215425598,-11.390019773285225,Decrease
BM_vs_AM,Delta,25,TP9,EN,Entropy,RAW_TP9_EN,5.406350708979541,5.408935816814192,0.002585107834651268,0.04781613280021955,Increase
BM_vs_AM,Delta,25,TP9,HJ,Hjorth Activity,RAW_TP9_HJ_Activity,2010030.733685152,1806364.9059917247,-203665.8276934272,-10.132473313979144,Decrease
BM_vs_AM,Delta,25,TP9,HJ,Hjorth Complexity,RAW_TP9_HJ_Complexity,1.3083267378551298,1.3063837046124418,-0.0019430332426879637,-0.14851284365504686,Decrease
BM_vs_AM,Delta,25,TP9,HJ,Hjorth Mobility,RAW_TP9_HJ_Mobility,0.6748630736731025,0.6758929401704249,0.0010298664973223959,0.15260377067559838,Increase
BM_vs_AM,Delta,26,AF7,BP,Delta Band Power,RAW_AF7_BP_Delta,92344.44125478588,79204.15249535214,-13140.288759433737,-14.229647806497203,Decrease
BM_vs_AM,Delta,26,AF7,RP,Delta Relative Power,RAW_AF7_RP_Delta,0.0583088725934453,0.0507709790000631,-0.0075378935933821944,-12.92752416247121,Decrease
BM_vs_AM,Delta,26,AF7,EN,Entropy,RAW_AF7_EN,5.4135582203141945,5.405899005828222,-0.007659214485972399,-0.14148207471439864,Decrease
BM_vs_AM,Delta,26,AF7,HJ,Hjorth Activity,RAW_AF7_HJ_Activity,1552676.0061069322,1572893.4847092158,20217.478602283634,1.3021054310599853,Increase
BM_vs_AM,Delta,26,AF7,HJ,Hjorth Complexity,RAW_AF7_HJ_Complexity,1.3127460604373775,1.2999162288267376,-0.012829831610639886,-0.9773277557096819,Decrease
BM_vs_AM,Delta,26,AF7,HJ,Hjorth Mobility,RAW_AF7_HJ_Mobility,0.6721772994014085,0.6772199800420857,0.005042680640677255,0.7502009730420671,Increase
BM_vs_AM,Delta,26,AF8,BP,Delta Band Power,RAW_AF8_BP_Delta,93010.590336085,84122.05262092898,-8888.537715156024,-9.556479195582062,Decrease
BM_vs_AM,Delta,26,AF8,RP,Delta Relative Power,RAW_AF8_RP_Delta,0.0611052924509162,0.0551052820632147,-0.006000010387701496,-9.81913373955472,Decrease
BM_vs_AM,Delta,26,AF8,EN,Entropy,RAW_AF8_EN,5.410509100110826,5.406131679445073,-0.0043774206657527515,-0.08090589230619881,Decrease
BM_vs_AM,Delta,26,AF8,HJ,Hjorth Activity,RAW_AF8_HJ_Activity,1605178.1051987358,1575827.5784224286,-29350.526776307262,-1.8284903513976971,Decrease
BM_vs_AM,Delta,26,AF8,HJ,Hjorth Complexity,RAW_AF8_HJ_Complexity,1.3201478228924546,1.3076311114504846,-0.012516711441969974,-0.9481295370806095,Decrease
BM_vs_AM,Delta,26,AF8,HJ,Hjorth Mobility,RAW_AF8_HJ_Mobility,0.6709834354429853,0.6741127523912507,0.0031293169482653482,0.4663776753593572,Increase
BM_vs_AM,Delta,26,TP10,BP,Delta Band Power,RAW_TP10_BP_Delta,105016.30880065465,94525.16950867831,-10491.139291976331,-9.990009563077438,Decrease
BM_vs_AM,Delta,26,TP10,RP,Delta Relative Power,RAW_TP10_RP_Delta,0.0620341976281883,0.0630840162077522,0.0010498185795638978,1.69232233139558,Increase
BM_vs_AM,Delta,26,TP10,EN,Entropy,RAW_TP10_EN,5.423909464689805,5.41901493049396,-0.004894534195845068,-0.09023996856343156,Decrease
BM_vs_AM,Delta,26,TP10,HJ,Hjorth Activity,RAW_TP10_HJ_Activity,1694191.028761426,1592292.9860760474,-101898.04268537858,-6.014554495656448,Decrease
BM_vs_AM,Delta,26,TP10,HJ,Hjorth Complexity,RAW_TP10_HJ_Complexity,1.3201275847194092,1.3147859587788524,-0.00534162594055676,-0.4046295223572738,Decrease
BM_vs_AM,Delta,26,TP10,HJ,Hjorth Mobility,RAW_TP10_HJ_Mobility,0.6728241893619258,0.6724499671337985,-0.00037422222812732997,-0.05561961565059431,Decrease
BM_vs_AM,Delta,26,TP9,BP,Delta Band Power,RAW_TP9_BP_Delta,93058.39371121473,90624.61100300132,-2433.7827082134027,-2.6153285170235003,Decrease
BM_vs_AM,Delta,26,TP9,RP,Delta Relative Power,RAW_TP9_RP_Delta,0.0584814135188387,0.0567920565513187,-0.0016893569675199976,-2.8887074813535465,Decrease
BM_vs_AM,Delta,26,TP9,EN,Entropy,RAW_TP9_EN,5.408347643764636,5.4139605485781965,0.005612904813560249,0.1037822489098209,Increase
BM_vs_AM,Delta,26,TP9,HJ,Hjorth Activity,RAW_TP9_HJ_Activity,1632034.4545088462,1598799.7531702686,-33234.70133857755,-2.036397040930082,Decrease
BM_vs_AM,Delta,26,TP9,HJ,Hjorth Complexity,RAW_TP9_HJ_Complexity,1.3159993381230026,1.31561582447026,-0.0003835136527425842,-0.029142389485513422,Decrease
BM_vs_AM,Delta,26,TP9,HJ,Hjorth Mobility,RAW_TP9_HJ_Mobility,0.6726939478745825,0.6694261140735562,-0.003267833801026243,-0.48578314274287193,Decrease
BM_vs_AM,Delta,27,AF7,BP,Delta Band Power,RAW_AF7_BP_Delta,88274.91366004897,124360.24447825832,36085.330818209346,40.87835300204963,Increase
BM_vs_AM,Delta,27,AF7,RP,Delta Relative Power,RAW_AF7_RP_Delta,0.0487022863946599,0.0553788754216433,0.006676589026983398,13.708984775128489,Increase
BM_vs_AM,Delta,27,AF7,EN,Entropy,RAW_AF7_EN,5.4020556376483615,5.390819046212618,-0.011236591435743293,-0.20800584424626248,Decrease
BM_vs_AM,Delta,27,AF7,HJ,Hjorth Activity,RAW_AF7_HJ_Activity,1836532.0425238707,2245317.103104705,408785.0605808343,22.258531357778967,Increase
BM_vs_AM,Delta,27,AF7,HJ,Hjorth Complexity,RAW_AF7_HJ_Complexity,1.3110600158529195,1.3277969230501554,0.016736907197235862,1.2765935193552178,Increase
BM_vs_AM,Delta,27,AF7,HJ,Hjorth Mobility,RAW_AF7_HJ_Mobility,0.6952448130795837,0.6718662036934356,-0.023378609386148108,-3.3626442004784853,Decrease
BM_vs_AM,Delta,27,AF8,BP,Delta Band Power,RAW_AF8_BP_Delta,107242.12113697536,101711.55616770413,-5530.564969271232,-5.157082786722672,Decrease
BM_vs_AM,Delta,27,AF8,RP,Delta Relative Power,RAW_AF8_RP_Delta,0.0574952274659018,0.0561710281829585,-0.0013241992829432989,-2.30314643720408,Decrease
BM_vs_AM,Delta,27,AF8,EN,Entropy,RAW_AF8_EN,5.41088148060533,5.414411312721377,0.0035298321160475155,0.06523580545424594,Increase
BM_vs_AM,Delta,27,AF8,HJ,Hjorth Activity,RAW_AF8_HJ_Activity,1870098.5633645216,1863800.4609110272,-6298.1024534944445,-0.3367791717974178,Decrease
BM_vs_AM,Delta,27,AF8,HJ,Hjorth Complexity,RAW_AF8_HJ_Complexity,1.317636436588515,1.3158286613846988,-0.001807775203816142,-0.13719833131638667,Decrease
BM_vs_AM,Delta,27,AF8,HJ,Hjorth Mobility,RAW_AF8_HJ_Mobility,0.6712848778739595,0.676379930061278,0.005095052187318427,0.7589999946751481,Increase
BM_vs_AM,Delta,27,TP10,BP,Delta Band Power,RAW_TP10_BP_Delta,51471.44994191016,56544.69857040744,5073.2486284972765,9.856432321651832,Increase
BM_vs_AM,Delta,27,TP10,RP,Delta Relative Power,RAW_TP10_RP_Delta,0.0319591293792105,0.0363349952646862,0.004375865885475699,13.692068496466028,Increase
BM_vs_AM,Delta,27,TP10,EN,Entropy,RAW_TP10_EN,5.098271443078774,5.072002194103545,-0.026269248975228976,-0.5152579510235993,Decrease
BM_vs_AM,Delta,27,TP10,HJ,Hjorth Activity,RAW_TP10_HJ_Activity,1657639.1886799326,1664944.2290528724,7305.04037293978,0.4406894107491014,Increase
BM_vs_AM,Delta,27,TP10,HJ,Hjorth Complexity,RAW_TP10_HJ_Complexity,1.2202858636476703,1.21946214221905,-0.0008237214286204164,-0.06750233311382907,Decrease
BM_vs_AM,Delta,27,TP10,HJ,Hjorth Mobility,RAW_TP10_HJ_Mobility,0.7798253078247976,0.7762271010509723,-0.0035982067738253853,-0.46141190055270553,Decrease
BM_vs_AM,Delta,27,TP9,BP,Delta Band Power,RAW_TP9_BP_Delta,52480.66457134248,35123.44173322671,-17357.22283811577,-33.07355762334197,Decrease
BM_vs_AM,Delta,27,TP9,RP,Delta Relative Power,RAW_TP9_RP_Delta,0.0351726512439463,0.025217120761782,-0.009955530482164299,-28.304748519285372,Decrease
BM_vs_AM,Delta,27,TP9,EN,Entropy,RAW_TP9_EN,5.1805792517206815,4.774775924523766,-0.4058033271969155,-7.833165124578138,Decrease
BM_vs_AM,Delta,27,TP9,HJ,Hjorth Activity,RAW_TP9_HJ_Activity,1456025.4466917105,1369036.749940462,-86988.69675124856,-5.97439398802396,Decrease
BM_vs_AM,Delta,27,TP9,HJ,Hjorth Complexity,RAW_TP9_HJ_Complexity,1.2807848600980374,1.1739775687771157,-0.1068072913209217,-8.339206267065506,Decrease
BM_vs_AM,Delta,27,TP9,HJ,Hjorth Mobility,RAW_TP9_HJ_Mobility,0.7357754768740103,0.8068481713635266,0.07107269448951625,9.659562831785749,Increase
BM_vs_AM,Delta,28,AF7,BP,Delta Band Power,RAW_AF7_BP_Delta,119441.91729781806,135576.263835995,16134.346538176935,13.50811080665035,Increase
BM_vs_AM,Delta,28,AF7,RP,Delta Relative Power,RAW_AF7_RP_Delta,0.0510883174434219,0.0580402777796396,0.0069519603362177,13.607730072372604,Increase
BM_vs_AM,Delta,28,AF7,EN,Entropy,RAW_AF7_EN,5.393222927887965,5.41724743215844,0.024024504270474978,0.4454572820686867,Increase
BM_vs_AM,Delta,28,AF7,HJ,Hjorth Activity,RAW_AF7_HJ_Activity,2417152.23718791,2376004.4661645675,-41147.771023342386,-1.7023243464058053,Decrease
BM_vs_AM,Delta,28,AF7,HJ,Hjorth Complexity,RAW_AF7_HJ_Complexity,1.310449788104092,1.3177826513614517,0.007332863257359712,0.5595684263468511,Increase
BM_vs_AM,Delta,28,AF7,HJ,Hjorth Mobility,RAW_AF7_HJ_Mobility,0.689955448180452,0.6941815291471891,0.004226080966737156,0.6125150512083297,Increase
BM_vs_AM,Delta,28,AF8,BP,Delta Band Power,RAW_AF8_BP_Delta,132592.62678212044,134566.1303748939,1973.503592773457,1.4883961805933357,Increase
BM_vs_AM,Delta,28,AF8,RP,Delta Relative Power,RAW_AF8_RP_Delta,0.0671976794847987,0.0602466956188712,-0.006950983865927497,-10.344083187426037,Decrease
BM_vs_AM,Delta,28,AF8,EN,Entropy,RAW_AF8_EN,5.405093223255858,5.405747979805701,0.0006547565498431496,0.012113695782822129,Increase
BM_vs_AM,Delta,28,AF8,HJ,Hjorth Activity,RAW_AF8_HJ_Activity,2088965.51203854,2265306.333873729,176340.82183518913,8.441538207258624,Increase
BM_vs_AM,Delta,28,AF8,HJ,Hjorth Complexity,RAW_AF8_HJ_Complexity,1.3329367008962074,1.3260234998890463,-0.006913201007161085,-0.5186443589191412,Decrease
BM_vs_AM,Delta,28,AF8,HJ,Hjorth Mobility,RAW_AF8_HJ_Mobility,0.6566525245188755,0.6659716567776843,0.009319132258808871,1.419187760777579,Increase
BM_vs_AM,Delta,28,TP10,BP,Delta Band Power,RAW_TP10_BP_Delta,51395.95833756328,53699.774283986495,2303.815946423216,4.482484656268094,Increase
BM_vs_AM,Delta,28,TP10,RP,Delta Relative Power,RAW_TP10_RP_Delta,0.0276823584664797,0.0284019122248709,0.0007195537583912018,2.5993224502980934,Increase
BM_vs_AM,Delta,28,TP10,EN,Entropy,RAW_TP10_EN,4.927354025867812,4.904206683602423,-0.02314734226538917,-0.4697722579678538,Decrease
BM_vs_AM,Delta,28,TP10,HJ,Hjorth Activity,RAW_TP10_HJ_Activity,1921277.084673975,1916853.6844417136,-4423.40023226128,-0.23023229015464447,Decrease
BM_vs_AM,Delta,28,TP10,HJ,Hjorth Complexity,RAW_TP10_HJ_Complexity,1.2237695752701527,1.218310942973385,-0.005458632296767796,-0.446050662402093,Decrease
BM_vs_AM,Delta,28,TP10,HJ,Hjorth Mobility,RAW_TP10_HJ_Mobility,0.773752368412064,0.7794494142180644,0.005697045806000389,0.7362879958212175,Increase
BM_vs_AM,Delta,28,TP9,BP,Delta Band Power,RAW_TP9_BP_Delta,56355.14351297628,50918.221005571104,-5436.922507405179,-9.647606533294123,Decrease
BM_vs_AM,Delta,28,TP9,RP,Delta Relative Power,RAW_TP9_RP_Delta,0.0243539915160366,0.0245665475989773,0.0002125560829406986,0.8727771905510224,Increase
BM_vs_AM,Delta,28,TP9,EN,Entropy,RAW_TP9_EN,4.807003126042359,4.903531451616752,0.09652832557439339,2.008077029354168,Increase
BM_vs_AM,Delta,28,TP9,HJ,Hjorth Activity,RAW_TP9_HJ_Activity,2279346.07881436,2199199.775219622,-80146.30359473778,-3.516197226023142,Decrease
BM_vs_AM,Delta,28,TP9,HJ,Hjorth Complexity,RAW_TP9_HJ_Complexity,1.1904743891428882,1.193102357559754,0.0026279684168657447,0.2207496810374742,Increase
BM_vs_AM,Delta,28,TP9,HJ,Hjorth Mobility,RAW_TP9_HJ_Mobility,0.7913170447646674,0.785834641792345,-0.005482402972322387,-0.6928200281535473,Decrease
